533289525165993	533289550676694	533289532338519
533289541694313	533289567303932	533289547866880
533289558381366	533289583907733	533289564691221
533289574361509	533289600607928	533289582265440
533289591005104	533289617189349	533289598703021
533289608634011	533289633806008	533289615123797
533289624460793	533289650534523	533289631861997
533289640866514	533289667113706	533289649153623
533289657482521	533289683713071	533289664223325
533289674126890	533289700387551	533289681599668
533289691565000	533289716966164	533289698101255
533289708419411	533289733675474	533289714219094
533289724612852	533289750245990	533289733712258
533289741206236	533289766899066	533289748987119
533289757692564	533289783669248	533289764952411
533289774707334	533289800140521	533289782604795
533289790691587	533289816792010	533289798556008
533289808303688	533289833463804	533289815204079
533289825148374	533289850086525	533289836143939
533289842002622	533289866674823	533289850581398
533289856430845	533289883307188	533289863779030
533289873045713	533289899947121	533289879042336
533289889797748	533289916577207	533289895740415
533289906507505	533289933207904	533289912276385
533289923060728	533289949846535	533289929510191
533289940102069	533289966509906	533289948681862
533289956502704	533289983125100	533289963378884
533289972917417	533289999767352	533289978731504
533289989595436	533290016392149	533289995761656
533290006087380	533290033018044	533290012067442
533290022862486	533290049660134	533290029762429
533290043567482	533290066313617	533290045275938
533290056491351	533290082925189	533290062461566
533290073238381	533290099644061	533290081214008
533290089958596	533290116190896	533290097792051
533290106310402	533290132844948	533290113921527
533290123306374	533290149486672	533290130862974
533290139695778	533290166114968	533290146429055
533290156751931	533290182728697	533290163411070
533290173574359	533290199364113	533290179976540
533290189931659	533290216001320	533290196522723
533290211578387	533290232635028	533290212136941
533290239811338	533290265922626	533290240347471
533290256481382	533290282554218	533290257282489
533290273530007	533290299171283	533290279237445
533290289796934	533290315807269	533290296224302
533290306272113	533290332435240	533290313881203
533290323359800	533290349095844	533290329410988
533290340543720	533290365815082	533290347582945
533290356107603	533290382334939	533290365768207
533290373354429	533290398979348	533290379112527
533290389621356	533290415619851	533290394474587
533290405894183	533290432233051	533290411345030
533290422615375	533290448870136	533290428668801
533290439248147	533290465535541	533290444619281
533290455589211	533290482147357	533290462632790
533290472198830	533290498775124	533290478749001
533290489533710	533290515415261	533290495557758
533290505412697	533290532044859	533290511727761
533290522085793	533290548679543	533290529028339
533290539034646	533290565317401	533290547807717
533290557302387	533290581954608	533290561952899
533290571720884	533290598586526	533290578643410

533290804324807	533290831462746	533290804765562
533290821050393	533290848143655	533290822902607
533290837256855	533290864734434	533290849605121
533290853946348	533290881366148	533290866964415
533290870713113	533290897995014	533290880734149
533290887567035	533290914627664	533290892324604
533290904807473	533290931271991	533290907347227
533290922089171	533290947900165	533290924580300
533290938510232	533290964592263	533290941266580
533290955953795	533290981164285	533290959051532
533290971817686	533290997805235	533290973429340
533290988953103	533291014438577	533290990219664
533291005453632	533291031066669	533291007601296
533291022352924	533291047722146	533291024897113
533291038722431	533291064338642	533291042331399
533291055705097	533291080988219	533291059306741
533291072368305	533291097611265	533291076777200
533291088584003	533291114245339	533291093110411
533291105191547	533291130870502	533291110355976
533291121760557	533291147533995	533291127809955
533291138360737	533291164142393	533291146011086
533291155026752	533291180783181	533291160994200
533291171004332	533291197418476	533291177666930
533291187643655	533291214047870	533291194213154
533291204324238	533291230698587	533291210923806
533291220977883	533291247309874	533291227664936
533291236792703	533291263948587	533291244432188
533291253428201	533291280654845	533291260916930
533291269722065	533291297223611	533291277766010
533291286558531	533291313927713	533291294240823
533291303212991	533291330485004	533291310616840
533291319729023	533291347118590	533291327668720
533291336484923	533291363751769	533291344322040
533291353178974	533291380391620	533291360687519
533291370063333	533291397027119	533291377588194
533291386679381	533291413651671	533291394202289
533291403423969	533291430294981	533291410835102
533291420153787	533291446928852	533291427816873
533291436834125	533291463592182	533291446631977
533291453689675	533291480177997	533291462078185
533291470141987	533291496828795	533291475302550
533291489511453	533291513448343	533291492060403
533291504324238	533291530093972	533291509811054
533291520893085	533291546725239	533291527149636
533291537715229	533291563364033	533291544056049
533291554459410	533291579996398	533291560243509
533291571097187	533291596629251	533291576931538
533291587980691	533291613258645	533291593670795
533291604276874	533291629900206	533291610222309
533291621444680	533291646527607	533291626907205
533291637162250	533291663167052	533291645120624
533291653595926	533291679795673	533291660271625
533291670202859	533291696429910	533291676940123
533291689647114	533291713085265	533291694002379
533291703121886	533291729708759	533291712232482
533291719585957	533291746342874	533291727301655
533291735971862	533291762969501	533291744816466
533291752521992	533291779605976	533291760565856
533291769017190	533291796232319	533291777133564
533291785857807	533291812876158	533291793791238
533291802190571	533291829553079	533291810372008
533291818815571	533291846142597	533291826900979
533291835377949	533291862782775	533291844105040

533291353178974	533291380391620	533291360687519
533291370063333	533291397027119	533291377588194
533291386679381	533291413651671	533291394202289
533291403423969	533291430294981	533291410835102
533291420153787	533291446928852	533291427816873
533291436834125	533291463592182	533291446631977
533291453689675	533291480177997	533291462078185
533291470141987	533291496828795	533291475302550
533291489511453	533291513448343	533291492060403
533291504324238	533291530093972	533291509811054
533291520893085	533291546725239	533291527149636
533291537715229	533291563364033	533291544056049
533291554459410	533291579996398	533291560243509
533291571097187	533291596629251	533291576931538
533291587980691	533291613258645	533291593670795
533291604276874	533291629900206	533291610222309
533291621444680	533291646527607	533291626907205
533291637162250	533291663167052	533291645120624
533291653595926	533291679795673	533291660271625
533291670202859	533291696429910	533291676940123
533291689647114	533291713085265	533291694002379
533291703121886	533291729708759	533291712232482
533291719585957	533291746342874	533291727301655
533291735971862	533291762969501	533291744816466
533291752521992	533291779605976	533291760565856
533291769017190	533291796232319	533291777133564
533291785857807	533291812876158	533291793791238
533291802190571	533291829553079	533291810372008
533291818815571	533291846142597	533291826900979
533291835377949	533291862782775	533291844105040
533291852250182	533291879408222	533291860136656
533291868812397	533291896041849	533291876523701
533291885323750	533291912684712	533291893141214
533291902209817	533291929306456	533291909461445
533291918920022	533291945942931	533291926078307
533291935956725	533291962582620	533291944632750
533291952728860	533291979213154	533291960288390
533291969604104	533291995854186	533291976880716
533291986588154	533292012483784	533291993664570
533292003170958	533292029122008	533292011445413
533292019653665	533292045752420	533292026322854
533292036730285	533292062385924	533292043564635
533292053747985	533292079016214	533292059353738
533292069905781	533292095659850	533292075968606
533292087162454	533292112285542	533292094698709
533292103389749	533292128927550	533292109135151
533292119947692	533292145591694	533292125731017
533292136924498	533292162192687	533292143038756
533292153256815	533292178830993	533292158831481
533292170058003	533292195465555	533292175626769
533292186524108	533292212108458	533292192304137
533292202669371	533292228732645	533292208747415
533292218758035	533292245365661	533292225449726
533292235536966	533292261991678	533292242697041
533292251969095	533292278633320	533292258565042
533292268592345	533292295275329	533292275027200
533292284890766	533292311897969	533292291498351
533292301457742	533292328561095	533292310072244
533292318110696	533292345176614	533292324569437
533292334620950	533292361817524	533292345037169
533292351337381	533292378441507	533292357980081
533292368311299	533292395066833	533292374689066
533292385010924	533292411714131	533292391385762

533291986588154	533292012483784	533291993664570
533292003170958	533292029122008	533292011445413
533292019653665	533292045752420	533292026322854
533292036730285	533292062385924	533292043564635
533292053747985	533292079016214	533292059353738
533292069905781	533292095659850	533292075968606
533292087162454	533292112285542	533292094698709
533292103389749	533292128927550	533292109135151
533292119947692	533292145591694	533292125731017
533292136924498	533292162192687	533292143038756
533292153256815	533292178830993	533292158831481
533292170058003	533292195465555	533292175626769
533292186524108	533292212108458	533292192304137
533292202669371	533292228732645	533292208747415
533292218758035	533292245365661	533292225449726
533292235536966	533292261991678	533292242697041
533292251969095	533292278633320	533292258565042
533292268592345	533292295275329	533292275027200
533292284890766	533292311897969	533292291498351
533292301457742	533292328561095	533292310072244
533292318110696	533292345176614	533292324569437
533292334620950	533292361817524	533292345037169
533292351337381	533292378441507	533292357980081
533292368311299	533292395066833	533292374689066
533292385010924	533292411714131	533292391385762
533292401271382	533292428335591	533292407855854
533292417871072	533292444968485	533292424245137
533292434464416	533292461610737	533292441709126
533292451226012	533292478247578	533292457585469
533292468277974	533292494871886	533292474228942
533292485453185	533292511505106	533292491161763
533292503613463	533292528140482	533292508683125
533292518865376	533292544780618	533292524383076
533292536002990	533292561411925	533292542995910
533292552429544	533292578040832	533292558649311
533292568748310	533292594688903	533292574600646
533292586022236	533292611321593	533292592698180
533292602088073	533292627979471	533292609983214
533292620202860	533292644610697	533292624467752
533292634690978	533292661205667	533292641730651
533292652132751	533292677846374	533292657931823
533292668893127	533292694476175	533292674993143
533292685545389	533292711110534	533292691949198
533292702130594	533292727759175	533292707178242
533292718558328	533292744387471	533292724133198
533292735627420	533292761026753	533292740929870
533292751760640	533292777657816	533292757392964
533292767901224	533292794282979	533292774026509
533292785333556	533292810926981	533292790753356
533292801201069	533292827630676	533292806905456
533292818362975	533292844192687	533292823949401
533292834819233	533292860823994	533292840834818
533292850744486	533292877475890	533292857676371
533292867006815	533292894103006	533292875146301
533292883540099	533292910729064	533292892153421
533292900539733	533292927360534	533292908379862
533292916754943	533292944018859	533292923692443
533292933260111	533292960696187	533292940439758
533292950253234	533292977272236	533292957636087
533292967192565	533292993908630	533292973852559
533292983681782	533293010553568	533292991515807
533292999970926	533293027236185	533293007046854
533293016548848	533293043817443	533293024131083

533292568748310	533292594688903	533292574600646
533292586022236	533292611321593	533292592698180
533292602088073	533292627979471	533292609983214
533292620202860	533292644610697	533292624467752
533292634690978	533292661205667	533292641730651
533292652132751	533292677846374	533292657931823
533292668893127	533292694476175	533292674993143
533292685545389	533292711110534	533292691949198
533292702130594	533292727759175	533292707178242
533292718558328	533292744387471	533292724133198
533292735627420	533292761026753	533292740929870
533292751760640	533292777657816	533292757392964
533292767901224	533292794282979	533292774026509
533292785333556	533292810926981	533292790753356
533292801201069	533292827630676	533292806905456
533292818362975	533292844192687	533292823949401
533292834819233	533292860823994	533292840834818
533292850744486	533292877475890	533292857676371
533292867006815	533292894103006	533292875146301
533292883540099	533292910729064	533292892153421
533292900539733	533292927360534	533292908379862
533292916754943	533292944018859	533292923692443
533292933260111	533292960696187	533292940439758
533292950253234	533292977272236	533292957636087
533292967192565	533292993908630	533292973852559
533292983681782	533293010553568	533292991515807
533292999970926	533293027236185	533293007046854
533293016548848	533293043817443	533293024131083
533293033393249	533293060437601	533293042485900
533293050353169	533293077071919	533293058157897
533293067084126	533293093697936	533293073549295
533293084202697	533293110368224	533293090562723
533293101016377	533293126984069	533293106982482
533293117982075	533293143622497	533293123951110
533293135558491	533293160244608	533293140436747
533293150803975	533293176878478	533293156833923
533293168001118	533293193512267	533293174907613
533293184364278	533293210192077	533293190402445
533293201419331	533293226787577	533293210662373
533293217341450	533293243414408	533293224706278
533293234141499	533293260066345	533293239203267
533293250397847	533293276712544	533293256497131
533293266835672	533293293309102	533293273681294
533293283043843	533293309937438	533293289089172
533293299940734	533293326587666	533293305170186
533293316416280	533293343200866	533293321809509
533293332877665	533293359847880	533293339644022
533293349541687	533293376487040	533293356242167
533293366228983	533293393113911	533293374039164
533293382862731	533293409748311	533293391364725
533293399298726	533293426386739	533293406499328
533293415878845	533293443026550	533293423081278
533293432526916	533293459662740	533293440050598
533293449170634	533293476308003	533293456808654
533293465861714	533293492969462	533293472863586
533293482627909	533293509599141	533293490205505
533293499296814	533293526191182	533293508754496
533293515912943	533293542834289	533293522881327
533293533058247	533293559458394	533293539950337
533293549460144	533293576131490	533293557906148
533293566007303	533293592740702	533293573464253
533293582861755	533293609369486	533293589823059
533293599329976	533293626003723	533293605749288

533293150803975	533293176878478	533293156833923
533293168001118	533293193512267	533293174907613
533293184364278	533293210192077	533293190402445
533293201419331	533293226787577	533293210662373
533293217341450	533293243414408	533293224706278
533293234141499	533293260066345	533293239203267
533293250397847	533293276712544	533293256497131
533293266835672	533293293309102	533293273681294
533293283043843	533293309937438	533293289089172
533293299940734	533293326587666	533293305170186
533293316416280	533293343200866	533293321809509
533293332877665	533293359847880	533293339644022
533293349541687	533293376487040	533293356242167
533293366228983	533293393113911	533293374039164
533293382862731	533293409748311	533293391364725
533293399298726	533293426386739	533293406499328
533293415878845	533293443026550	533293423081278
533293432526916	533293459662740	533293440050598
533293449170634	533293476308003	533293456808654
533293465861714	533293492969462	533293472863586
533293482627909	533293509599141	533293490205505
533293499296814	533293526191182	533293508754496
533293515912943	533293542834289	533293522881327
533293533058247	533293559458394	533293539950337
533293549460144	533293576131490	533293557906148
533293566007303	533293592740702	533293573464253
533293582861755	533293609369486	533293589823059
533293599329976	533293626003723	533293605749288
533293616687723	533293642625183	533293622625874
533293633025289	533293659261291	533293639047221
533293649889262	533293675896952	533293656411071
533293666937154	533293692525818	533293672251770
533293683361796	533293709188700	533293689147929
533293699972920	533293725798807	533293705905334
533293716826599	533293742430399	533293722452901
533293733827453	533293759061340	533293739320292
533293749899963	533293775697082	533293756159037
533293766608866	533293792341491	533293772426615
533293783340515	533293808967102	533293789135966
533293799775736	533293825620829	533293807157084
533293815517069	533293842279276	533293822342509
533293832154114	533293858871480	533293839185811
533293848648783	533293875503153	533293856066874
533293864996887	533293892144511	533293872113586
533293882157206	533293908779887	533293888946146
533293898309794	533293925405131	533293905723978
533293915699686	533293942077128	533293923016703
533293931782938	533293958670837	533293940359843
533293949020650	533293975317077	533293958618591
533293964585469	533293991957825	533293973330749
533293981514872	533294008608785	533293990592590
533293998194397	533294025299947	533294006284892
533294015038594	533294041838521	533294022695740
533294031912536	533294058485453	533294039264058
533294048776347	533294075136454	533294056163757
533294065293314	533294091791687	533294072349182
533294082771627	533294108403056	533294091814189
533294100507711	533294125036275	533294107967265
533294117263936	533294141669291	533294118881327
533294132801981	533294158296407	533294136787008
533294149531311	533294174928121	533294153526998
533294166023743	533294191645894	533294170713196
533294183719503	533294208190328	533294189349263

533293716826599	533293742430399	533293722452901
533293733827453	533293759061340	533293739320292
533293749899963	533293775697082	533293756159037
533293766608866	533293792341491	533293772426615
533293783340515	533293808967102	533293789135966
533293799775736	533293825620829	533293807157084
533293815517069	533293842279276	533293822342509
533293832154114	533293858871480	533293839185811
533293848648783	533293875503153	533293856066874
533293864996887	533293892144511	533293872113586
533293882157206	533293908779887	533293888946146
533293898309794	533293925405131	533293905723978
533293915699686	533293942077128	533293923016703
533293931782938	533293958670837	533293940359843
533293949020650	533293975317077	533293958618591
533293964585469	533293991957825	533293973330749
533293981514872	533294008608785	533293990592590
533293998194397	533294025299947	533294006284892
533294015038594	533294041838521	533294022695740
533294031912536	533294058485453	533294039264058
533294048776347	533294075136454	533294056163757
533294065293314	533294091791687	533294072349182
533294082771627	533294108403056	533294091814189
533294100507711	533294125036275	533294107967265
533294117263936	533294141669291	533294118881327
533294132801981	533294158296407	533294136787008
533294149531311	533294174928121	533294153526998
533294166023743	533294191645894	533294170713196
533294183719503	533294208190328	533294189349263
533294199307312	533294224829081	533294204564758
533294217399882	533294241468119	533294222449117
533294232427266	533294258080546	533294238935811
533294249446025	533294274736796	533294255646505
533294265060567	533294291375509	533294270364726
533294281819885	533294307994161	533294286797872
533294298138733	533294324627218	533294303446960
533294314652283	533294341259094	533294320337382
533294332189026	533294357920553	533294339280131
533294347822164	533294374609436	533294355952169
533294364338521	533294391159566	533294371672750
533294381365499	533294407799784	533294388392802
533294397417460	533294424429708	533294406397441
533294413573059	533294441071554	533294421372904
533294430085103	533294457757182	533294438885274
533294446788473	533294474381205	533294455558736
533294463470846	533294490980652	533294474035706
533294480380229	533294507636454	533294489979187
533294497103088	533294524242574	533294505158508
533294514087382	533294540863546	533294522638692
533294531137431	533294557506978	533294538390116
533294547557068	533294574140523	533294554187765
533294564230082	533294590780457	533294571229106
533294580923523	533294607430440	533294587459574
533294597729391	533294624083028	533294603821635
533294614824321	533294640677633	533294620324280
533294631840800	533294657313334	533294637287048
533294648072734	533294673941345	533294654669129
533294664687724	533294690592021	533294670938009
533294681409159	533294707205302	533294687837667
533294698203756	533294723850200	533294705567159
533294714651510	533294740478902	533294720663473
533294731284160	533294757122945	533294737476786
533294747809835	533294773747335	533294753944112

533294332189026	533294357920553	533294339280131
533294347822164	533294374609436	533294355952169
533294364338521	533294391159566	533294371672750
533294381365499	533294407799784	533294388392802
533294397417460	533294424429708	533294406397441
533294413573059	533294441071554	533294421372904
533294430085103	533294457757182	533294438885274
533294446788473	533294474381205	533294455558736
533294463470846	533294490980652	533294474035706
533294480380229	533294507636454	533294489979187
533294497103088	533294524242574	533294505158508
533294514087382	533294540863546	533294522638692
533294531137431	533294557506978	533294538390116
533294547557068	533294574140523	533294554187765
533294564230082	533294590780457	533294571229106
533294580923523	533294607430440	533294587459574
533294597729391	533294624083028	533294603821635
533294614824321	533294640677633	533294620324280
533294631840800	533294657313334	533294637287048
533294648072734	533294673941345	533294654669129
533294664687724	533294690592021	533294670938009
533294681409159	533294707205302	533294687837667
533294698203756	533294723850200	533294705567159
533294714651510	533294740478902	533294720663473
533294731284160	533294757122945	533294737476786
533294747809835	533294773747335	533294753944112
533294764411194	533294790393657	533294770780742
533294781164531	533294807038717	533294787351339
533294798929220	533294823667623	533294804051331
533294813978821	533294840293356	533294820695496
533294830687561	533294856914002	533294837341085
533294846915955	533294873698629	533294853871847
533294863196025	533294890180563	533294871919251
533294879720764	533294906828878	533294888443909
533294896411723	533294923499044	533294903724101
533294913204366	533294940109274	533294921615458
533294929574402	533294956732565	533294938924866
533294946039653	533294973363424	533294953707825
533294962967957	533294990037537	533294970925721
533294979422750	533295006920472	533294987197897
533294996320577	533295023258199	533295008264995
533295012776510	533295039910869	533295022378235
533295029668844	533295056521464	533295034794902
533295046547425	533295073158020	533295051369975
533295063348002	533295089808208	533295068805481
533295080498271	533295106435852	533295086130270
533295097298971	533295123063050	533295102943543
533295113826966	533295139705424	533295120839213
533295130458151	533295156348694	533295137176005
533295147288147	533295172978943	533295154719381
533295163787008	533295189688009	533295171932760
533295180901551	533295206243348	533295189397278
533295197692851	533295222862854	533295204729391
533295214007833	533295239500061	533295217118917
533295230886414	533295256129130	533295233916972
533295247136333	533295272769878	533295250419414
533295263255839	533295289416810	533295267477560
533295279807068	533295306094178	533295285641134
533295296640564	533295322666281	533295306709493
533295312628520	533295339302837	533295319882020
533295329319601	533295355941020	533295334193868
533295345841167	533295372576844	533295350588156
533295362307150	533295389204651	533295367616883

533294913204366	533294940109274	533294921615458
533294929574402	533294956732565	533294938924866
533294946039653	533294973363424	533294953707825
533294962967957	533294990037537	533294970925721
533294979422750	533295006920472	533294987197897
533294996320577	533295023258199	533295008264995
533295012776510	533295039910869	533295022378235
533295029668844	533295056521464	533295034794902
533295046547425	533295073158020	533295051369975
533295063348002	533295089808208	533295068805481
533295080498271	533295106435852	533295086130270
533295097298971	533295123063050	533295102943543
533295113826966	533295139705424	533295120839213
533295130458151	533295156348694	533295137176005
533295147288147	533295172978943	533295154719381
533295163787008	533295189688009	533295171932760
533295180901551	533295206243348	533295189397278
533295197692851	533295222862854	533295204729391
533295214007833	533295239500061	533295217118917
533295230886414	533295256129130	533295233916972
533295247136333	533295272769878	533295250419414
533295263255839	533295289416810	533295267477560
533295279807068	533295306094178	533295285641134
533295296640564	533295322666281	533295306709493
533295312628520	533295339302837	533295319882020
533295329319601	533295355941020	533295334193868
533295345841167	533295372576844	533295350588156
533295362307150	533295389204651	533295367616883
533295378940817	533295405849142	533295384257549
533295395475281	533295422486593	533295400861023
533295411852112	533295439108582	533295418578960
533295428354106	533295455740988	533295435293722
533295445002991	533295472393494	533295452479472
533295461538961	533295489018169	533295470317648
533295478469666	533295505643576	533295486691346
533295495095765	533295522289328	533295503179424
533295511882101	533295538921530	533295519834249
533295528493063	533295555590109	533295536726583
533295544970114	533295572197083	533295553208029
533295561943380	533295588830018	533295570907695
533295578724264	533295605470561	533295586679627
533295595327414	533295622092103	533295604909445
533295612076762	533295638723450	533295619488546
533295628887960	533295655355612	533295636350403
533295646050151	533295672004497	533295652905823
533295662244935	533295688642640	533295670172995
533295678928325	533295705258851	533295686287375
533295696139832	533295721900981	533295703564962
533295712575013	533295738600363	533295719227357
533295729251567	533295755170716	533295736130596
533295746176738	533295771787212	533295753581523
533295762963400	533295788431540	533295770182760
533295779284241	533295805058208	533295785837993
533295796157329	533295821698385	533295802630351
533295812494284	533295838336976	533295825798646
533295828861024	533295854967347	533295840540223
533295845957744	533295871597392	533295853457500
533295862209534	533295888256287	533295867135885
533295879429709	533295904880514	533295883567811
533295894988343	533295921496237	533295901670146
533295911206116	533295938131328	533295916852072
533295927532939	533295954762228	533295933046286
533295944381125	533295971453797	533295949829326

533295528493063	533295555590109	533295536726583
533295544970114	533295572197083	533295553208029
533295561943380	533295588830018	533295570907695
533295578724264	533295605470561	533295586679627
533295595327414	533295622092103	533295604909445
533295612076762	533295638723450	533295619488546
533295628887960	533295655355612	533295636350403
533295646050151	533295672004497	533295652905823
533295662244935	533295688642640	533295670172995
533295678928325	533295705258851	533295686287375
533295696139832	533295721900981	533295703564962
533295712575013	533295738600363	533295719227357
533295729251567	533295755170716	533295736130596
533295746176738	533295771787212	533295753581523
533295762963400	533295788431540	533295770182760
533295779284241	533295805058208	533295785837993
533295796157329	533295821698385	533295802630351
533295812494284	533295838336976	533295825798646
533295828861024	533295854967347	533295840540223
533295845957744	533295871597392	533295853457500
533295862209534	533295888256287	533295867135885
533295879429709	533295904880514	533295883567811
533295894988343	533295921496237	533295901670146
533295911206116	533295938131328	533295916852072
533295927532939	533295954762228	533295933046286
533295944381125	533295971453797	533295949829326
533295960951234	533295988063538	533295967898581
533295977213807	533296004675151	533295984283916
533295993865296	533296021317323	533296002588156
533296010502829	533296037943258	533296019660422
533296027189556	533296054573182	533296035907126
533296043763734	533296071211081	533296052213481
533296060441468	533296087861553	533296069261984
533296077180645	533296104488425	533296086086854
533296094010885	533296121125265	533296102623353
533296110606426	533296137751161	533296119272726
533296127382345	533296154371196	533296136192730
533296144211162	533296171015972	533296152378765
533296160909445	533296187640036	533296169137147
533296177687725	533296204285381	533296185608013
533296194526063	533296220907614	533296203760845
533296211195130	533296237577780	533296218737082
533296228351706	533296254173849	533296235482809
533296244745627	533296270809632	533296252150249
533296261661276	533296287461325	533296269429017
533296278034852	533296304084372	533296285659933
533296294959616	533296320714987	533296302409242
533296311701071	533296337355368	533296319131166
533296327946514	533296353979961	533296336648499
533296344721823	533296370627178	533296352612082
533296361256410	533296387269675	533296369735739
533296378140158	533296403956686	533296387345806
533296394420472	533296420544251	533296404803285
533296410813335	533296437167543	533296418030376
533296427479229	533296453823996	533296433289165
533296443803529	533296470505352	533296450812114
533296460500591	533296487061260	533296471030091
533296477111390	533296503695700	533296486378765
533296493631003	533296520333233	533296496757020
533296510159486	533296536966696	533296513452699
533296526913758	533296553630677	533296531142193
533296543658469	533296570238954	533296548395773
533296560936097	533296586870952	533296566381979

533296094010885	533296121125265	533296102623353
533296110606426	533296137751161	533296119272726
533296127382345	533296154371196	533296136192730
533296144211162	533296171015972	533296152378765
533296160909445	533296187640036	533296169137147
533296177687725	533296204285381	533296185608013
533296194526063	533296220907614	533296203760845
533296211195130	533296237577780	533296218737082
533296228351706	533296254173849	533296235482809
533296244745627	533296270809632	533296252150249
533296261661276	533296287461325	533296269429017
533296278034852	533296304084372	533296285659933
533296294959616	533296320714987	533296302409242
533296311701071	533296337355368	533296319131166
533296327946514	533296353979961	533296336648499
533296344721823	533296370627178	533296352612082
533296361256410	533296387269675	533296369735739
533296378140158	533296403956686	533296387345806
533296394420472	533296420544251	533296404803285
533296410813335	533296437167543	533296418030376
533296427479229	533296453823996	533296433289165
533296443803529	533296470505352	533296450812114
533296460500591	533296487061260	533296471030091
533296477111390	533296503695700	533296486378765
533296493631003	533296520333233	533296496757020
533296510159486	533296536966696	533296513452699
533296526913758	533296553630677	533296531142193
533296543658469	533296570238954	533296548395773
533296560936097	533296586870952	533296566381979
533296577558819	533296603499045	533296583092022
533296593704408	533296620137066	533296599653179
533296610213563	533296636772808	533296615833558
533296626664125	533296653398744	533296632351014
533296643338970	533296670038718	533296648902650
533296660138612	533296686702007	533296665733176
533296676765402	533296703325217	533296683493063
533296693756288	533296719949891	533296701136903
533296710658998	533296736647360	533296718461000
533296726910096	533296753223532	533296735444886
533296743396140	533296769845847	533296751715842
533296760091452	533296786481345	533296768370708
533296776375144	533296803197531	533296785112774
533296793016949	533296819781760	533296803925192
533296809869406	533296836398866	533296819778383
533296827230857	533296853023866	533296834713929
533296842993918	533296869743552	533296849324403
533296859656434	533296886282452	533296865672222
533296876298077	533296902917909	533296883970277
533296892869447	533296919547914	533296899633404
533296909968202	533296936196107	533296916131369
533296926464703	533296952834657	533296932254498
533296943072165	533296969467917	533296948620749
533296959497865	533296986105409	533296965245586
533296976186301	533297002729432	533296983359193
533296993092795	533297019367901	533297000655132
533297009388816	533297036002585	533297017709698
533297026010316	533297052628643	533297033977357
533297042607281	533297069248475	533297048476788
533297059205954	533297085888043	533297065139263
533297076351340	533297102532370	533297083022076
533297092698630	533297119166566	533297101150046
533297109458681	533297135799867	533297116680401
533297126438824	533297152433615	533297133068910

533296726910096	533296753223532	533296735444886
533296743396140	533296769845847	533296751715842
533296760091452	533296786481345	533296768370708
533296776375144	533296803197531	533296785112774
533296793016949	533296819781760	533296803925192
533296809869406	533296836398866	533296819778383
533296827230857	533296853023866	533296834713929
533296842993918	533296869743552	533296849324403
533296859656434	533296886282452	533296865672222
533296876298077	533296902917909	533296883970277
533296892869447	533296919547914	533296899633404
533296909968202	533296936196107	533296916131369
533296926464703	533296952834657	533296932254498
533296943072165	533296969467917	533296948620749
533296959497865	533296986105409	533296965245586
533296976186301	533297002729432	533296983359193
533296993092795	533297019367901	533297000655132
533297009388816	533297036002585	533297017709698
533297026010316	533297052628643	533297033977357
533297042607281	533297069248475	533297048476788
533297059205954	533297085888043	533297065139263
533297076351340	533297102532370	533297083022076
533297092698630	533297119166566	533297101150046
533297109458681	533297135799867	533297116680401
533297126438824	533297152433615	533297133068910
533297142682435	533297169071311	533297149512473
533297160450298	533297185733502	533297166526959
533297175900290	533297202332785	533297183498882
533297192980653	533297218965028	533297200000184
533297209320212	533297235595847	533297215809185
533297225907655	533297252222068	533297232255271
533297242299175	533297268882427	533297248655051
533297259062766	533297285493430	533297265116518
533297275675071	533297302128806	533297282088319
533297292282452	533297318764589	533297299324973
533297309536277	533297335401348	533297315979026
533297326285748	533297352041811	533297333212872
533297342438905	533297368711854	533297350627707
533297360082948	533297385391176	533297367712343
533297376406190	533297401976177	533297386147768
533297392711326	533297418644228	533297402878847
533297408775168	533297435198630	533297414362530
533297425543723	533297451844789	533297429722597
533297442179058	533297468483787	533297446290508
533297459236147	533297485108542	533297464447369
533297475713197	533297501750063	533297482754905
533297491788759	533297518428285	533297497385642
533297510301088	533297535041851	533297516616070
533297525166851	533297551645652	533297531841127
533297541652040	533297568272157	533297547223817
533297558995872	533297584911562	533297564876487
533297575694439	533297601594789	533297582064231
533297592298606	533297618189150	533297598054872
533297608592917	533297634810772	533297615951560
533297625907330	533297651450177	533297633992657
533297641742860	533297668089296	533297647968568
533297658776715	533297684721458	533297664624981
533297675652651	533297701378521	533297681876772
533297692241355	533297717996563	533297700404278
533297707904197	533297734650168	533297715921042
533297724679506	533297751286195	533297733335105
533297741682314	533297767910585	533297750842470
533297761804506	533297784537009	533297766217022

533297360082948	533297385391176	533297367712343
533297376406190	533297401976177	533297386147768
533297392711326	533297418644228	533297402878847
533297408775168	533297435198630	533297414362530
533297425543723	533297451844789	533297429722597
533297442179058	533297468483787	533297446290508
533297459236147	533297485108542	533297464447369
533297475713197	533297501750063	533297482754905
533297491788759	533297518428285	533297497385642
533297510301088	533297535041851	533297516616070
533297525166851	533297551645652	533297531841127
533297541652040	533297568272157	533297547223817
533297558995872	533297584911562	533297564876487
533297575694439	533297601594789	533297582064231
533297592298606	533297618189150	533297598054872
533297608592917	533297634810772	533297615951560
533297625907330	533297651450177	533297633992657
533297641742860	533297668089296	533297647968568
533297658776715	533297684721458	533297664624981
533297675652651	533297701378521	533297681876772
533297692241355	533297717996563	533297700404278
533297707904197	533297734650168	533297715921042
533297724679506	533297751286195	533297733335105
533297741682314	533297767910585	533297750842470
533297761804506	533297784537009	533297766217022
533297774485292	533297801160829	533297782331524
533297791999656	533297817789573	533297798403871
533297807896099	533297834431825	533297815003603
533297824471336	533297851092673	533297832827170
533297841653058	533297867688580	533297851343731
533297858499981	533297884356956	533297867712099
533297875257428	533297900961895	533297880382550
533297891731996	533297917654889	533297895935203
533297908369000	533297934256736	533297912586733
533297925110862	533297950900779	533297929273704
533297941382672	533297967625917	533297946343853
533297957567690	533297984130434	533297963524843
533297974169130	533298000782330	533297981454449
533297990773989	533298017399680	533298000479311
533298007448264	533298034030499	533298016279156
533298024677879	533298050718406	533298032347760
533298040765891	533298067310610	533298047694358
533298058115745	533298083937441	533298063595807
533298074891135	533298100569887	533298080542258
533298090468162	533298117234804	533298093583437
533298107156598	533298133843813	533298110877382
533298124551739	533298150476951	533298128441022
533298141176943	533298167108665	533298145196881
533298156977561	533298183783917	533298162618390
533298174077781	533298200369936	533298180205833
533298190461814	533298217007387	533298197197735
533298207418032	533298233646914	533298213636415
533298224207623	533298250275372	533298230930605
533298240712425	533298266910748	533298247994366
533298257187359	533298283600649	533298264578025
533298273970034	533298300251487	533298283869407
533298290014467	533298316809104	533298301380963
533298306335553	533298333555768	533298314770896
533298323108054	533298350088645	533298330353945
533298339994082	533298366755190	533298346736025
533298356914125	533298383366559	533298363295310
533298373753522	533298399994611	533298381980288
533298389948427	533298416634462	533298398527203

533297974169130	533298000782330	533297981454449
533297990773989	533298017399680	533298000479311
533298007448264	533298034030499	533298016279156
533298024677879	533298050718406	533298032347760
533298040765891	533298067310610	533298047694358
533298058115745	533298083937441	533298063595807
533298074891135	533298100569887	533298080542258
533298090468162	533298117234804	533298093583437
533298107156598	533298133843813	533298110877382
533298124551739	533298150476951	533298128441022
533298141176943	533298167108665	533298145196881
533298156977561	533298183783917	533298162618390
533298174077781	533298200369936	533298180205833
533298190461814	533298217007387	533298197197735
533298207418032	533298233646914	533298213636415
533298224207623	533298250275372	533298230930605
533298240712425	533298266910748	533298247994366
533298257187359	533298283600649	533298264578025
533298273970034	533298300251487	533298283869407
533298290014467	533298316809104	533298301380963
533298306335553	533298333555768	533298314770896
533298323108054	533298350088645	533298330353945
533298339994082	533298366755190	533298346736025
533298356914125	533298383366559	533298363295310
533298373753522	533298399994611	533298381980288
533298389948427	533298416634462	533298398527203
533298406764549	533298433259707	533298415331443
533298423438946	533298449889752	533298431218569
533298439959536	533298466576601	533298447176048
533298456985089	533298483172386	533298463643048
533298473672345	533298499820335	533298481006492
533298490444073	533298516423932	533298497024233
533298507252586	533298533068219	533298513619773
533298524076845	533298549701886	533298531121767
533298540553042	533298566371320	533298548063865
533298557064801	533298582970074	533298566761253
533298573176414	533298599616355	533298581902692
533298590233991	533298616222231	533298594697247
533298606559104	533298632867861	533298610948794
533298623174908	533298649517601	533298627455304
533298639687685	533298666135846	533298645140200
533298656218732	533298682771344	533298661965192
533298673456159	533298699400535	533298679459292
533298689318382	533298716040509	533298696357526
533298705834861	533298732680727	533298712265851
533298722535626	533298749306785	533298729124900
533298739092592	533298765949526	533298745558576
533298755674786	533298782573875	533298763215843
533298772455589	533298799209414	533298780107485
533298789137230	533298815858340	533298796931338
533298805499453	533298832479433	533298813206891
533298821992047	533298849134992	533298830176292
533298839044415	533298865754051	533298848093732
533298855366681	533298882458559	533298862803937
533298871886050	533298899007469	533298880130882
533298888877423	533298915647483	533298896850405
533298905221011	533298932277366	533298913018659
533298922624575	533298948980247	533298930149559
533298939018903	533298965642194	533298946410342
533298955822003	533298982182680	533298964114565
533298972630679	533298998826154	533298979637596
533298988733787	533299015458193	533298996373069
533299006623151	533299032116966	533299012934634

533298573176414	533298599616355	533298581902692
533298590233991	533298616222231	533298594697247
533298606559104	533298632867861	533298610948794
533298623174908	533298649517601	533298627455304
533298639687685	533298666135846	533298645140200
533298656218732	533298682771344	533298661965192
533298673456159	533298699400535	533298679459292
533298689318382	533298716040509	533298696357526
533298705834861	533298732680727	533298712265851
533298722535626	533298749306785	533298729124900
533298739092592	533298765949526	533298745558576
533298755674786	533298782573875	533298763215843
533298772455589	533298799209414	533298780107485
533298789137230	533298815858340	533298796931338
533298805499453	533298832479433	533298813206891
533298821992047	533298849134992	533298830176292
533298839044415	533298865754051	533298848093732
533298855366681	533298882458559	533298862803937
533298871886050	533298899007469	533298880130882
533298888877423	533298915647483	533298896850405
533298905221011	533298932277366	533298913018659
533298922624575	533298948980247	533298930149559
533298939018903	533298965642194	533298946410342
533298955822003	533298982182680	533298964114565
533298972630679	533298998826154	533298979637596
533298988733787	533299015458193	533298996373069
533299006623151	533299032116966	533299012934634
533299022617169	533299048735537	533299029700706
533299039069074	533299065363019	533299046127871
533299055687889	533299081986229	533299062519513
533299072261782	533299098671735	533299079334821
533299089072044	533299115259219	533299098032290
533299105597028	533299131913027	533299112900210
533299122215965	533299148609642	533299129007754
533299139180972	533299165162254	533299146933616
533299155693545	533299181800641	533299162025210
533299172880190	533299198460879	533299180161440
533299189387230	533299215073306	533299197676292
533299205610171	533299231720685	533299214499209
533299222562482	533299248340599	533299229778302
533299239079857	533299264952008	533299245550885
533299256251406	533299281599062	533299261909365
533299272670392	533299298233625	533299278558535
533299288643740	533299314863101	533299296162417
533299305678693	533299331518659	533299313271426
533299323638491	533299348149844	533299330322492
533299338905418	533299364772443	533299345994855
533299354796613	533299381395246	533299361518293
533299371374819	533299398033958	533299378307030
533299387596092	533299414687604	533299395315981
533299404929466	533299431336896	533299411411929
533299421447655	533299447962954	533299430914126
533299439756737	533299464603986	533299448349307
533299454283999	533299481211978	533299463730044
533299471139264	533299497849551	533299478526838
533299487807233	533299514483991	533299495394880
533299504641950	533299531127749	533299511626203
533299521476707	533299547751122	533299530583844
533299538522728	533299564385236	533299546625145
533299555287173	533299581009585	533299559102196
533299571919416	533299597650251	533299576775047
533299588174787	533299614286685	533299593894229
533299605467349	533299630925682	533299610386050

533299155693545	533299181800641	533299162025210
533299172880190	533299198460879	533299180161440
533299189387230	533299215073306	533299197676292
533299205610171	533299231720685	533299214499209
533299222562482	533299248340599	533299229778302
533299239079857	533299264952008	533299245550885
533299256251406	533299281599062	533299261909365
533299272670392	533299298233625	533299278558535
533299288643740	533299314863101	533299296162417
533299305678693	533299331518659	533299313271426
533299323638491	533299348149844	533299330322492
533299338905418	533299364772443	533299345994855
533299354796613	533299381395246	533299361518293
533299371374819	533299398033958	533299378307030
533299387596092	533299414687604	533299395315981
533299404929466	533299431336896	533299411411929
533299421447655	533299447962954	533299430914126
533299439756737	533299464603986	533299448349307
533299454283999	533299481211978	533299463730044
533299471139264	533299497849551	533299478526838
533299487807233	533299514483991	533299495394880
533299504641950	533299531127749	533299511626203
533299521476707	533299547751122	533299530583844
533299538522728	533299564385236	533299546625145
533299555287173	533299581009585	533299559102196
533299571919416	533299597650251	533299576775047
533299588174787	533299614286685	533299593894229
533299605467349	533299630925682	533299610386050
533299621705508	533299647592634	533299629139915
533299638361026	533299664181664	533299645159732
533299654615420	533299680826520	533299660780744
533299671370669	533299697452253	533299677250918
533299688338117	533299714112897	533299694251203
533299705151634	533299730744733	533299710447329
533299722742007	533299747413760	533299727805972
533299737795515	533299764012678	533299748599714
533299754849795	533299780649274	533299763342796
533299770748599	533299797249494	533299777876122
533299787255801	533299813920067	533299790946109
533299804604637	533299830517316	533299805687035
533299821293480	533299847161237	533299823401756
533299837494896	533299863785952	533299840339338
533299854002627	533299880428978	533299857662580
533299871036156	533299897102928	533299874364403
533299887179751	533299913793114	533299891980451
533299903965640	533299930333560	533299910357608
533299919950951	533299946976586	533299926968163
533299936413435	533299963605736	533299943086774
533299953743879	533299980235700	533299959780134
533299969756452	533299996867617	533299976448509
533299986941836	533300013531354	533299993655988
533300003221906	533300030180158	533300013733625
533300019470238	533300046783470	533300028470889
533300036595482	533300063405012	533300044945539
533300053519473	533300080049136	533300061444156
533300070363020	533300096673119	533300077257510
533300087003238	533300113303124	533300094983218
533300103736026	533300129944603	533300110774763
533300120484154	533300146653832	533300128040795
533300138201154	533300163223941	533300144677106
533300157010236	533300179853498	533300161422386
533300171081200	533300196607811	533300177758487
533300187443057	533300213139305	533300195090396

533299770748599	533299797249494	533299777876122
533299787255801	533299813920067	533299790946109
533299804604637	533299830517316	533299805687035
533299821293480	533299847161237	533299823401756
533299837494896	533299863785952	533299840339338
533299854002627	533299880428978	533299857662580
533299871036156	533299897102928	533299874364403
533299887179751	533299913793114	533299891980451
533299903965640	533299930333560	533299910357608
533299919950951	533299946976586	533299926968163
533299936413435	533299963605736	533299943086774
533299953743879	533299980235700	533299959780134
533299969756452	533299996867617	533299976448509
533299986941836	533300013531354	533299993655988
533300003221906	533300030180158	533300013733625
533300019470238	533300046783470	533300028470889
533300036595482	533300063405012	533300044945539
533300053519473	533300080049136	533300061444156
533300070363020	533300096673119	533300077257510
533300087003238	533300113303124	533300094983218
533300103736026	533300129944603	533300110774763
533300120484154	533300146653832	533300128040795
533300138201154	533300163223941	533300144677106
533300157010236	533300179853498	533300161422386
533300171081200	533300196607811	533300177758487
533300187443057	533300213139305	533300195090396
533300203477888	533300229743594	533300210922386
533300220327212	533300246398827	533300227201805
533300236634707	533300263007510	533300244048851
533300253396630	533300279666120	533300260048770
533300270370140	533300296285017	533300276405215
533300287267683	533300312912336	533300294419457
533300304533674	533300329760684	533300310248477
533300320386498	533300346178124	533300330415347
533300336206037	533300362824364	533300345247541
533300352675967	533300379440412	533300357698754
533300369342471	533300396080752	533300371379133
533300386311872	533300412721906	533300388677188
533300402762027	533300429352400	533300405610212
533300419256452	533300446025170	533300422318668
533300435828311	533300462624698	533300441138207
533300452524234	533300479272647	533300458009952
533300468899804	533300495900251	533300474076195
533300485480777	533300512535993	533300491100691
533300502748192	533300529156151	533300508187401
533300519380354	533300545799869	533300525602074
533300535487857	533300562431867	533300543605126
533300552240420	533300579053368	533300558273420
533300568837060	533300595711856	533300574913191
533300586076684	533300612324730	533300591415958
533300604497094	533300628961612	533300610332177
533300618948469	533300645604922	533300624502221
533300636454817	533300662227969	533300641314354
533300652801456	533300678865543	533300657891950
533300668996321	533300695555810	533300674572004
533300686403669	533300712139102	533300691720035
533300702733503	533300728765933	533300709725202
533300719839338	533300745408430	533300725442243
533300736512108	533300762034162	533300742628604
533300752558577	533300778683739	533300758933251
533300769612247	533300795310530	533300775886986
533300786394840	533300811934553	533300792219465
533300802720889	533300828631371	533300809447615

533300386311872	533300412721906	533300388677188
533300402762027	533300429352400	533300405610212
533300419256452	533300446025170	533300422318668
533300435828311	533300462624698	533300441138207
533300452524234	533300479272647	533300458009952
533300468899804	533300495900251	533300474076195
533300485480777	533300512535993	533300491100691
533300502748192	533300529156151	533300508187401
533300519380354	533300545799869	533300525602074
533300535487857	533300562431867	533300543605126
533300552240420	533300579053368	533300558273420
533300568837060	533300595711856	533300574913191
533300586076684	533300612324730	533300591415958
533300604497094	533300628961612	533300610332177
533300618948469	533300645604922	533300624502221
533300636454817	533300662227969	533300641314354
533300652801456	533300678865543	533300657891950
533300668996321	533300695555810	533300674572004
533300686403669	533300712139102	533300691720035
533300702733503	533300728765933	533300709725202
533300719839338	533300745408430	533300725442243
533300736512108	533300762034162	533300742628604
533300752558577	533300778683739	533300758933251
533300769612247	533300795310530	533300775886986
533300786394840	533300811934553	533300792219465
533300802720889	533300828631371	533300809447615
533300819004459	533300845230940	533300826019066
533300835660871	533300861845605	533300843480085
533300851774031	533300878477807	533300858497948
533300868400333	533300895115177	533300875987084
533300885053938	533300911744652	533300892100732
533300901622582	533300928390201	533300910997664
533300918007795	533300945030012	533300926044457
533300934518375	533300961645735	533300942528954
533300951241194	533300978286848	533300958314395
533300967951969	533300994925032	533300976131127
533300984530297	533301011605492	533300992822777
533301001073388	533301028198876	533301009094221
533301017656111	533301044827375	533301025608910
533301034306176	533301061452660	533301042933170
533301050992984	533301078088606	533301057928206
533301067532535	533301094714664	533301075680484
533301084342187	533301111356225	533301091703393
533301100991682	533301127999332	533301108426130
533301117720035	533301144625268	533301124630720
533301134692040	533301161260440	533301142392317
533301151429182	533301177902734	533301158232405
533301168212629	533301194536848	533301174705956
533301185178084	533301211155907	533301191241316
533301201361921	533301227792870	533301209914493
533301217963932	533301244439924	533301224454776
533301235157413	533301261064558	533301242554345
533301251315372	533301277702620	533301257844384
533301268429630	533301294333927	533301274685408
533301285767195	533301310966821	533301292440942
533301301788272	533301327612491	533301308577823
533301318373111	533301344240787	533301324362573
533301335170475	533301360862288	533301341683211
533301351815291	533301377493310	533301357452050
533301367942081	533301394138655	533301374254988
533301384897525	533301410776106	533301390822615
533301401411808	533301427493106	533301408340478
533301418030582	533301444038435	533301428315372

533300967951969	533300994925032	533300976131127
533300984530297	533301011605492	533300992822777
533301001073388	533301028198876	533301009094221
533301017656111	533301044827375	533301025608910
533301034306176	533301061452660	533301042933170
533301050992984	533301078088606	533301057928206
533301067532535	533301094714664	533301075680484
533301084342187	533301111356225	533301091703393
533301100991682	533301127999332	533301108426130
533301117720035	533301144625268	533301124630720
533301134692040	533301161260440	533301142392317
533301151429182	533301177902734	533301158232405
533301168212629	533301194536848	533301174705956
533301185178084	533301211155907	533301191241316
533301201361921	533301227792870	533301209914493
533301217963932	533301244439924	533301224454776
533301235157413	533301261064558	533301242554345
533301251315372	533301277702620	533301257844384
533301268429630	533301294333927	533301274685408
533301285767195	533301310966821	533301292440942
533301301788272	533301327612491	533301308577823
533301318373111	533301344240787	533301324362573
533301335170475	533301360862288	533301341683211
533301351815291	533301377493310	533301357452050
533301367942081	533301394138655	533301374254988
533301384897525	533301410776106	533301390822615
533301401411808	533301427493106	533301408340478
533301418030582	533301444038435	533301428315372
533301434902734	533301460842797	533301442680647
533301451460636	533301477313012	533301457412581
533301467616194	533301493940901	533301474082340
533301484591414	533301510568261	533301490701033
533301500704939	533301527197289	533301509667504
533301517077945	533301543854191	533301524721297
533301533659895	533301560471052	533301542554304
533301550496565	533301577117374	533301558061995
533301566872989	533301593822330	533301574633203
533301583423120	533301610371565	533301592535180
533301600250268	533301627250594	533301611114607
533301616662703	533301643707055	533301627273909
533301633187687	533301660282454	533301645741072
533301650291446	533301676938256	533301660116560
533301666605859	533301693540348	533301675638411
533301683039127	533301710209456	533301691268945
533301699796940	533301726818587	533301708663476
533301716306909	533301743457503	533301724753483
533301732985904	533301760087101	533301742152490
533301750012516	533301776743269	533301758185042
533301766501896	533301793360253	533301774176456
533301783457910	533301809991072	533301791954573
533301800083805	533301826628483	533301807451359
533301816698836	533301843270084	533301826179264
533301833276676	533301859891422	533301841721744
533301850440820	533301876642358	533301856829777
533301867495548	533301893165673	533301874270247
533301883552799	533301909784366	533301889871606
533301900216414	533301926418440	533301907354760
533301916619124	533301943073836	533301923327213
533301933381087	533301959687036	533301939994897
533301950202457	533301976331119	533301958031193
533301966398624	533301992969059	533301972882796
533301983353947	533302009596582	533301990975529
533301999607853	533302026240421	533302006059432

533301583423120	533301610371565	533301592535180
533301600250268	533301627250594	533301611114607
533301616662703	533301643707055	533301627273909
533301633187687	533301660282454	533301645741072
533301650291446	533301676938256	533301660116560
533301666605859	533301693540348	533301675638411
533301683039127	533301710209456	533301691268945
533301699796940	533301726818587	533301708663476
533301716306909	533301743457503	533301724753483
533301732985904	533301760087101	533301742152490
533301750012516	533301776743269	533301758185042
533301766501896	533301793360253	533301774176456
533301783457910	533301809991072	533301791954573
533301800083805	533301826628483	533301807451359
533301816698836	533301843270084	533301826179264
533301833276676	533301859891422	533301841721744
533301850440820	533301876642358	533301856829777
533301867495548	533301893165673	533301874270247
533301883552799	533301909784366	533301889871606
533301900216414	533301926418440	533301907354760
533301916619124	533301943073836	533301923327213
533301933381087	533301959687036	533301939994897
533301950202457	533301976331119	533301958031193
533301966398624	533301992969059	533301972882796
533301983353947	533302009596582	533301990975529
533301999607853	533302026240421	533302006059432
533302016989933	533302042864729	533302022964461
533302033766219	533302059579370	533302039781844
533302049631128	533302076144962	533302056075911
533302066368473	533302092791080	533302072981795
533302082883528	533302109467920	533302091164941
533302099516422	533302126038476	533302109586613
533302116114730	533302142669132	533302124556624
533302132522241	533302159315088	533302139317285
533302149176823	533302175963729	533302154963118
533302165888615	533302192578719	533302171960840
533302182450748	533302209215804	533302190131087
533302198985457	533302225843367	533302205960270
533302215653222	533302242482812	533302222582503
533302232313867	533302259124170	533302240344466
533302248793074	533302275748397	533302255790307
533302265468734	533302292384912	533302272459456
533302282077905	533302309012597	533302289247827
533302298639673	533302325653711	533302305674951
533302315267928	533302342297550	533302323022770
533302332348372	533302358919661	533302340229394
533302348887150	533302375647973	533302355452824
533302365190617	533302392200586	533302372973738
533302381874373	533302408803979	533302390330835
533302398910506	533302425474715	533302408953109
533302415686955	533302442100610	533302423029809
533302432181339	533302458716699	533302436148462
533302449039982	533302475362207	533302453862858
533302465517277	533302492000065	533302470697493
533302486572331	533302508623844	533302488956486
533302498751937	533302525261743	533302504492578
533302515275293	533302541891097	533302521633244
533302532812484	533302558524357	533302538141870
533302548812240	533302575168115	533302555287825
533302565410872	533302591803491	533302571870630
533302582012557	533302608421248	533302590051538
533302598599674	533302625103784	533302604240788
533302615349390	533302641714990	533302621731795

533302165888615	533302192578719	533302171960840
533302182450748	533302209215804	533302190131087
533302198985457	533302225843367	533302205960270
533302215653222	533302242482812	533302222582503
533302232313867	533302259124170	533302240344466
533302248793074	533302275748397	533302255790307
533302265468734	533302292384912	533302272459456
533302282077905	533302309012597	533302289247827
533302298639673	533302325653711	533302305674951
533302315267928	533302342297550	533302323022770
533302332348372	533302358919661	533302340229394
533302348887150	533302375647973	533302355452824
533302365190617	533302392200586	533302372973738
533302381874373	533302408803979	533302390330835
533302398910506	533302425474715	533302408953109
533302415686955	533302442100610	533302423029809
533302432181339	533302458716699	533302436148462
533302449039982	533302475362207	533302453862858
533302465517277	533302492000065	533302470697493
533302486572331	533302508623844	533302488956486
533302498751937	533302525261743	533302504492578
533302515275293	533302541891097	533302521633244
533302532812484	533302558524357	533302538141870
533302548812240	533302575168115	533302555287825
533302565410872	533302591803491	533302571870630
533302582012557	533302608421248	533302590051538
533302598599674	533302625103784	533302604240788
533302615349390	533302641714990	533302621731795
533302631917708	533302658326888	533302638801213
533302649161239	533302674965885	533302654010929
533302665004053	533302691600041	533302670568384
533302681886296	533302708223983	533302687267887
533302698321965	533302724862736	533302706049585
533302714900374	533302741501693	533302721793237
533302731551579	533302758143457	533302738612370
533302748330957	533302774779443	533302754627262
533302765149276	533302791407332	533302772434310
533302781425724	533302808027897	533302789476831
533302797927026	533302824662785	533302804429061
533302814678695	533302841306543	533302821787297
533302831580265	533302857946232	533302837633691
533302847845768	533302874607853	533302854415999
533302864410181	533302891203882	533302871014714
533302880884546	533302907857528	533302887549748
533302897821883	533302924473942	533302905133366
533302914148503	533302941113346	533302921706730
533302930913477	533302957741968	533302937706730
533302947745182	533302974379541	533302954002262
533302964289413	533302991018050	533302970757918
533302980962427	533303007642481	533302988362451
533302997467310	533303024274805	533303006251042
533303014286198	533303040932031	533303022117904
533303030927474	533303057544946	533303039309066
533303047758488	533303074195622	533303056146712
533303064477523	533303090825098	533303072282780
533303081694361	533303107465967	533303088551538
533303098582097	533303124099960	533303105634139
533303114782577	533303140727075	533303122445378
533303131405379	533303157361271	533303137920882
533303147954411	533303173985702	533303154599878
533303165185816	533303190694320	533303171210026
533303181243148	533303207261337	533303187859847
533303197590153	533303223894434	533303204507796

533302765149276	533302791407332	533302772434310
533302781425724	533302808027897	533302789476831
533302797927026	533302824662785	533302804429061
533302814678695	533302841306543	533302821787297
533302831580265	533302857946232	533302837633691
533302847845768	533302874607853	533302854415999
533302864410181	533302891203882	533302871014714
533302880884546	533302907857528	533302887549748
533302897821883	533302924473942	533302905133366
533302914148503	533302941113346	533302921706730
533302930913477	533302957741968	533302937706730
533302947745182	533302974379541	533302954002262
533302964289413	533302991018050	533302970757918
533302980962427	533303007642481	533302988362451
533302997467310	533303024274805	533303006251042
533303014286198	533303040932031	533303022117904
533303030927474	533303057544946	533303039309066
533303047758488	533303074195622	533303056146712
533303064477523	533303090825098	533303072282780
533303081694361	533303107465967	533303088551538
533303098582097	533303124099960	533303105634139
533303114782577	533303140727075	533303122445378
533303131405379	533303157361271	533303137920882
533303147954411	533303173985702	533303154599878
533303165185816	533303190694320	533303171210026
533303181243148	533303207261337	533303187859847
533303197590153	533303223894434	533303204507796
533303213850366	533303240534204	533303221607691
533303230562606	533303257153955	533303237826156
533303246975326	533303273796289	533303254617578
533303263746485	533303290449366	533303271042831
533303280271835	533303307064112	533303288782170
533303296990218	533303323796615	533303306433089
533303313498275	533303340355900	533303321686101
533303330046452	533303356975041	533303338913273
533303346663477	533303373608423	533303355193547
533303363277002	533303390243229	533303370742416
533303380164209	533303406867619	533303387255559
533303397119003	533303423494206	533303404289006
533303413087020	533303440148788	533303420993026
533303429662541	533303456770655	533303438608830
533303446483871	533303473415918	533303454066472
533303462804956	533303490034001	533303471315048
533303479621444	533303506683415	533303488987533
533303496416244	533303523317652	533303504715804
533303513410262	533303539932520	533303521717473
533303530588689	533303556565373	533303537484685
533303547155664	533303573198593	533303553643661
533303563984034	533303589847559	533303570775944
533303580980900	533303606501327	533303588086451
533303597438217	533303623112859	533303606651270
533303613582422	533303639748845	533303620319890
533303630363306	533303656367050	533303634905542
533303646958358	533303673008814	533303651433008
533303664768173	533303689688379	533303668257349
533303681113876	533303706276636	533303686717676
533303696800888	533303722911524	533303703012761
533303716793360	533303739595484	533303719184717
533303730122055	533303756187118	533303736765040
533303746800521	533303772873031	533303753357447
533303763119247	533303789451929	533303770594711
533303779666000	533303806081893	533303788409449
533303795975530	533303822737452	533303802995386

533303346663477	533303373608423	533303355193547
533303363277002	533303390243229	533303370742416
533303380164209	533303406867619	533303387255559
533303397119003	533303423494206	533303404289006
533303413087020	533303440148788	533303420993026
533303429662541	533303456770655	533303438608830
533303446483871	533303473415918	533303454066472
533303462804956	533303490034001	533303471315048
533303479621444	533303506683415	533303488987533
533303496416244	533303523317652	533303504715804
533303513410262	533303539932520	533303521717473
533303530588689	533303556565373	533303537484685
533303547155664	533303573198593	533303553643661
533303563984034	533303589847559	533303570775944
533303580980900	533303606501327	533303588086451
533303597438217	533303623112859	533303606651270
533303613582422	533303639748845	533303620319890
533303630363306	533303656367050	533303634905542
533303646958358	533303673008814	533303651433008
533303664768173	533303689688379	533303668257349
533303681113876	533303706276636	533303686717676
533303696800888	533303722911524	533303703012761
533303716793360	533303739595484	533303719184717
533303730122055	533303756187118	533303736765040
533303746800521	533303772873031	533303753357447
533303763119247	533303789451929	533303770594711
533303779666000	533303806081893	533303788409449
533303795975530	533303822737452	533303802995386
533303812281234	533303839362696	533303819869166
533303828829574	533303855989323	533303836621281
533303845347722	533303872617457	533303852498194
533303861978948	533303889265772	533303869194564
533303878996363	533303905887151	533303886115219
533303895479802	533303922522771	533303905191553
533303911817326	533303939162094	533303919449651
533303927838933	533303955784774	533303935869125
533303944724553	533303972419866	533303952130193
533303961578679	533303989066675	533303968644027
533303978458847	533304005691146	533303986315740
533303995094426	533304022337224	533304002483383
533304011626083	533304038964055	533304018830103
533304028454818	533304055609359	533304036967758
533304045442326	533304072232284	533304052831853
533304061868474	533304088871119	533304068960759
533304078473617	533304105515447	533304087475937
533304095821233	533304122132227	533304102765854
533304112235092	533304138776962	533304118544540
533304128890772	533304155404810	533304135709742
533304145579005	533304172043319	533304151643702
533304161930771	533304188710434	533304169405665
533304178911239	533304205305160	533304187465316
533304195508489	533304221937322	533304202035222
533304212350367	533304238618311	533304219968572
533304228820622	533304255233464	533304240266830
533304245454167	533304271832219	533304253252507
533304262050888	533304288477524	533304268171615
533304279765650	533304305116846	533304286350693
533304295617701	533304321737167	533304302821558
533304312621648	533304338381495	533304319341130
533304329217392	533304355028671	533304336000391
533304345539942	533304371652166	533304351722030
533304362371282	533304388284490	533304370953964
533304378603419	533304404914332	533304388256251

533303927838933	533303955784774	533303935869125
533303944724553	533303972419866	533303952130193
533303961578679	533303989066675	533303968644027
533303978458847	533304005691146	533303986315740
533303995094426	533304022337224	533304002483383
533304011626083	533304038964055	533304018830103
533304028454818	533304055609359	533304036967758
533304045442326	533304072232284	533304052831853
533304061868474	533304088871119	533304068960759
533304078473617	533304105515447	533304087475937
533304095821233	533304122132227	533304102765854
533304112235092	533304138776962	533304118544540
533304128890772	533304155404810	533304135709742
533304145579005	533304172043319	533304151643702
533304161930771	533304188710434	533304169405665
533304178911239	533304205305160	533304187465316
533304195508489	533304221937322	533304202035222
533304212350367	533304238618311	533304219968572
533304228820622	533304255233464	533304240266830
533304245454167	533304271832219	533304253252507
533304262050888	533304288477524	533304268171615
533304279765650	533304305116846	533304286350693
533304295617701	533304321737167	533304302821558
533304312621648	533304338381495	533304319341130
533304329217392	533304355028671	533304336000391
533304345539942	533304371652166	533304351722030
533304362371282	533304388284490	533304370953964
533304378603419	533304404914332	533304388256251
533304395323308	533304421591578	533304401532252
533304412115463	533304438183293	533304415472030
533304428709417	533304454811711	533304433427800
533304445518254	533304471453842	533304450007024
533304462289088	533304488106918	533304466436142
533304479468450	533304504716456	533304485458969
533304495980413	533304521342229	533304502816879
533304511699732	533304537989609	533304517743108
533304528295313	533304554627874	533304534513209
533304545227849	533304571268621	533304551710108
533304562187240	533304587890162	533304569985011
533304580121526	533304604522039	533304586038030
533304594564641	533304621163274	533304598511541
533304611621445	533304637793889	533304614848170
533304627796290	533304654422918	533304632094671
533304644616114	533304671078598	533304648704330
533304660946274	533304687766057	533304666991155
533304677656235	533304704321396	533304684070256
533304694230372	533304720968084	533304700418930
533304710971746	533304737623520	533304718092066
533304727514674	533304754228867	533304735812973
533304744248845	533304770872177	533304750791814
533304761042628	533304787499578	533304769126246
533304777870916	533304804127548	533304787728704
533304793859970	533304820765610	533304803053574
533304810411158	533304837403631	533304814707708
533304827063665	533304854034938	533304832369410
533304843873968	533304870670354	533304849040634
533304861397731	533304887292954	533304868933945
533304877809026	533304903942083	533304885698430
533304894626124	533304920613347	533304899688258
533304911001897	533304937196884	533304916308660
533304928198756	533304953837387	533304933466985
533304944298406	533304970474147	533304949547552
533304960563665	533304987116114	533304969139064

533304511699732	533304537989609	533304517743108
533304528295313	533304554627874	533304534513209
533304545227849	533304571268621	533304551710108
533304562187240	533304587890162	533304569985011
533304580121526	533304604522039	533304586038030
533304594564641	533304621163274	533304598511541
533304611621445	533304637793889	533304614848170
533304627796290	533304654422918	533304632094671
533304644616114	533304671078598	533304648704330
533304660946274	533304687766057	533304666991155
533304677656235	533304704321396	533304684070256
533304694230372	533304720968084	533304700418930
533304710971746	533304737623520	533304718092066
533304727514674	533304754228867	533304735812973
533304744248845	533304770872177	533304750791814
533304761042628	533304787499578	533304769126246
533304777870916	533304804127548	533304787728704
533304793859970	533304820765610	533304803053574
533304810411158	533304837403631	533304814707708
533304827063665	533304854034938	533304832369410
533304843873968	533304870670354	533304849040634
533304861397731	533304887292954	533304868933945
533304877809026	533304903942083	533304885698430
533304894626124	533304920613347	533304899688258
533304911001897	533304937196884	533304916308660
533304928198756	533304953837387	533304933466985
533304944298406	533304970474147	533304949547552
533304960563665	533304987116114	533304969139064
533304977062078	533305003740708	533304985031642
533304994209620	533305020395330	533304998567124
533305010961655	533305037023748	533305015365585
533305027726669	533305053679713	533305033622096
533305044498723	533305070286199	533305049189804
533305061484970	533305086907944	533305067985703
533305078125921	533305103611110	533305082933619
533305094835882	533305120168279	533305100347153
533305110883855	533305136806219	533305115090439
533305127451360	533305153488795	533305132720769
533305144534327	533305170088771	533305149320989
533305160490382	533305186757472	533305166606064
533305177110865	533305203358383	533305184967229
533305193994288	533305219985133	533305201089056
533305210002019	533305236631211	533305218370468
533305226657374	533305253249008	533305235278427
533305243132391	533305269887436	533305250689397
533305259706447	533305286537298	533305267929672
533305276274114	533305303166367	533305284081772
533305292614080	533305319812037	533305300661606
533305309181056	533305336432317	533305317301906
533305325875880	533305353081935	533305334671168
533305342401800	533305369687933	533305350247055
533305358987168	533305386333888	533305367128566
533305375775091	533305402967636	533305383764878
533305393130926	533305419626531	533305400501369
533305409474716	533305436231675	533305419028550
533305425882024	533305452920192	533305434802231
533305442629868	533305469569972	533305451007228
533305459368027	533305486129013	533305467043971
533305476862412	533305502773504	533305483734808
533305493433172	533305519397772	533305500315455
533305509855820	533305536029852	533305517194158
533305527448227	533305552678330	533305533593247
533305543249985	533305569313584	533305550233017

533305110883855	533305136806219	533305115090439
533305127451360	533305153488795	533305132720769
533305144534327	533305170088771	533305149320989
533305160490382	533305186757472	533305166606064
533305177110865	533305203358383	533305184967229
533305193994288	533305219985133	533305201089056
533305210002019	533305236631211	533305218370468
533305226657374	533305253249008	533305235278427
533305243132391	533305269887436	533305250689397
533305259706447	533305286537298	533305267929672
533305276274114	533305303166367	533305284081772
533305292614080	533305319812037	533305300661606
533305309181056	533305336432317	533305317301906
533305325875880	533305353081935	533305334671168
533305342401800	533305369687933	533305350247055
533305358987168	533305386333888	533305367128566
533305375775091	533305402967636	533305383764878
533305393130926	533305419626531	533305400501369
533305409474716	533305436231675	533305419028550
533305425882024	533305452920192	533305434802231
533305442629868	533305469569972	533305451007228
533305459368027	533305486129013	533305467043971
533305476862412	533305502773504	533305483734808
533305493433172	533305519397772	533305500315455
533305509855820	533305536029852	533305517194158
533305527448227	533305552678330	533305533593247
533305543249985	533305569313584	533305550233017
533305559953517	533305585948349	533305566729803
533305577414780	533305602577012	533305583794419
533305593099879	533305619202459	533305599693670
533305610369166	533305635844590	533305616587347
533305626993882	533305652464788	533305633260443
533305643641221	533305669115830	533305649938747
533305660467392	533305685738551	533305666671372
533305676864202	533305702378566	533305683917506
533305693344142	533305719005967	533305702442775
533305709652248	533305735649928	533305716806870
533305726125311	533305752313869	533305731677760
533305742778143	533305768912461	533305748227280
533305759042303	533305785612046	533305765020045
533305775426499	533305802169988	533305782855332
533305791980739	533305818833074	533305798915716
533305816902817	533305835464666	533305817310613
533305841639878	533305868728135	533305843586167
533305858270330	533305885377752	533305858672918
533305875279445	533305901997829	533305880943548
533305891580226	533305918621608	533305897471746
533305908611598	533305935266831	533305914521348
533305925736883	533305951897243	533305932891546
533305941839381	533305968560492	533305949099025
533305958402085	533305985152085	533305965181626
533305975632432	533306001794256	533305982441147
533305991818630	533306018422715	533306000102402
533306008401027	533306035055039	533306014633123
533306025077785	533306051694810	533306031613796
533306041726507	533306068344020	533306048036688
533306058218532	533306084952744	533306064428330
533306075220811	533306101619004	533306081490708
533306092202459	533306118243638	533306098614609
533306108915187	533306134867743	533306117706935
533306125625026	533306151524115	533306133443630
533306142060207	533306168124985	533306149157375
533306158891953	533306184764756	533306165166978

533305709652248	533305735649928	533305716806870
533305726125311	533305752313869	533305731677760
533305742778143	533305768912461	533305748227280
533305759042303	533305785612046	533305765020045
533305775426499	533305802169988	533305782855332
533305791980739	533305818833074	533305798915716
533305816902817	533305835464666	533305817310613
533305841639878	533305868728135	533305843586167
533305858270330	533305885377752	533305858672918
533305875279445	533305901997829	533305880943548
533305891580226	533305918621608	533305897471746
533305908611598	533305935266831	533305914521348
533305925736883	533305951897243	533305932891546
533305941839381	533305968560492	533305949099025
533305958402085	533305985152085	533305965181626
533305975632432	533306001794256	533305982441147
533305991818630	533306018422715	533306000102402
533306008401027	533306035055039	533306014633123
533306025077785	533306051694810	533306031613796
533306041726507	533306068344020	533306048036688
533306058218532	533306084952744	533306064428330
533306075220811	533306101619004	533306081490708
533306092202459	533306118243638	533306098614609
533306108915187	533306134867743	533306117706935
533306125625026	533306151524115	533306133443630
533306142060207	533306168124985	533306149157375
533306158891953	533306184764756	533306165166978
533306174933905	533306201399033	533306181883001
533306191634141	533306218043036	533306198565049
533306208289414	533306234664658	533306216353827
533306225059841	533306251323594	533306232152126
533306241697373	533306267948594	533306249994330
533306258549383	533306284578151	533306267332708
533306274826564	533306301211208	533306282471543
533306291472316	533306317833888	533306298781561
533306307944362	533306334472967	533306313864447
533306325181830	533306351097235	533306330596096
533306341533189	533306367750677	533306348198350
533306357408880	533306384389471	533306365251898
533306373977321	533306401032945	533306379731105
533306390722235	533306417635524	533306397434230
533306407342311	533306434271104	533306413363999
533306424674261	533306450900498	533306429482245
533306441107245	533306467536485	533306447316148
533306457492377	533306484178330	533306463543809
533306474365871	533306500814642	533306480229356
533306490759507	533306517443793	533306498805609
533306507253729	533306534120103	533306513585313
533306523768906	533306550719387	533306527808742
533306540688096	533306567363999	533306544240586
533306558214016	533306584008531	533306561632554
533306574935044	533306600651841	533306578898504
533306591479112	533306617263739	533306596779608
533306608434027	533306633896511	533306615256252
533306624789740	533306650513576	533306630673854
533306641507391	533306667149888	533306647856634
533306657513739	533306683779323	533306663351752
533306674861558	533306700419012	533306680275091
533306691105780	533306717046820	533306696690415
533306707615586	533306733711493	533306713386298
533306725257961	533306750325100	533306732127834
533306741960598	533306766977077	533306750258571
533306757483018	533306783686916	533306764700466

533306341533189	533306367750677	533306348198350
533306357408880	533306384389471	533306365251898
533306373977321	533306401032945	533306379731105
533306390722235	533306417635524	533306397434230
533306407342311	533306434271104	533306413363999
533306424674261	533306450900498	533306429482245
533306441107245	533306467536485	533306447316148
533306457492377	533306484178330	533306463543809
533306474365871	533306500814642	533306480229356
533306490759507	533306517443793	533306498805609
533306507253729	533306534120103	533306513585313
533306523768906	533306550719387	533306527808742
533306540688096	533306567363999	533306544240586
533306558214016	533306584008531	533306561632554
533306574935044	533306600651841	533306578898504
533306591479112	533306617263739	533306596779608
533306608434027	533306633896511	533306615256252
533306624789740	533306650513576	533306630673854
533306641507391	533306667149888	533306647856634
533306657513739	533306683779323	533306663351752
533306674861558	533306700419012	533306680275091
533306691105780	533306717046820	533306696690415
533306707615586	533306733711493	533306713386298
533306725257961	533306750325100	533306732127834
533306741960598	533306766977077	533306750258571
533306757483018	533306783686916	533306764700466
533306774452297	533306800242173	533306781472561
533306790325344	533306816867377	533306796372463
533306807000718	533306833495225	533306812250067
533306823615505	533306850129624	533306829159694
533306840107041	533306866759426	533306846060126
533306856682684	533306883400295	533306863355902
533306873392116	533306900089545	533306880258653
533306890359605	533306916676662	533306897271145
533306907092678	533306933314439	533306913826280
533306923284084	533306949934312	533306929988999
533306940664740	533306966587144	533306947426215
533306956511745	533306983215277	533306963121649
533306972869533	533306999860134	533306979959011
533306989499253	533307016485948	533306997262518
533307006247951	533307033113837	533307014112087
533307022875230	533307049740424	533307031042263
533307039713528	533307066404934	533307048565293
533307057006252	533307083044745	533307065672024
533307073732896	533307099650173	533307081666693
533307090160997	533307116283759	533307098198554
533307107043524	533307132926377	533307114626166
533307123455267	533307149621405	533307131358832
533307139826239	533307166191555	533307148100613
533307156594183	533307182814602	533307165265448
533307173130154	533307199479682	533307181496934
533307190051296	533307216094265	533307200371609
533307206201280	533307232725287	533307215431098
533307223690578	533307249342759	533307230325466
533307239940253	533307265987250	533307244280626
533307256349270	533307282618394	533307259550442
533307272613796	533307299247463	533307275977322
533307289220567	533307315888780	533307293033922
533307305974392	533307332514268	533307310140326
533307322530870	533307349157538	533307327266710
533307339167548	533307365794826	533307343733140
533307355660020	533307382422471	533307362238471
533307372280341	533307399060289	533307378318183

533306940664740	533306966587144	533306947426215
533306956511745	533306983215277	533306963121649
533306972869533	533306999860134	533306979959011
533306989499253	533307016485948	533306997262518
533307006247951	533307033113837	533307014112087
533307022875230	533307049740424	533307031042263
533307039713528	533307066404934	533307048565293
533307057006252	533307083044745	533307065672024
533307073732896	533307099650173	533307081666693
533307090160997	533307116283759	533307098198554
533307107043524	533307132926377	533307114626166
533307123455267	533307149621405	533307131358832
533307139826239	533307166191555	533307148100613
533307156594183	533307182814602	533307165265448
533307173130154	533307199479682	533307181496934
533307190051296	533307216094265	533307200371609
533307206201280	533307232725287	533307215431098
533307223690578	533307249342759	533307230325466
533307239940253	533307265987250	533307244280626
533307256349270	533307282618394	533307259550442
533307272613796	533307299247463	533307275977322
533307289220567	533307315888780	533307293033922
533307305974392	533307332514268	533307310140326
533307322530870	533307349157538	533307327266710
533307339167548	533307365794826	533307343733140
533307355660020	533307382422471	533307362238471
533307372280341	533307399060289	533307378318183
533307389129055	533307415706000	533307396002794
533307405588975	533307432346910	533307412743191
533307422073757	533307448985460	533307430949571
533307438609768	533307465832017	533307447401516
533307455277818	533307482233710	533307466177069
533307471902370	533307498877956	533307481124376
533307488862738	533307515526516	533307495819363
533307505575710	533307532125474	533307508852932
533307522326524	533307548797309	533307524414211
533307539535753	533307565398912	533307542165107
533307555862820	533307582040636	533307560462633
533307573420396	533307598665717	533307576743883
533307588953315	533307615350287	533307592948188
533307606288764	533307631944770	533307610744696
533307623063341	533307648586453	533307630349311
533307639683783	533307665243028	533307644908474
533307656159573	533307681834133	533307660880194
533307672723212	533307698475735	533307677032579
533307689201646	533307715164740	533307694347683
533307705940294	533307731756212	533307711180406
533307723264594	533307748387153	533307730272854
533307739360704	533307765008287	533307745359972
533307755471422	533307781643582	533307761461453
533307772473090	533307798276435	533307777604641
533307788964098	533307814927273	533307796541327
533307805116970	533307831648342	533307811723619
533307821618272	533307848218411	533307828697374
533307838471910	533307864815986	533307845645291
533307855570502	533307881540473	533307860470445
533307871677843	533307898084215	533307876434516
533307888319933	533307914726060	533307893131863
533307904367784	533307931354519	533307910008490
533307922042914	533307947983914	533307928201362
533307937803087	533307964618272	533307944308946
533307954627957	533307981263984	533307962082099
533307971113430	533307997896796	533307978575304

533307539535753	533307565398912	533307542165107
533307555862820	533307582040636	533307560462633
533307573420396	533307598665717	533307576743883
533307588953315	533307615350287	533307592948188
533307606288764	533307631944770	533307610744696
533307623063341	533307648586453	533307630349311
533307639683783	533307665243028	533307644908474
533307656159573	533307681834133	533307660880194
533307672723212	533307698475735	533307677032579
533307689201646	533307715164740	533307694347683
533307705940294	533307731756212	533307711180406
533307723264594	533307748387153	533307730272854
533307739360704	533307765008287	533307745359972
533307755471422	533307781643582	533307761461453
533307772473090	533307798276435	533307777604641
533307788964098	533307814927273	533307796541327
533307805116970	533307831648342	533307811723619
533307821618272	533307848218411	533307828697374
533307838471910	533307864815986	533307845645291
533307855570502	533307881540473	533307860470445
533307871677843	533307898084215	533307876434516
533307888319933	533307914726060	533307893131863
533307904367784	533307931354519	533307910008490
533307922042914	533307947983914	533307928201362
533307937803087	533307964618272	533307944308946
533307954627957	533307981263984	533307962082099
533307971113430	533307997896796	533307978575304
533307987731879	533308014572374	533307995649278
533308004267646	533308031164822	533308011258246
533308019980618	533308047785061	533308028037299
533308037178046	533308064436021	533308044616075
533308054032986	533308081077175	533308062017402
533308070708605	533308097706692	533308079072944
533308087699083	533308114362372	533308097299384
533308104419135	533308130962023	533308111724962
533308121352159	533308147621080	533308128185696
533308137841946	533308164226101	533308144702501
533308155101915	533308180856757	533308161765286
533308171307685	533308197491970	533308178091661
533308188001044	533308214129015	533308194624254
533308204802843	533308230769558	533308211653185
533308221421902	533308247396349	533308228270942
533308238005805	533308264034899	533308244342882
533308255022610	533308280668159	533308261477851
533308271273465	533308297317858	533308277775703
533308288293281	533308313939073	533308296509060
533308305229682	533308330562283	533308314018948
533308320818387	533308347208889	533308329264960
533308337152778	533308363837958	533308344323188
533308353641832	533308380529690	533308361288846
533308370333116	533308397110379	533308377598334
533308386988919	533308413791368	533308396713935
533308403528266	533308430375678	533308412654528
533308420802436	533308447043769	533308428984280
533308436501044	533308463642646	533308443887519
533308453614733	533308480272732	533308461125190
533308469757311	533308496910550	533308477083198
533308486589139	533308513623318	533308493721219
533308503288805	533308530192939	533308510210883
533308519896471	533308546826606	533308527941515
533308537502225	533308563451362	533308544330919
533308553925849	533308580074083	533308562205675
533308570438097	533308596717719	533308576950955

533308155101915	533308180856757	533308161765286
533308171307685	533308197491970	533308178091661
533308188001044	533308214129015	533308194624254
533308204802843	533308230769558	533308211653185
533308221421902	533308247396349	533308228270942
533308238005805	533308264034899	533308244342882
533308255022610	533308280668159	533308261477851
533308271273465	533308297317858	533308277775703
533308288293281	533308313939073	533308296509060
533308305229682	533308330562283	533308314018948
533308320818387	533308347208889	533308329264960
533308337152778	533308363837958	533308344323188
533308353641832	533308380529690	533308361288846
533308370333116	533308397110379	533308377598334
533308386988919	533308413791368	533308396713935
533308403528266	533308430375678	533308412654528
533308420802436	533308447043769	533308428984280
533308436501044	533308463642646	533308443887519
533308453614733	533308480272732	533308461125190
533308469757311	533308496910550	533308477083198
533308486589139	533308513623318	533308493721219
533308503288805	533308530192939	533308510210883
533308519896471	533308546826606	533308527941515
533308537502225	533308563451362	533308544330919
533308553925849	533308580074083	533308562205675
533308570438097	533308596717719	533308576950955
533308587345161	533308613350450	533308593065986
533308603954658	533308629984280	533308609608670
533308620438422	533308646625027	533308625839017
533308637715115	533308663252672	533308642529853
533308654151598	533308679904650	533308663150418
533308670430081	533308696552884	533308677700670
533308687270006	533308713157010	533308692716824
533308703860786	533308729832343	533308709197863
533308721741889	533308746428820	533308724525133
533308737258125	533308763067085	533308742063300
533308753774523	533308779710599	533308758470283
533308770486640	533308796351997	533308775278673
533308787575304	533308812975898	533308793692898
533308803198961	533308829614000	533308810665473
533308819723701	533308846222928	533308827143541
533308836415555	533308862906359	533308843132555
533308852676745	533308879646675	533308859360745
533308869137112	533308896170438	533308876534044
533308885751085	533308912763903	533308893091621
533308902498196	533308929401802	533308909362088
533308919273017	533308946027412	533308926461494
533308936228462	533308962688382	533308944353462
533308952723620	533308979338732	533308960106758
533308969152453	533308995943834	533308977960965
533308985860786	533309012570747	533308993049751
533309002494656	533309029208727	533309007813382
533309019091784	533309045831570	533309024391751
533309035750109	533309062470934	533309042266955
533309052367581	533309079124132	533309058670071
533309068903958	533309095772570	533309075507962
533309086195666	533309112372952	533309092789538
533309103299059	533309129047065	533309109220527
533309119668932	533309145725125	533309125451199
533309136317207	533309162292386	533309143824409
533309151942288	533309178915229	533309159158678
533309168707954	533309195689521	533309177025784
533309185565864	533309212230740	533309193171414

533308753774523	533308779710599	533308758470283
533308770486640	533308796351997	533308775278673
533308787575304	533308812975898	533308793692898
533308803198961	533308829614000	533308810665473
533308819723701	533308846222928	533308827143541
533308836415555	533308862906359	533308843132555
533308852676745	533308879646675	533308859360745
533308869137112	533308896170438	533308876534044
533308885751085	533308912763903	533308893091621
533308902498196	533308929401802	533308909362088
533308919273017	533308946027412	533308926461494
533308936228462	533308962688382	533308944353462
533308952723620	533308979338732	533308960106758
533308969152453	533308995943834	533308977960965
533308985860786	533309012570747	533308993049751
533309002494656	533309029208727	533309007813382
533309019091784	533309045831570	533309024391751
533309035750109	533309062470934	533309042266955
533309052367581	533309079124132	533309058670071
533309068903958	533309095772570	533309075507962
533309086195666	533309112372952	533309092789538
533309103299059	533309129047065	533309109220527
533309119668932	533309145725125	533309125451199
533309136317207	533309162292386	533309143824409
533309151942288	533309178915229	533309159158678
533309168707954	533309195689521	533309177025784
533309185565864	533309212230740	533309193171414
533309202334337	533309228818712	533309208824979
533309218742174	533309245450264	533309224778795
533309235561958	533309262082100	533309241651924
533309252339587	533309278716133	533309260624743
533309268818916	533309295355008	533309275591987
533309285575996	533309311984687	533309291583483
533309302749173	533309328616076	533309308301460
533309320153022	533309345264188	533309324740832
533309336144803	533309361890449	533309341612454
533309352549303	533309378522000	533309358075426
533309369593005	533309395186104	533309377115669
533309385940661	533309411824328	533309392583524
533309401941759	533309428429512	533309409289416
533309419064440	533309445071357	533309426714342
533309435593940	533309461690579	533309441481921
533309452661079	533309478327583	533309458001777
533309468432279	533309494974393	533309474946927
533309484858752	533309511712552	533309492102933
533309501305773	533309528254341	533309508311429
533309518060534	533309544875964	533309525277616
533309535436266	533309561524727	533309541925077
533309551946113	533309578184313	533309558422350
533309568851590	533309594785428	533309578674629
533309585599637	533309611446520	533309592259142
533309602234443	533309628038561	533309608112210
533309618735786	533309644669787	533309624300077
533309634157051	533309661322578	533309642388496
533309650969999	533309677929430	533309657677762
533309667725736	533309694697171	533309674614041
533309685135933	533309711222074	533309691248400
533309701152534	533309727838285	533309709434761
533309717904894	533309744474637	533309725180936
533309734588936	533309761115384	533309741774238
533309751515083	533309777756253	533309758365751
533309768206937	533309794376249	533309774698351
533309784475003	533309811017972	533309790726265

533309369593005	533309395186104	533309377115669
533309385940661	533309411824328	533309392583524
533309401941759	533309428429512	533309409289416
533309419064440	533309445071357	533309426714342
533309435593940	533309461690579	533309441481921
533309452661079	533309478327583	533309458001777
533309468432279	533309494974393	533309474946927
533309484858752	533309511712552	533309492102933
533309501305773	533309528254341	533309508311429
533309518060534	533309544875964	533309525277616
533309535436266	533309561524727	533309541925077
533309551946113	533309578184313	533309558422350
533309568851590	533309594785428	533309578674629
533309585599637	533309611446520	533309592259142
533309602234443	533309628038561	533309608112210
533309618735786	533309644669787	533309624300077
533309634157051	533309661322578	533309642388496
533309650969999	533309677929430	533309657677762
533309667725736	533309694697171	533309674614041
533309685135933	533309711222074	533309691248400
533309701152534	533309727838285	533309709434761
533309717904894	533309744474637	533309725180936
533309734588936	533309761115384	533309741774238
533309751515083	533309777756253	533309758365751
533309768206937	533309794376249	533309774698351
533309784475003	533309811017972	533309790726265
533309801094510	533309827638822	533309806681791
533309817829455	533309844288073	533309825699247
533309834556750	533309860903796	533309841389880
533309851348946	533309877614489	533309857397448
533309867515816	533309894184720	533309874999743
533309884295438	533309910809273	533309891420601
533309901094226	533309927442858	533309907693143
533309918081856	533309944116809	533309924137398
533309935043892	533309960723376	533309941039416
533309950868314	533309977354683	533309957438382
533309967548571	533309993978462	533309974505643
533309984502591	533310010652901	533309990764839
533310000515816	533310027293892	533310007200752
533310019469592	533310043962715	533310027237089
533310033604195	533310060525419	533310045013700
533310050145699	533310077161649	533310059076647
533310066774686	533310093800036	533310072536405
533310083336291	533310110425321	533310088786853
533310100155790	533310127094958	533310107696195
533310116667509	533310143903430	533310122065254
533310133564603	533310160338488	533310139344104
533310151922229	533310176991687	533310158124092
533310166960070	533310193602893	533310173313260
533310183677193	533310210266467	533310189704496
533310200378405	533310226885770	533310206549019
533310218004911	533310243544421	533310222888171
533310234614164	533310260141711	533310239648954
533310251151070	533310276812732	533310257445503
533310267611845	533310293411283	533310273030871
533310284399239	533310310033801	533310290737292
533310301037504	533310326700223	533310306676460
533310318003446	533310343310941	533310323484607
533310334911731	533310359941719	533310340180041
533310350911202	533310376601347	533310355676094
533310367551867	533310393203764	533310372093412
533310384362658	533310409851957	533310388961128
533310401032865	533310426478218	533310407662138

533310000515816	533310027293892	533310007200752
533310019469592	533310043962715	533310027237089
533310033604195	533310060525419	533310045013700
533310050145699	533310077161649	533310059076647
533310066774686	533310093800036	533310072536405
533310083336291	533310110425321	533310088786853
533310100155790	533310127094958	533310107696195
533310116667509	533310143903430	533310122065254
533310133564603	533310160338488	533310139344104
533310151922229	533310176991687	533310158124092
533310166960070	533310193602893	533310173313260
533310183677193	533310210266467	533310189704496
533310200378405	533310226885770	533310206549019
533310218004911	533310243544421	533310222888171
533310234614164	533310260141711	533310239648954
533310251151070	533310276812732	533310257445503
533310267611845	533310293411283	533310273030871
533310284399239	533310310033801	533310290737292
533310301037504	533310326700223	533310306676460
533310318003446	533310343310941	533310323484607
533310334911731	533310359941719	533310340180041
533310350911202	533310376601347	533310355676094
533310367551867	533310393203764	533310372093412
533310384362658	533310409851957	533310388961128
533310401032865	533310426478218	533310407662138
533310417135445	533310443113228	533310422904773
533310433775948	533310459733956	533310439382678
533310450515206	533310476380521	533310455867256
533310467092476	533310493031156	533310472502632
533310483571643	533310509652209	533310489730416
533310500066272	533310526282662	533310505973539
533310516885119	533310542922473	533310522671863
533310533731758	533310559571317	533310539459826
533310550128731	533310576183948	533310555962064
533310566674629	533310592811226	533310572739001
533310583624377	533310609467558	533310589917143
533310599712512	533310626128365	533310605671537
533310616296863	533310642740181	533310624082833
533310633393949	533310659365263	533310640373482
533310649756091	533310675992908	533310656475248
533310667651965	533310692626534	533310673415189
533310682498197	533310709249133	533310691179105
533310699431425	533310725883858	533310706683663
533310714924874	533310742565377	533310722300972
533310731709867	533310759187813	533310739182320
533310748543404	533310775797432	533310755129382
533310765268909	533310792440987	533310772393135
533310782541288	533310809094023	533310789821317
533310799140979	533310825690946	533310804996814
533310815642810	533310842325549	533310822504748
533310832540922	533310859013700	533310839203926
533310849044136	533310875677926	533310855745593
533310865934558	533310892261137	533310872405465
533310882419259	533310908863472	533310890773588
533310899408964	533310925526192	533310905754626
533310916243152	533310942144804	533310921822904
533310933673694	533310958781360	533310939295479
533310949731596	533310975408964	533310955032418
533310966522449	533310992093860	533310970862170
533310983124337	533311008659452	533310989477161
533310999669543	533311025313871	533311005449817
533311015813749	533311041950142	533311024552112
533311032337227	533311058645862	533311038747913

533310599712512	533310626128365	533310605671537
533310616296863	533310642740181	533310624082833
533310633393949	533310659365263	533310640373482
533310649756091	533310675992908	533310656475248
533310667651965	533310692626534	533310673415189
533310682498197	533310709249133	533310691179105
533310699431425	533310725883858	533310706683663
533310714924874	533310742565377	533310722300972
533310731709867	533310759187813	533310739182320
533310748543404	533310775797432	533310755129382
533310765268909	533310792440987	533310772393135
533310782541288	533310809094023	533310789821317
533310799140979	533310825690946	533310804996814
533310815642810	533310842325549	533310822504748
533310832540922	533310859013700	533310839203926
533310849044136	533310875677926	533310855745593
533310865934558	533310892261137	533310872405465
533310882419259	533310908863472	533310890773588
533310899408964	533310925526192	533310905754626
533310916243152	533310942144804	533310921822904
533310933673694	533310958781360	533310939295479
533310949731596	533310975408964	533310955032418
533310966522449	533310992093860	533310970862170
533310983124337	533311008659452	533310989477161
533310999669543	533311025313871	533311005449817
533311015813749	533311041950142	533311024552112
533311032337227	533311058645862	533311038747913
533311049132556	533311075212227	533311054396635
533311065986560	533311091835966	533311070910470
533311082433459	533311108477812	533311088249703
533311098818510	533311125145780	533311104618640
533311115873482	533311141732776	533311121408923
533311132310291	533311158373767	533311137968127
533311148297229	533311174998482	533311154308866
533311165120553	533311191653634	533311170943754
533311181633451	533311208279325	533311188775948
533311197964221	533311224909127	533311204540230
533311214514270	533311241560250	533311221140572
533311231125720	533311258189929	533311238342395
533311247611316	533311274830636	533311254204863
533311264338204	533311291471301	533311271931588
533311281443062	533311308096464	533311289556140
533311297652088	533311324725655	533311305400867
533311314115019	533311341364531	533311322544177
533311330684111	533311358010323	533311338200672
533311347353341	533311374682361	533311355161894
533311364324817	533311391261869	533311371864164
533311381072009	533311407887724	533311389759632
533311397931751	533311424545927	533311405275094
533311414896839	533311441163115	533311422058907
533311431561064	533311457814238	533311439145130
533311448423287	533311474422921	533311455354968
533311464739856	533311491081694	533311472113717
533311482747099	533311507723662	533311489717761
533311498523873	533311524354846	533311505593575
533311515297677	533311540975208	533311521994780
533311531677193	533311557617338	533311539268787
533311548674508	533311574233915	533311554394438
533311565461943	533311590886544	533311572129220
533311581770211	533311607497018	533311589529244
533311598854399	533311624149728	533311604883248
533311614323841	533311640769886	533311622900948
533311630939034	533311657423816	533311637871692

533311231125720	533311258189929	533311238342395
533311247611316	533311274830636	533311254204863
533311264338204	533311291471301	533311271931588
533311281443062	533311308096464	533311289556140
533311297652088	533311324725655	533311305400867
533311314115019	533311341364531	533311322544177
533311330684111	533311358010323	533311338200672
533311347353341	533311374682361	533311355161894
533311364324817	533311391261869	533311371864164
533311381072009	533311407887724	533311389759632
533311397931751	533311424545927	533311405275094
533311414896839	533311441163115	533311422058907
533311431561064	533311457814238	533311439145130
533311448423287	533311474422921	533311455354968
533311464739856	533311491081694	533311472113717
533311482747099	533311507723662	533311489717761
533311498523873	533311524354846	533311505593575
533311515297677	533311540975208	533311521994780
533311531677193	533311557617338	533311539268787
533311548674508	533311574233915	533311554394438
533311565461943	533311590886544	533311572129220
533311581770211	533311607497018	533311589529244
533311598854399	533311624149728	533311604883248
533311614323841	533311640769886	533311622900948
533311630939034	533311657423816	533311637871692
533311647416166	533311674031116	533311655110502
533311664075305	533311690669869	533311670753610
533311680736072	533311707296578	533311688271391
533311697533964	533311723980131	533311703973336
533311714099069	533311740628447	533311720728138
533311730236316	533311757225289	533311738422270
533311746841459	533311773893339	533311754828764
533311764566720	533311790473580	533311773325835
533311780494210	533311807158232	533311789996245
533311796789864	533311823797392	533311805062651
533311814204904	533311840440865	533311821242908
533311831892159	533311857033069	533311839516183
533311847925118	533311873662545	533311853971220
533311864169788	533311890269886	533311869948027
533311881400053	533311906908639	533311886955229
533311897618681	533311923590849	533311904926502
533311914572050	533311940181873	533311919933338
533311931376819	533311956830351	533311938048003
533311947772856	533311973474109	533311954751575
533311964639962	533311990092965	533311971137602
533311980853341	533312006733956	533311988744414
533311997196277	533312023397653	533312005115223
533312014035796	533312039976754	533312021850859
533312030751128	533312056645700	533312037268136
533312047752837	533312073266549	533312053233265
533312064595325	533312089878976	533312069911162
533312080834583	533312106516305	533312086676054
533312097693388	533312123143462	533312103655140
533312113974476	533312139798043	533312119901193
533312130892689	533312156439930	533312138045765
533312146938221	533312173061878	533312153103219
533312163372140	533312189712879	533312170884022
533312179992908	533312206323800	533312187868356
533312195785267	533312222955107	533312206400989
533312212546985	533312239609038	533312220648833
533312228904326	533312256230864	533312235549264
533312245597726	533312272867868	533312251886463
533312262122832	533312289501413	533312268340076

533311847925118	533311873662545	533311853971220
533311864169788	533311890269886	533311869948027
533311881400053	533311906908639	533311886955229
533311897618681	533311923590849	533311904926502
533311914572050	533311940181873	533311919933338
533311931376819	533311956830351	533311938048003
533311947772856	533311973474109	533311954751575
533311964639962	533311990092965	533311971137602
533311980853341	533312006733956	533311988744414
533311997196277	533312023397653	533312005115223
533312014035796	533312039976754	533312021850859
533312030751128	533312056645700	533312037268136
533312047752837	533312073266549	533312053233265
533312064595325	533312089878976	533312069911162
533312080834583	533312106516305	533312086676054
533312097693388	533312123143462	533312103655140
533312113974476	533312139798043	533312119901193
533312130892689	533312156439930	533312138045765
533312146938221	533312173061878	533312153103219
533312163372140	533312189712879	533312170884022
533312179992908	533312206323800	533312187868356
533312195785267	533312222955107	533312206400989
533312212546985	533312239609038	533312220648833
533312228904326	533312256230864	533312235549264
533312245597726	533312272867868	533312251886463
533312262122832	533312289501413	533312268340076
533312278863229	533312306125273	533312284525582
533312295834624	533312322775176	533312302666289
533312312497628	533312339397978	533312318741932
533312329157459	533312356082101	533312335393584
533312346375477	533312372667388	533312351834502
533312363092274	533312389298939	533312368771961
533312379912708	533312405936512	533312385089832
533312396301584	533312422576364	533312403480376
533312413324451	533312439206247	533312419325672
533312430078520	533312455844267	533312435946929
533312446188953	533312472488921	533312452586740
533312463794870	533312489126413	533312469374988
533312479885690	533312505747100	533312486205555
533312497050322	533312522400216	533312503315581
533312513046741	533312539026112	533312520952707
533312529974435	533312555683420	533312537539743
533312547100127	533312572294910	533312554202096
533312563050566	533312588928618	533312570823271
533312579957345	533312605552397	533312587849923
533312596530059	533312622201730	533312604182280
533312604801787	533312638839588	533312621653716
533312629468942	533312655446603	533312636571440
533312645752511	533312672125762	533312653041248
533312662444325	533312688705596	533312675253162
533312678920602	533312705353260	533312688770496
533312695687855	533312722013538	533312703795806
533312712831247	533312738697295	533312717659046
533312729055612	533312755249907	533312733922189
533312745269438	533312771881418	533312750817331
533312761888538	533312788531564	533312767077585
533312778287749	533312805156361	533312783639189
533312795054717	533312821786040	533312803677682
533312811609526	533312838441517	533312817659331
533312828456287	533312855058745	533312833082671
533312844807240	533312871689808	533312848725819
533312861973296	533312888341989	533312865689808
533312878849191	533312904966501	533312883005767

533312446188953	533312472488921	533312452586740
533312463794870	533312489126413	533312469374988
533312479885690	533312505747100	533312486205555
533312497050322	533312522400216	533312503315581
533312513046741	533312539026112	533312520952707
533312529974435	533312555683420	533312537539743
533312547100127	533312572294910	533312554202096
533312563050566	533312588928618	533312570823271
533312579957345	533312605552397	533312587849923
533312596530059	533312622201730	533312604182280
533312604801787	533312638839588	533312621653716
533312629468942	533312655446603	533312636571440
533312645752511	533312672125762	533312653041248
533312662444325	533312688705596	533312675253162
533312678920602	533312705353260	533312688770496
533312695687855	533312722013538	533312703795806
533312712831247	533312738697295	533312717659046
533312729055612	533312755249907	533312733922189
533312745269438	533312771881418	533312750817331
533312761888538	533312788531564	533312767077585
533312778287749	533312805156361	533312783639189
533312795054717	533312821786040	533312803677682
533312811609526	533312838441517	533312817659331
533312828456287	533312855058745	533312833082671
533312844807240	533312871689808	533312848725819
533312861973296	533312888341989	533312865689808
533312878849191	533312904966501	533312883005767
533312895139312	533312921621693	533312900824167
533312911347970	533312938272938	533312916683420
533312928217762	533312954862944	533312934188384
533312944743804	533312971528268	533312950386219
533312961386301	533312988150583	533312966665882
533312978419219	533313004764678	533312983397490
533312994991281	533313021399444	533313001662831
533313012248361	533313038033314	533313017276966
533313028564767	533313054665394	533313034614531
533313045183786	533313071292184	533313050872995
533313062106515	533313087939971	533313067434763
533313078943430	533313104669626	533313084210641
533313095679473	533313121203277	533313103878081
533313111354237	533313137841053	533313117596424
533313128478545	533313154471791	533313134821888
533313144947336	533313171135812	533313151696319
533313161986927	533313187763417	533313168308949
533313178280547	533313204372914	533313185669016
533313196345204	533313221015939	533313201871978
533313211454212	533313237673654	533313218051218
533313228761626	533313254301462	533313235304066
533313245151885	533313270934356	533313252513539
533313261838653	533313287551340	533313269727406
533313278312774	533313304187489	533313284468495
533313294584421	533313320829904	533313300657582
533313310838734	533313337452300	533313317627552
533313327612294	533313354084380	533313333947621
533313344418446	533313370774932	533313351288929
533313363695790	533313387367054	533313368409250
533313377286244	533313403984364	533313385717071
533313393928334	533313420936431	533313401452097
533313411304880	533313437290516	533313421671254
533313427157012	533313453931426	533313436369740
533313443741892	533313470552194	533313451176259
533313460507598	533313487189035	533313467688099
533313477114694	533313503803212	533313483000925

533313062106515	533313087939971	533313067434763
533313078943430	533313104669626	533313084210641
533313095679473	533313121203277	533313103878081
533313111354237	533313137841053	533313117596424
533313128478545	533313154471791	533313134821888
533313144947336	533313171135812	533313151696319
533313161986927	533313187763417	533313168308949
533313178280547	533313204372914	533313185669016
533313196345204	533313221015939	533313201871978
533313211454212	533313237673654	533313218051218
533313228761626	533313254301462	533313235304066
533313245151885	533313270934356	533313252513539
533313261838653	533313287551340	533313269727406
533313278312774	533313304187489	533313284468495
533313294584421	533313320829904	533313300657582
533313310838734	533313337452300	533313317627552
533313327612294	533313354084380	533313333947621
533313344418446	533313370774932	533313351288929
533313363695790	533313387367054	533313368409250
533313377286244	533313403984364	533313385717071
533313393928334	533313420936431	533313401452097
533313411304880	533313437290516	533313421671254
533313427157012	533313453931426	533313436369740
533313443741892	533313470552194	533313451176259
533313460507598	533313487189035	533313467688099
533313477114694	533313503803212	533313483000925
533313493874948	533313520417592	533313499277984
533313510364450	533313537067535	533313515389434
533313527336211	533313553704701	533313531938384
533313544330026	533313570318104	533313549160593
533313561088897	533313586953928	533313566173980
533313577709462	533313603666493	533313583091135
533313594022857	533313620268300	533313599350168
533313610561228	533313636911366	533313616980498
533313629287912	533313653610381	533313637342111
533313644680938	533313670134226	533313650849598
533313661321319	533313686761301	533313666842681
533313677591989	533313703430165	533313683766753
533313694153676	533313720067657	533313700317982
533313710421213	533313736709177	533313717872222
533313726922719	533313753290150	533313732542348
533313743585886	533313769940704	533313748389719
533313760693674	533313786615875	533313765035471
533313777731353	533313803212595	533313782618926
533313793880035	533313819837269	533313800444447
533313811035267	533313836474192	533313817429758
533313827049061	533313853100941	533313832709055
533313843308949	533313869856353	533313849068186
533313860532134	533313886398183	533313867133127
533313877311675	533313903008290	533313883790394
533313894147816	533313919643625	533313899412424
533313909785430	533313936277252	533313915975657
533313926378611	533313952911732	533313932291046
533313942868235	533313969686472	533313948771474
533313959402414	533313986206573	533313965753651
533313976249786	533314002829091	533313983049428
533313992733591	533314019488189	533314000280995
533314009147247	533314036099639	533314020053293
533314025786407	533314052719634	533314033051299
533314042580230	533314069342274	533314050336374
533314059198801	533314085978830	533314065760487
533314076220530	533314102615834	533314084103098
533314092603383	533314119268870	533314098826812

533313694153676	533313720067657	533313700317982
533313710421213	533313736709177	533313717872222
533313726922719	533313753290150	533313732542348
533313743585886	533313769940704	533313748389719
533313760693674	533313786615875	533313765035471
533313777731353	533313803212595	533313782618926
533313793880035	533313819837269	533313800444447
533313811035267	533313836474192	533313817429758
533313827049061	533313853100941	533313832709055
533313843308949	533313869856353	533313849068186
533313860532134	533313886398183	533313867133127
533313877311675	533313903008290	533313883790394
533313894147816	533313919643625	533313899412424
533313909785430	533313936277252	533313915975657
533313926378611	533313952911732	533313932291046
533313942868235	533313969686472	533313948771474
533313959402414	533313986206573	533313965753651
533313976249786	533314002829091	533313983049428
533313992733591	533314019488189	533314000280995
533314009147247	533314036099639	533314020053293
533314025786407	533314052719634	533314033051299
533314042580230	533314069342274	533314050336374
533314059198801	533314085978830	533314065760487
533314076220530	533314102615834	533314084103098
533314092603383	533314119268870	533314098826812
533314109890411	533314135896962	533314117191477
533314126339141	533314152530426	533314134058664
533314143375844	533314169167022	533314149901885
533314159551747	533314185796620	533314167020334
533314176422271	533314202416819	533314183882273
533314192886952	533314219064727	533314198991770
533314209445343	533314235704823	533314216503611
533314227339548	533314252340077	533314234458282
533314242755727	533314268959340	533314248869618
533314259409006	533314285657989	533314266506825
533314276090159	533314302226796	533314283508982
533314292644317	533314318867421	533314301126739
533314309264679	533314335514923	533314317396474
533314326053253	533314352177724	533314333032419
533314342674265	533314368767974	533314349145050
533314359049957	533314385387563	533314366386139
533314376103139	533314402039866	533314383101064
533314392191762	533314418664662	533314399234527
533314409597442	533314435303171	533314417175160
533314425829010	533314451930979	533314432615387
533314443229766	533314468697459	533314448649363
533314458569529	533314485221181	533314465982167
533314475452708	533314501879872	533314483395416
533314491642812	533314518474029	533314499139841
533314508470855	533314535115753	533314517179474
533314525488596	533314551779815	533314532488434
533314541561147	533314568390452	533314549430369
533314558498158	533314585029286	533314566070628
533314575078277	533314601646759	533314582876454
533314592183827	533314618272247	533314598704213
533314607915476	533314634922556	533314618332306
533314624713735	533314651547475	533314631493194
533314641457224	533314668181345	533314648101227
533314658257436	533314684809438	533314664893463
533314675043080	533314701443105	533314681637685
533314691837717	533314718079498	533314697906687
533314708607127	533314734731476	533314715070506
533314725518422	533314751368927	533314732447581

533314276090159	533314302226796	533314283508982
533314292644317	533314318867421	533314301126739
533314309264679	533314335514923	533314317396474
533314326053253	533314352177724	533314333032419
533314342674265	533314368767974	533314349145050
533314359049957	533314385387563	533314366386139
533314376103139	533314402039866	533314383101064
533314392191762	533314418664662	533314399234527
533314409597442	533314435303171	533314417175160
533314425829010	533314451930979	533314432615387
533314443229766	533314468697459	533314448649363
533314458569529	533314485221181	533314465982167
533314475452708	533314501879872	533314483395416
533314491642812	533314518474029	533314499139841
533314508470855	533314535115753	533314517179474
533314525488596	533314551779815	533314532488434
533314541561147	533314568390452	533314549430369
533314558498158	533314585029286	533314566070628
533314575078277	533314601646759	533314582876454
533314592183827	533314618272247	533314598704213
533314607915476	533314634922556	533314618332306
533314624713735	533314651547475	533314631493194
533314641457224	533314668181345	533314648101227
533314658257436	533314684809438	533314664893463
533314675043080	533314701443105	533314681637685
533314691837717	533314718079498	533314697906687
533314708607127	533314734731476	533314715070506
533314725518422	533314751368927	533314732447581
533314742201690	533314768001210	533314749253733
533314758833648	533314784627757	533314766136464
533314776114125	533314801250600	533314782779612
533314791884104	533314817890940	533314797759877
533314808090484	533314834546905	533314816172556
533314824754384	533314851168406	533314831401520
533314842125885	533314867827871	533314849034088
533314858545318	533314884468984	533314865514882
533314875293528	533314901101308	533314883353627
533314891294016	533314917715729	533314901429230
533314907769562	533314934364207	533314916673289
533314924512115	533314950966136	533314932370799
533314941286855	533314967641347	533314947819855
533314958563629	533314984229075	533314964448069
533314975263377	533315000899648	533314981127757
533314992685537	533315017495473	533314998209544
533315007988434	533315034138702	533315015447906
533315024996775	533315050758616	533315031150787
533315041055979	533315067398549	533315047743154
533315057979034	533315084057281	533315064193553
533315074614003	533315100670522	533315081923085
533315091273671	533315117327586	533315099726959
533315107365916	533315133940745	533315115261912
533315123698435	533315150615143	533315130722809
533315140475657	533315167194855	533315146987091
533315157175975	533315183828644	533315163692739
533315174567413	533315200471832	533315180797190
533315189954336	533315217117218	533315199168406
533315206564524	533315233760366	533315215329620
533315223233388	533315250388621	533315232194611
533315239816844	533315267015696	533315247791412
533315256666779	533315283651479	533315264347972
533315273960358	533315300278432	533315281440053
533315290832550	533315316927033	533315297980662
533315306885366	533315333669790	533315315490061

533314907769562	533314934364207	533314916673289
533314924512115	533314950966136	533314932370799
533314941286855	533314967641347	533314947819855
533314958563629	533314984229075	533314964448069
533314975263377	533315000899648	533314981127757
533314992685537	533315017495473	533314998209544
533315007988434	533315034138702	533315015447906
533315024996775	533315050758616	533315031150787
533315041055979	533315067398549	533315047743154
533315057979034	533315084057281	533315064193553
533315074614003	533315100670522	533315081923085
533315091273671	533315117327586	533315099726959
533315107365916	533315133940745	533315115261912
533315123698435	533315150615143	533315130722809
533315140475657	533315167194855	533315146987091
533315157175975	533315183828644	533315163692739
533315174567413	533315200471832	533315180797190
533315189954336	533315217117218	533315199168406
533315206564524	533315233760366	533315215329620
533315223233388	533315250388621	533315232194611
533315239816844	533315267015696	533315247791412
533315256666779	533315283651479	533315264347972
533315273960358	533315300278432	533315281440053
533315290832550	533315316927033	533315297980662
533315306885366	533315333669790	533315315490061
533315323341054	533315350185008	533315333775869
533315340189321	533315366827179	533315347602895
533315352368439	533315383469106	533315364119863
533315373318512	533315400086538	533315380446930
533315390219228	533315416762563	533315398231557
533315406753042	533315433384430	533315414242137
533315424166535	533315449980092	533315431076284
533315440740387	533315466672882	533315446657868
533315457226349	533315483295766	533315463458527
533315473675853	533315499901723	533315481015737
533315490771027	533315516681509	533315499651601
533315507560089	533315533156484	533315514420441
533315523961172	533315549787628	533315531145823
533315540996369	533315566423493	533315545900136
533315557326447	533315583062042	533315562601390
533315573827220	533315599697785	533315579400177
533315590629059	533315616318105	533315595855784
533315606990062	533315632969188	533315612583242
533315626108592	533315649627635	533315630707184
533315639576854	533315666232249	533315646218211
533315656678172	533315682878896	533315663449127
533315673522410	533315699522085	533315680511627
533315689945425	533315716133820	533315696114695
533315705603668	533315732762930	533315712641714
533315722224030	533315749393585	533315730028310
533315738681142	533315766035838	533315745756989
533315755340078	533315782695425	533315762520132
533315771964264	533315799300690	533315779257314
533315789251740	533315815930613	533315798181305
533315805220978	533315832610504	533315812653799
533315821945710	533315849219310	533315829978628
533315838864492	533315865841055	533315846885447
533315855314240	533315882481558	533315863678294
533315872728058	533315899112661	533315879356395
533315889045522	533315915742340	533315895845286
533315906447052	533315932383901	533315912910797
533315922444855	533315949035553	533315930678254
533315939089956	533315965647614	533315946541738

533315507560089	533315533156484	533315514420441
533315523961172	533315549787628	533315531145823
533315540996369	533315566423493	533315545900136
533315557326447	533315583062042	533315562601390
533315573827220	533315599697785	533315579400177
533315590629059	533315616318105	533315595855784
533315606990062	533315632969188	533315612583242
533315626108592	533315649627635	533315630707184
533315639576854	533315666232249	533315646218211
533315656678172	533315682878896	533315663449127
533315673522410	533315699522085	533315680511627
533315689945425	533315716133820	533315696114695
533315705603668	533315732762930	533315712641714
533315722224030	533315749393585	533315730028310
533315738681142	533315766035838	533315745756989
533315755340078	533315782695425	533315762520132
533315771964264	533315799300690	533315779257314
533315789251740	533315815930613	533315798181305
533315805220978	533315832610504	533315812653799
533315821945710	533315849219310	533315829978628
533315838864492	533315865841055	533315846885447
533315855314240	533315882481558	533315863678294
533315872728058	533315899112661	533315879356395
533315889045522	533315915742340	533315895845286
533315906447052	533315932383901	533315912910797
533315922444855	533315949035553	533315930678254
533315939089956	533315965647614	533315946541738
533315955955597	533315982280508	533315962613678
533315973348826	533315998910146	533315981245596
533315989250153	533316015554474	533315996155752
533316005943472	533316032187938	533316012447012
533316022874217	533316048826406	533316030303335
533316039421987	533316065440705	533316046149608
533316055824982	533316082130687	533316062608999
533316073168773	533316098720286	533316082019847
533316089665518	533316115354482	533316097235830
533316105826203	533316131994660	533316114718008
533316122711579	533316148681794	533316129828766
533316139155467	533316165254141	533316146397166
533316156296580	533316181877879	533316162360667
533316172367218	533316198523387	533316176830964
533316188724640	533316215169994	533316193336660
533316205421621	533316231783967	533316210089183
533316222168773	533316248419546	533316227334544
533316239090119	533316265054678	533316244123688
533316255802155	533316281686310	533316262005484
533316272593578	533316298316234	533316278456533
533316288670929	533316314973908	533316293920441
533316304958364	533316331596629	533316310674022
533316322016388	533316348221507	533316327967520
533316337878612	533316364892691	533316343989736
533316355424632	533316381485016	533316362145458
533316371012401	533316398134105	533316378079011
533316387535838	533316414798127	533316395753490
533316404136221	533316431404938	533316410739045
533316421035391	533316448021068	533316427899323
533316437915640	533316464709016	533316443810700
533316454432119	533316481326976	533316461409048
533316471116323	533316497924103	533316479516266
533316487572460	533316514565583	533316494849396
533316504530671	533316531203197	533316510719554
533316521993561	533316547836986	533316527738150
533316538318716	533316564476065	533316544101716

533316139155467	533316165254141	533316146397166
533316156296580	533316181877879	533316162360667
533316172367218	533316198523387	533316176830964
533316188724640	533316215169994	533316193336660
533316205421621	533316231783967	533316210089183
533316222168773	533316248419546	533316227334544
533316239090119	533316265054678	533316244123688
533316255802155	533316281686310	533316262005484
533316272593578	533316298316234	533316278456533
533316288670929	533316314973908	533316293920441
533316304958364	533316331596629	533316310674022
533316322016388	533316348221507	533316327967520
533316337878612	533316364892691	533316343989736
533316355424632	533316381485016	533316362145458
533316371012401	533316398134105	533316378079011
533316387535838	533316414798127	533316395753490
533316404136221	533316431404938	533316410739045
533316421035391	533316448021068	533316427899323
533316437915640	533316464709016	533316443810700
533316454432119	533316481326976	533316461409048
533316471116323	533316497924103	533316479516266
533316487572460	533316514565583	533316494849396
533316504530671	533316531203197	533316510719554
533316521993561	533316547836986	533316527738150
533316538318716	533316564476065	533316544101716
533316554708324	533316581131745	533316560530752
533316571572012	533316597738190	533316577637116
533316588545279	533316614403270	533316594684235
533316604914745	533316631007925	533316610505850
533316622099519	533316647664379	533316628537425
533316638431102	533316664294139	533316643645336
533316655079743	533316680925650	533316661257762
533316671706859	533316697597525	533316677760855
533316689078116	533316714187816	533316698057486
533316705261506	533316730839509	533316710575959
533316721863109	533316747458405	533316726830964
533316738512889	533316764072134	533316743594921
533316755234895	533316780724315	533316759895539
533316772317780	533316797355459	533316777985668
533316787894725	533316814044343	533316794304108
533316805033153	533316830624177	533316812485057
533316821602774	533316847245881	533316828633942
533316837563671	533316863884227	533316842995759
533316854121735	533316880516470	533316859614737
533316870935985	533316897153148	533316876241364
533316886747061	533316913820507	533316892937124
533316903288402	533316930427440	533316910897574
533316920104239	533316947079336	533316928560334
533316936319286	533316963693391	533316944123770
533316953738597	533316980328360	533316960436596
533316969955150	533316996972484	533316977320059
533316986357575	533317013699861	533316995937206
533317003131501	533317030235749	533317010524364
533317019680940	533317046886058	533317028122956
533317036568147	533317063482616	533317046038484
533317053194489	533317080121410	533317061053254
533317069775381	533317096782258	533317076760814
533317086999462	533317113396923	533317093449372
533317103808544	533317130024893	533317110045808
533317120367178	533317146702912	533317126778026
533317138237987	533317163299999	533317145317414
533317154391185	533317179931102	533317161241364
533317170918204	533317196572094	533317176621695

533316755234895	533316780724315	533316759895539
533316772317780	533316797355459	533316777985668
533316787894725	533316814044343	533316794304108
533316805033153	533316830624177	533316812485057
533316821602774	533316847245881	533316828633942
533316837563671	533316863884227	533316842995759
533316854121735	533316880516470	533316859614737
533316870935985	533316897153148	533316876241364
533316886747061	533316913820507	533316892937124
533316903288402	533316930427440	533316910897574
533316920104239	533316947079336	533316928560334
533316936319286	533316963693391	533316944123770
533316953738597	533316980328360	533316960436596
533316969955150	533316996972484	533316977320059
533316986357575	533317013699861	533316995937206
533317003131501	533317030235749	533317010524364
533317019680940	533317046886058	533317028122956
533317036568147	533317063482616	533317046038484
533317053194489	533317080121410	533317061053254
533317069775381	533317096782258	533317076760814
533317086999462	533317113396923	533317093449372
533317103808544	533317130024893	533317110045808
533317120367178	533317146702912	533317126778026
533317138237987	533317163299999	533317145317414
533317154391185	533317179931102	533317161241364
533317170918204	533317196572094	533317176621695
533317187670564	533317213202180	533317193512727
533317204100455	533317229838655	533317210122834
533317220656037	533317246469717	533317226750967
533317237390046	533317263168285	533317243639110
533317253888703	533317279752798	533317263700552
533317270064078	533317296375642	533317277645336
533317287275951	533317313017528	533317294177644
533317303220043	533317329706249	533317308354524
533317320424714	533317346286327	533317327095531
533317337524079	533317362927237	533317345015982
533317353107331	533317379642121	533317358856599
533317369591096	533317396202343	533317374586742
533317386122265	533317412812979	533317391476187
533317402879385	533317429440543	533317407818879
533317419329784	533317446122183	533317424358959
533317436689200	533317462721467	533317444305492
533317453387686	533317479353100	533317461005932
533317469329662	533317495995881	533317476557567
533317486449617	533317512643464	533317492077994
533317502335237	533317529245067	533317508685009
533317519120312	533317545900504	533317525359000
533317535865388	533317562522818	533317542715730
533317552404695	533317579175121	533317558559805
533317569131339	533317595845531	533317579312003
533317585720450	533317612470247	533317593836051
533317602408764	533317629043611	533317611030590
533317618856477	533317645696850	533317626431713
533317635685701	533317662315583	533317642611482
533317652561352	533317678948803	533317658324535
533317669164623	533317695671337	533317674903840
533317686304760	533317712224071	533317692834911
533317702629386	533317728855948	533317709202384
533317719637727	533317745498038	533317725269848
533317735765087	533317762128531	533317743246044
533317752321239	533317778754304	533317758788484
533317769224275	533317795395377	533317775307934
533317786247957	533317812038199	533317792546012

533317353107331	533317379642121	533317358856599
533317369591096	533317396202343	533317374586742
533317386122265	533317412812979	533317391476187
533317402879385	533317429440543	533317407818879
533317419329784	533317446122183	533317424358959
533317436689200	533317462721467	533317444305492
533317453387686	533317479353100	533317461005932
533317469329662	533317495995881	533317476557567
533317486449617	533317512643464	533317492077994
533317502335237	533317529245067	533317508685009
533317519120312	533317545900504	533317525359000
533317535865388	533317562522818	533317542715730
533317552404695	533317579175121	533317558559805
533317569131339	533317595845531	533317579312003
533317585720450	533317612470247	533317593836051
533317602408764	533317629043611	533317611030590
533317618856477	533317645696850	533317626431713
533317635685701	533317662315583	533317642611482
533317652561352	533317678948803	533317658324535
533317669164623	533317695671337	533317674903840
533317686304760	533317712224071	533317692834911
533317702629386	533317728855948	533317709202384
533317719637727	533317745498038	533317725269848
533317735765087	533317762128531	533317743246044
533317752321239	533317778754304	533317758788484
533317769224275	533317795395377	533317775307934
533317786247957	533317812038199	533317792546012
533317802185823	533317828676586	533317808492626
533317818988801	533317845321809	533317826735383
533317835353995	533317861940990	533317844296174
533317851940543	533317878680248	533317861056550
533317868552115	533317895199332	533317875337434
533317887014558	533317911835725	533317892986523
533317902285554	533317928585522	533317908622916
533317919312206	533317945101147	533317926819978
533317935256461	533317961729890	533317943407950
533317951867870	533317978359000	533317957842195
533317968440502	533317995027783	533317974577994
533317985468741	533318011632112	533317991251293
533318002067252	533318028277783	533318009413525
533318018221915	533318044904980	533318026004589
533318035494050	533318061540641	533318043593538
533318051411938	533318078176708	533318057722892
533318068185701	533318094808748	533318074338167
533318085106192	533318111443920	533318091154532
533318101315665	533318128092276	533318107813956
533318118199047	533318144758455	533318126423738
533318134656241	533318161339550	533318143400992
533318151366894	533318177977774	533318157825593
533318167700309	533318194616365	533318174186555
533318184607861	533318211278637	533318193202954
533318201131624	533318228078930	533318208710766
533318217880159	533318244597119	533318229294425
533318234933504	533318261169181	533318245823681
533318251311433	533318277808015	533318259430330
533318267742423	533318294405428	533318272417268
533318285193676	533318311055818	533318289123852
533318302450390	533318327679516	533318305669710
533318318491324	533318344333976	533318323098258
533318335623567	533318360974926	533318340819938
533318352384309	533318377595288	533318357500276
533318369153597	533318394222078	533318374770255
533318384945629	533318410854280	533318392452994

533317935256461	533317961729890	533317943407950
533317951867870	533317978359000	533317957842195
533317968440502	533317995027783	533317974577994
533317985468741	533318011632112	533317991251293
533318002067252	533318028277783	533318009413525
533318018221915	533318044904980	533318026004589
533318035494050	533318061540641	533318043593538
533318051411938	533318078176708	533318057722892
533318068185701	533318094808748	533318074338167
533318085106192	533318111443920	533318091154532
533318101315665	533318128092276	533318107813956
533318118199047	533318144758455	533318126423738
533318134656241	533318161339550	533318143400992
533318151366894	533318177977774	533318157825593
533318167700309	533318194616365	533318174186555
533318184607861	533318211278637	533318193202954
533318201131624	533318228078930	533318208710766
533318217880159	533318244597119	533318229294425
533318234933504	533318261169181	533318245823681
533318251311433	533318277808015	533318259430330
533318267742423	533318294405428	533318272417268
533318285193676	533318311055818	533318289123852
533318302450390	533318327679516	533318305669710
533318318491324	533318344333976	533318323098258
533318335623567	533318360974926	533318340819938
533318352384309	533318377595288	533318357500276
533318369153597	533318394222078	533318374770255
533318384945629	533318410854280	533318392452994
533318401706250	533318427550610	533318408681917
533318419185660	533318444143627	533318424311067
533318434910432	533318460785026	533318441902172
533318453119905	533318477403800	533318460088208
533318467219677	533318494073763	533318474133496
533318483963086	533318510657299	533318491885896
533318501531323	533318527290112	533318509857576
533318517265250	533318543955639	533318523835074
533318533806998	533318560603100	533318541115592
533318551251700	533318577192578	533318557452018
533318567688387	533318593836906	533318573803377
533318584297111	533318610481071	533318592288281
533318600625887	533318627097444	533318609822176
533318616835563	533318643733512	533318625334668
533318633706697	533318660385815	533318640931347
533318650098665	533318677003532	533318657127352
533318666626945	533318693685742	533318673598095
533318684102653	533318710321321	533318691509472
533318700722566	533318726905672	533318709932365
533318717304720	533318743613313	533318725174389
533318734134839	533318760167024	533318739331616
533318750184887	533318776811556	533318758147290
533318766735506	533318793439119	533318773075146
533318783442090	533318810115877	533318790133048
533318800797273	533318826803336	533318809427360
533318817626660	533318843336784	533318826857210
533318834256339	533318859984000	533318842413810
533318850896435	533318876613191	533318855886141
533318867402864	533318893244580	533318872305167
533318884490755	533318909876050	533318889110058
533318900742057	533318926628857	533318905646435
533318917294629	533318943159578	533318923386466
533318934033764	533318959791536	533318943104972
533318950477978	533318976423942	533318958526644
533318967301221	533318993064974	533318972874503

533318551251700	533318577192578	533318557452018
533318567688387	533318593836906	533318573803377
533318584297111	533318610481071	533318592288281
533318600625887	533318627097444	533318609822176
533318616835563	533318643733512	533318625334668
533318633706697	533318660385815	533318640931347
533318650098665	533318677003532	533318657127352
533318666626945	533318693685742	533318673598095
533318684102653	533318710321321	533318691509472
533318700722566	533318726905672	533318709932365
533318717304720	533318743613313	533318725174389
533318734134839	533318760167024	533318739331616
533318750184887	533318776811556	533318758147290
533318766735506	533318793439119	533318773075146
533318783442090	533318810115877	533318790133048
533318800797273	533318826803336	533318809427360
533318817626660	533318843336784	533318826857210
533318834256339	533318859984000	533318842413810
533318850896435	533318876613191	533318855886141
533318867402864	533318893244580	533318872305167
533318884490755	533318909876050	533318889110058
533318900742057	533318926628857	533318905646435
533318917294629	533318943159578	533318923386466
533318934033764	533318959791536	533318943104972
533318950477978	533318976423942	533318958526644
533318967301221	533318993064974	533318972874503
533318984507886	533319009692822	533318990358512
533319002168083	533319026314038	533319005887687
533319017119336	533319042952995	533319020360506
533319033771395	533319059649813	533319037115633
533319050213940	533319076220613	533319055858024
533319066936190	533319092865470	533319071224357
533319083862418	533319109488314	533319088279329
533319099772493	533319126141960	533319105507804
533319116569084	533319142783602	533319122651766
533319135038525	533319159390657	533319138875928
533319149800732	533319176099438	533319156535351
533319165774813	533319192662996	533319173221468
533319182817171	533319209305371	533319189795158
533319199891675	533319225932202	533319208357983
533319215497428	533319242563265	533319224382682
533319232600171	533319259201571	533319239590283
533319248724479	533319275828605	533319256402742
533319265145988	533319292484855	533319272924064
533319283932243	533319309102897	533319291071281
533319299083244	533319325743848	533319308751457
533319315671663	533319342379631	533319325648511
533319332788363	533319359018547	533319340318677
533319348724927	533319375655957	533319354833000
533319365172518	533319392263379	533319372725537
533319382109408	533319408912712	533319388478385
533319398817212	533319425535474	533319405954582
533319415810254	533319442171053	533319424931063
533319432921989	533319458808870	533319439982048
533319449413363	533319475434440	533319453884351
533319466876457	533319492070589	533319469947095
533319483166333	533319508738151	533319487164014
533319499984001	533319525339958	533319504381502
533319516443799	533319541976025	533319522323967
533319532652092	533319558608960	533319538826693
533319549388460	533319575245272	533319555657056
533319565919385	533319591889844	533319571931551
533319582802767	533319608519279	533319588708122

533319149800732	533319176099438	533319156535351
533319165774813	533319192662996	533319173221468
533319182817171	533319209305371	533319189795158
533319199891675	533319225932202	533319208357983
533319215497428	533319242563265	533319224382682
533319232600171	533319259201571	533319239590283
533319248724479	533319275828605	533319256402742
533319265145988	533319292484855	533319272924064
533319283932243	533319309102897	533319291071281
533319299083244	533319325743848	533319308751457
533319315671663	533319342379631	533319325648511
533319332788363	533319359018547	533319340318677
533319348724927	533319375655957	533319354833000
533319365172518	533319392263379	533319372725537
533319382109408	533319408912712	533319388478385
533319398817212	533319425535474	533319405954582
533319415810254	533319442171053	533319424931063
533319432921989	533319458808870	533319439982048
533319449413363	533319475434440	533319453884351
533319466876457	533319492070589	533319469947095
533319483166333	533319508738151	533319487164014
533319499984001	533319525339958	533319504381502
533319516443799	533319541976025	533319522323967
533319532652092	533319558608960	533319538826693
533319549388460	533319575245272	533319555657056
533319565919385	533319591889844	533319571931551
533319582802767	533319608519279	533319588708122
533319598975537	533319625151074	533319604914706
533319615558830	533319641786694	533319622345451
533319632079094	533319658424919	533319638866651
533319648566235	533319675076896	533319658272738
533319664732821	533319691692822	533319671326042
533319681377067	533319708309806	533319688196159
533319697941073	533319724947502	533319704459017
533319714734245	533319741762972	533319722179273
533319731351880	533319758289177	533319741866488
533319748235913	533319774858553	533319759516756
533319764783480	533319791482495	533319773462964
533319781115633	533319808113477	533319785893628
533319797963737	533319824747998	533319802522982
533319814457023	533319841401319	533319819291944
533319831145134	533319858023552	533319836805249
533319847910148	533319874667066	533319854848788
533319864510205	533319891308423	533319871247429
533319881929273	533319907967033	533319888563672
533319897805738	533319924678174	533319904867627
533319914393710	533319941189486	533319921637118
533319930982048	533319957831901	533319937933993
533319948064527	533319974461052	533319956934725
533319964410840	533319991110710	533319971358675
533319981002922	533320007862297	533319989976270
533319997949333	533320024364006	533320008122998
533320014833854	533320041005241	533320023165357
533320031671298	533320057630567	533320035824984
533320048236483	533320074265048	533320053078646
533320064963086	533320090900342	533320069536410
533320081562329	533320107592766	533320086304517
533320098190056	533320124173169	533320103984896
533320114472648	533320140864453	533320121878125
533320130880648	533320157491081	533320137885490
533320147563550	533320174071078	533320154403801
533320164377596	533320190714917	533320170716057
533320180430412	533320207351595	533320187227572

533319748235913	533319774858553	533319759516756
533319764783480	533319791482495	533319773462964
533319781115633	533319808113477	533319785893628
533319797963737	533319824747998	533319802522982
533319814457023	533319841401319	533319819291944
533319831145134	533319858023552	533319836805249
533319847910148	533319874667066	533319854848788
533319864510205	533319891308423	533319871247429
533319881929273	533319907967033	533319888563672
533319897805738	533319924678174	533319904867627
533319914393710	533319941189486	533319921637118
533319930982048	533319957831901	533319937933993
533319948064527	533319974461052	533319956934725
533319964410840	533319991110710	533319971358675
533319981002922	533320007862297	533319989976270
533319997949333	533320024364006	533320008122998
533320014833854	533320041005241	533320023165357
533320031671298	533320057630567	533320035824984
533320048236483	533320074265048	533320053078646
533320064963086	533320090900342	533320069536410
533320081562329	533320107592766	533320086304517
533320098190056	533320124173169	533320103984896
533320114472648	533320140864453	533320121878125
533320130880648	533320157491081	533320137885490
533320147563550	533320174071078	533320154403801
533320164377596	533320190714917	533320170716057
533320180430412	533320207351595	533320187227572
533320197194288	533320223977287	533320204167920
533320213801954	533320240642367	533320222418775
533320230588208	533320257370191	533320239301425
533320246842684	533320273885002	533320258288404
533320263437411	533320290510368	533320272790113
533320280253654	533320307145215	533320288801180
533320297218824	533320323780429	533320305184888
533320314425285	533320340412020	533320321834506
533320331097323	533320357091016	533320338640170
533320347823601	533320373689649	533320356110751
533320364427971	533320390325513	533320371893669
533320380917758	533320406962273	533320388608513
533320398693514	533320423646762	533320405510124
533320414083407	533320440226596	533320422588656
533320430980014	533320456875928	533320438915072
533320447442782	533320473495883	533320455907300
533320463571037	533320490134677	533320471660474
533320480862175	533320506777540	533320488692050
533320497618726	533320523396273	533320505011548
533320514098869	533320540025749	533320521602043
533320530676465	533320556753126	533320538181145
533320547001579	533320573295199	533320556985466
533320563262973	533320589974683	533320571681267
533320579942253	533320606628695	533320588224724
533320596533033	533320623190626	533320604633782
533320613172315	533320639840365	533320621840691
533320629788729	533320656474520	533320638918205
533320646055453	533320673092522	533320655708773
533320662786858	533320689745842	533320671824252
533320679698113	533320706386101	533320688801750
533320696098340	533320723024203	533320704821729
533320712743848	533320739660352	533320721017367
533320730132235	533320756299757	533320737572746
533320746376213	533320772922397	533320754863925
533320762892774	533320789565422	533320771789503
533320779409091	533320806179599	533320788565626

533320347823601	533320373689649	533320356110751
533320364427971	533320390325513	533320371893669
533320380917758	533320406962273	533320388608513
533320398693514	533320423646762	533320405510124
533320414083407	533320440226596	533320422588656
533320430980014	533320456875928	533320438915072
533320447442782	533320473495883	533320455907300
533320463571037	533320490134677	533320471660474
533320480862175	533320506777540	533320488692050
533320497618726	533320523396273	533320505011548
533320514098869	533320540025749	533320521602043
533320530676465	533320556753126	533320538181145
533320547001579	533320573295199	533320556985466
533320563262973	533320589974683	533320571681267
533320579942253	533320606628695	533320588224724
533320596533033	533320623190626	533320604633782
533320613172315	533320639840365	533320621840691
533320629788729	533320656474520	533320638918205
533320646055453	533320673092522	533320655708773
533320662786858	533320689745842	533320671824252
533320679698113	533320706386101	533320688801750
533320696098340	533320723024203	533320704821729
533320712743848	533320739660352	533320721017367
533320730132235	533320756299757	533320737572746
533320746376213	533320772922397	533320754863925
533320762892774	533320789565422	533320771789503
533320779409091	533320806179599	533320788565626
533320795949008	533320822806715	533320804536125
533320812690829	533320839455478	533320821552564
533320829220858	533320856114495	533320838329542
533320846001417	533320872711256	533320856860792
533320862783521	533320889427157	533320872090691
533320882647860	533320905986728	533320888518995
533320896076327	533320922614698	533320905372348
533320912898471	533320939245313	533320922359775
533320929739495	533320955885043	533320937233513
533320946336907	533320972511508	533320953449537
533320962878126	533320989163567	533320970260043
533320979674879	533321005785312	533320986825839
533320996378777	533321022419833	533321003302402
533321013041537	533321039091708	533321019925977
533321029659905	533321055688103	533321040329827
533321046499789	533321072319410	533321055212314
533321063319451	533321088949618	533321069900180
533321079770704	533321105659661	533321086450229
533321096080234	533321122222364	533321103077507
533321112876864	533321138859246	533321119687289
533321129376376	533321155481438	533321136204501
533321145420037	533321172114169	533321154853305
533321161922804	533321188772372	533321169468173
533321178402825	533321205395826	533321187273227
533321195015129	533321222047071	533321205271355
533321211571119	533321238668531	533321219418002
533321228439527	533321255300001	533321234996412
533321244762037	533321271931511	533321251345818
533321261771762	533321288625603	533321268449171
533321278697096	533321305199496	533321285732455
533321295520623	533321321836419	533321304257398
533321312457675	533321338466342	533321320643019
533321328379347	533321355100579	533321336813103
533321345324618	533321371744256	533321351821933
533321361464023	533321388400628	533321368622999
533321378259433	533321405012729	533321385265252

533320946336907	533320972511508	533320953449537
533320962878126	533320989163567	533320970260043
533320979674879	533321005785312	533320986825839
533320996378777	533321022419833	533321003302402
533321013041537	533321039091708	533321019925977
533321029659905	533321055688103	533321040329827
533321046499789	533321072319410	533321055212314
533321063319451	533321088949618	533321069900180
533321079770704	533321105659661	533321086450229
533321096080234	533321122222364	533321103077507
533321112876864	533321138859246	533321119687289
533321129376376	533321155481438	533321136204501
533321145420037	533321172114169	533321154853305
533321161922804	533321188772372	533321169468173
533321178402825	533321205395826	533321187273227
533321195015129	533321222047071	533321205271355
533321211571119	533321238668531	533321219418002
533321228439527	533321255300001	533321234996412
533321244762037	533321271931511	533321251345818
533321261771762	533321288625603	533321268449171
533321278697096	533321305199496	533321285732455
533321295520623	533321321836419	533321304257398
533321312457675	533321338466342	533321320643019
533321328379347	533321355100579	533321336813103
533321345324618	533321371744256	533321351821933
533321361464023	533321388400628	533321368622999
533321378259433	533321405012729	533321385265252
533321395041782	533321421637770	533321402309645
533321412337517	533321438283318	533321419997429
533321428407138	533321454911492	533321435377800
533321444962558	533321471610060	533321453746575
533321461664828	533321488178053	533321468964959
533321478411655	533321504827182	533321486616733
533321495168124	533321521442132	533321504062574
533321511655551	533321538079339	533321518863274
533321528753370	533321554699008	533321534658155
533321545024610	533321571355869	533321550989129
533321561738478	533321587996290	533321568347242
533321578166904	533321604666090	533321585060052
533321595437127	533321621252801	533321604117547
533321611701124	533321637882521	533321618149285
533321628663364	533321654504062	533321635093540
533321644910068	533321671145745	533321650938307
533321661362176	533321687788120	533321668451653
533321678377556	533321704419711	533321684917596
533321694310743	533321721084873	533321701903069
533321710916009	533321737700961	533321719152255
533321728378818	533321754317091	533321736934034
533321744664747	533321770962314	533321750967929
533321760778069	533321787585442	533321769940423
533321777208245	533321804251580	533321784122430
533321794545810	533321820871941	533321801921136
533321811489210	533321837524611	533321819977288
533321828204461	533321854110548	533321835740431
533321843853265	533321870755893	533321850707391
533321860703810	533321887385491	533321867902703
533321877245436	533321904027622	533321884322177
533321893971510	533321920689609	533321900668491
533321911265211	533321937296665	533321918663323
533321927978020	533321953936557	533321937148390
533321944737867	533321970579420	533321950981113
533321961008294	533321987205844	533321967798862
533321977141188	533322003833896	533321984272495

533321528753370	533321554699008	533321534658155
533321545024610	533321571355869	533321550989129
533321561738478	533321587996290	533321568347242
533321578166904	533321604666090	533321585060052
533321595437127	533321621252801	533321604117547
533321611701124	533321637882521	533321618149285
533321628663364	533321654504062	533321635093540
533321644910068	533321671145745	533321650938307
533321661362176	533321687788120	533321668451653
533321678377556	533321704419711	533321684917596
533321694310743	533321721084873	533321701903069
533321710916009	533321737700961	533321719152255
533321728378818	533321754317091	533321736934034
533321744664747	533321770962314	533321750967929
533321760778069	533321787585442	533321769940423
533321777208245	533321804251580	533321784122430
533321794545810	533321820871941	533321801921136
533321811489210	533321837524611	533321819977288
533321828204461	533321854110548	533321835740431
533321843853265	533321870755893	533321850707391
533321860703810	533321887385491	533321867902703
533321877245436	533321904027622	533321884322177
533321893971510	533321920689609	533321900668491
533321911265211	533321937296665	533321918663323
533321927978020	533321953936557	533321937148390
533321944737867	533321970579420	533321950981113
533321961008294	533321987205844	533321967798862
533321977141188	533322003833896	533321984272495
533321993964674	533322020473667	533322001169223
533322011751092	533322037124220	533322019237827
533322027334425	533322053725213	533322035506341
533322043830031	533322070400831	533322052386427
533322060855747	533322087088087	533322072249179
533322076892083	533322103640415	533322088324212
533322093681512	533322120279127	533322103109246
533322110284458	533322136901279	533322114508253
533322126994581	533322153652622	533322130467726
533322144142002	533322170181186	533322147715081
533322161132033	533322186815626	533322163895420
533322177656976	533322203473097	533322182069207
533322193961622	533322220089023	533322199054111
533322210577020	533322236702752	533322215689691
533322227235630	533322253342645	533322232202874
533322243644809	533322269980421	533322248781935
533322260477166	533322286626458	533322265926670
533322276638584	533322303241570	533322283132562
533322293260207	533322319883904	533322299583734
533322309780307	533322336527785	533322316117873
533322326710524	533322353181675	533322335206292
533322343589959	533322369827956	533322351415765
533322359999546	533322386417596	533322371825351
533322376313999	533322403035760	533322385516717
533322392926710	533322419684442	533322396962233
533322409681634	533322436312656	533322413588209
533322427020257	533322452995273	533322430325962
533322443030633	533322469655063	533322446953281
533322459471185	533322486248081	533322464721266
533322476307570	533322502864048	533322481841790
533322492823154	533322519482619	533322499490268
533322509746535	533322536131382	533322516096307
533322525431675	533322552757277	533322532977939
533322542376824	533322569402134	533322549795933
533322559185296	533322586041375	533322567304844

533322126994581	533322153652622	533322130467726
533322144142002	533322170181186	533322147715081
533322161132033	533322186815626	533322163895420
533322177656976	533322203473097	533322182069207
533322193961622	533322220089023	533322199054111
533322210577020	533322236702752	533322215689691
533322227235630	533322253342645	533322232202874
533322243644809	533322269980421	533322248781935
533322260477166	533322286626458	533322265926670
533322276638584	533322303241570	533322283132562
533322293260207	533322319883904	533322299583734
533322309780307	533322336527785	533322316117873
533322326710524	533322353181675	533322335206292
533322343589959	533322369827956	533322351415765
533322359999546	533322386417596	533322371825351
533322376313999	533322403035760	533322385516717
533322392926710	533322419684442	533322396962233
533322409681634	533322436312656	533322413588209
533322427020257	533322452995273	533322430325962
533322443030633	533322469655063	533322446953281
533322459471185	533322486248081	533322464721266
533322476307570	533322502864048	533322481841790
533322492823154	533322519482619	533322499490268
533322509746535	533322536131382	533322516096307
533322525431675	533322552757277	533322532977939
533322542376824	533322569402134	533322549795933
533322559185296	533322586041375	533322567304844
533322575855666	533322602673740	533322583387485
533322592601393	533322619318963	533322600281040
533322609150954	533322635947585	533322616412306
533322626036045	533322652595127	533322635431431
533322642660597	533322669200718	533322652147861
533322659271559	533322685836541	533322666610264
533322675984124	533322702462030	533322682876011
533322692858717	533322719111525	533322699203037
533322709821283	533322735745802	533322717083652
533322726912510	533322752369419	533322734875156
533322743494134	533322769010410	533322751283807
533322759608758	533322785667922	533322767219395
533322776191888	533322802265741	533322785783888
533322792394036	533322818915033	533322799991978
533322808883376	533322835546055	533322813887404
533322826123162	533322852195387	533322830426507
533322842829705	533322868824375	533322847781976
533322859251621	533322885446079	533322865431227
533322876091668	533322902080723	533322883980096
533322892725702	533322918703932	533322901212559
533322908949253	533322935346755	533322916111159
533322925944614	533322951975702	533322932334914
533322941954421	533322968640619	533322950464919
533322958227004	533322985285150	533322965651564
533322974786452	533323001882603	533322983757155
533322991620599	533323018517572	533323000718662
533323008568027	533323035156976	533323015347609
533323025514398	533323051777907	533323032059727
533323042002191	533323068404942	533323048359653
533323058807692	533323085059483	533323064869256
533323075697503	533323101699253	533323082157709
533323092241123	533323118328526	533323099793858
533323109302199	533323134953159	533323117663812
533323125725173	533323151654250	533323132400303
533323142182977	533323168223545	533323147921828
533323158693475	533323184859694	533323164746332

533322759608758	533322785667922	533322767219395
533322776191888	533322802265741	533322785783888
533322792394036	533322818915033	533322799991978
533322808883376	533322835546055	533322813887404
533322826123162	533322852195387	533322830426507
533322842829705	533322868824375	533322847781976
533322859251621	533322885446079	533322865431227
533322876091668	533322902080723	533322883980096
533322892725702	533322918703932	533322901212559
533322908949253	533322935346755	533322916111159
533322925944614	533322951975702	533322932334914
533322941954421	533322968640619	533322950464919
533322958227004	533322985285150	533322965651564
533322974786452	533323001882603	533322983757155
533322991620599	533323018517572	533323000718662
533323008568027	533323035156976	533323015347609
533323025514398	533323051777907	533323032059727
533323042002191	533323068404942	533323048359653
533323058807692	533323085059483	533323064869256
533323075697503	533323101699253	533323082157709
533323092241123	533323118328526	533323099793858
533323109302199	533323134953159	533323117663812
533323125725173	533323151654250	533323132400303
533323142182977	533323168223545	533323147921828
533323158693475	533323184859694	533323164746332
533323175104811	533323201503941	533323181297764
533323191701735	533323218123285	533323198490798
533323208152663	533323234775832	533323214589960
533323225124302	533323251397333	533323232560012
533323241273146	533323268034377	533323250404046
533323257754063	533323284656203	533323265939121
533323274458815	533323301325433	533323280436924
533323291199253	533323317973382	533323297047927
533323308601800	533323334664545	533323312885492
533323324929803	533323351192784	533323329270868
533323341901646	533323367829462	533323346626377
533323357810663	533323384467889	533323363005894
533323374506911	533323401112746	533323381071853
533323391510980	533323417733514	533323400463942
533323407912998	533323434396356	533323416800816
533323424318882	533323450991612	533323432911411
533323440848138	533323467665399	533323447367588
533323457584019	533323484266311	533323463916091
533323474261997	533323500924839	533323481002232
533323491011387	533323517697178	533323498688267
533323507743809	533323534212681	533323517778151
533323524268915	533323550821649	533323534648024
533323540768711	533323567441359	533323550881952
533323557414707	533323584089146	533323564938145
533323574145217	533323600705438	533323579052118
533323591007481	533323617347650	533323595972609
533323608140497	533323633968378	533323614862421
533323624797235	533323650616083	533323631875808
533323641157139	533323667235101	533323646893589
533323658176508	533323683874424	533323663661290
533323674650751	533323700546340	533323682178990
533323690813837	533323717138503	533323697841058
533323707234817	533323733805658	533323715325149
533323723781447	533323750425694	533323732881504
533323740762893	533323767061599	533323749408726
533323756815546	533323783680414	533323765945144
533323773355178	533323800346755	533323782013788
533323790068231	533323816963536	533323798809524

533323391510980	533323417733514	533323400463942
533323407912998	533323434396356	533323416800816
533323424318882	533323450991612	533323432911411
533323440848138	533323467665399	533323447367588
533323457584019	533323484266311	533323463916091
533323474261997	533323500924839	533323481002232
533323491011387	533323517697178	533323498688267
533323507743809	533323534212681	533323517778151
533323524268915	533323550821649	533323534648024
533323540768711	533323567441359	533323550881952
533323557414707	533323584089146	533323564938145
533323574145217	533323600705438	533323579052118
533323591007481	533323617347650	533323595972609
533323608140497	533323633968378	533323614862421
533323624797235	533323650616083	533323631875808
533323641157139	533323667235101	533323646893589
533323658176508	533323683874424	533323663661290
533323674650751	533323700546340	533323682178990
533323690813837	533323717138503	533323697841058
533323707234817	533323733805658	533323715325149
533323723781447	533323750425694	533323732881504
533323740762893	533323767061599	533323749408726
533323756815546	533323783680414	533323765945144
533323773355178	533323800346755	533323782013788
533323790068231	533323816963536	533323798809524
533323807236322	533323833654128	533323815836623
533323823364048	533323850223098	533323838234776
533323839945836	533323866867222	533323851729771
533323856883987	533323883483108	533323865261021
533323874048944	533323900133865	533323877710809
533323890720209	533323916786737	533323892658034
533323907616449	533323933388259	533323909553095
533323924397781	533323950024123	533323926588292
533323940221755	533323966656488	533323944927077
533323957364862	533323983298375	533323961443882
533323974432042	533323999934890	533323979205561
533323990242222	533324016603103	533323995226557
533324007469192	533324033191075	533324012419590
533324023813145	533324049838861	533324030122593
533324043038446	533324066512527	533324046165481
533324056753860	533324083093948	533324062697748
533324073303664	533324099734247	533324081007847
533324090086379	533324116410313	533324098620274
533324106233433	533324133014114	533324113656244
533324122868647	533324149641514	533324131583368
533324139299880	533324166279861	533324147721796
533324156242100	533324182939773	533324165660517
533324174095819	533324199553787	533324181963088
533324189345860	533324216168573	533324195847895
533324206548700	533324232798660	533324212112177
533324222931391	533324249443191	533324228865473
533324239294306	533324266088943	533324245670079
533324255884923	533324282705032	533324264443842
533324272266555	533324299351191	533324281167719
533324288912877	533324315998041	533324293755854
533324305622105	533324332636957	533324309987055
533324322278233	533324349241694	533324326795852
533324339641352	533324365904128	533324343475336
533324355748652	533324382541295	533324360857253
533324372693720	533324399159052	533324380331171
533324389356521	533324415789382	533324396357050
533324406017857	533324432418533	533324413082717
533324422821039	533324449053217	533324428370722

533324007469192	533324033191075	533324012419590
533324023813145	533324049838861	533324030122593
533324043038446	533324066512527	533324046165481
533324056753860	533324083093948	533324062697748
533324073303664	533324099734247	533324081007847
533324090086379	533324116410313	533324098620274
533324106233433	533324133014114	533324113656244
533324122868647	533324149641514	533324131583368
533324139299880	533324166279861	533324147721796
533324156242100	533324182939773	533324165660517
533324174095819	533324199553787	533324181963088
533324189345860	533324216168573	533324195847895
533324206548700	533324232798660	533324212112177
533324222931391	533324249443191	533324228865473
533324239294306	533324266088943	533324245670079
533324255884923	533324282705032	533324264443842
533324272266555	533324299351191	533324281167719
533324288912877	533324315998041	533324293755854
533324305622105	533324332636957	533324309987055
533324322278233	533324349241694	533324326795852
533324339641352	533324365904128	533324343475336
533324355748652	533324382541295	533324360857253
533324372693720	533324399159052	533324380331171
533324389356521	533324415789382	533324396357050
533324406017857	533324432418533	533324413082717
533324422821039	533324449053217	533324428370722
533324439423985	533324465682734	533324444839390
533324456672887	533324482332270	533324462233637
533324472554845	533324498960932	533324479633132
533324489189122	533324515666458	533324494077428
533324505718622	533324532224441	533324510747309
533324522400466	533324548856073	533324529348180
533324539075515	533324565521357	533324544231765
533324555920486	533324582125645	533324559613601
533324572860102	533324598784418	533324576375279
533324589213251	533324615392695	533324594087315
533324606398717	533324632064936	533324611072138
533324622239252	533324648687657	533324628250849
533324638990839	533324665321446	533324647838943
533324659428054	533324681956334	533324664770258
533324672672765	533324698601679	533324680715489
533324689139033	533324715198155	533324697581782
533324705161412	533324731832962	533324711216791
533324722401077	533324748457962	533324727872797
533324738787267	533324765110305	533324744436559
533324755885045	533324781776972	533324763746617
533324772349970	533324798382075	533324781811721
533324789048009	533324814995803	533324797656814
533324805285965	533324831662389	533324811849238
533324822307083	533324848271398	533324828087885
533324839019811	533324864901850	533324844429845
533324855107132	533324881599278	533324861164301
533324872536900	533324898175572	533324883815587
533324888362706	533324914807449	533324898458735
533324905545608	533324931485875	533324910706619
533324922330195	533324948085403	533324926022496
533324938199376	533324964726476	533324943000564
533324954543126	533324981368606	533324960833450
533324971767369	533324997995437	533324981105626
533324988653152	533325014657506	533324996868810
533325004914220	533325031253413	533325010580276
533325021671097	533325047907750	533325027317296
533325038558792	533325064512487	533325043484614

533324622239252	533324648687657	533324628250849
533324638990839	533324665321446	533324647838943
533324659428054	533324681956334	533324664770258
533324672672765	533324698601679	533324680715489
533324689139033	533324715198155	533324697581782
533324705161412	533324731832962	533324711216791
533324722401077	533324748457962	533324727872797
533324738787267	533324765110305	533324744436559
533324755885045	533324781776972	533324763746617
533324772349970	533324798382075	533324781811721
533324789048009	533324814995803	533324797656814
533324805285965	533324831662389	533324811849238
533324822307083	533324848271398	533324828087885
533324839019811	533324864901850	533324844429845
533324855107132	533324881599278	533324861164301
533324872536900	533324898175572	533324883815587
533324888362706	533324914807449	533324898458735
533324905545608	533324931485875	533324910706619
533324922330195	533324948085403	533324926022496
533324938199376	533324964726476	533324943000564
533324954543126	533324981368606	533324960833450
533324971767369	533324997995437	533324981105626
533324988653152	533325014657506	533324996868810
533325004914220	533325031253413	533325010580276
533325021671097	533325047907750	533325027317296
533325038558792	533325064512487	533325043484614
533325054810948	533325081148188	533325061046544
533325071734329	533325097786819	533325078877802
533325087999954	533325114426264	533325094615148
533325104537714	533325131044347	533325111106318
533325121246658	533325147720413	533325127660436
533325138396194	533325164413813	533325144748693
533325155349360	533325181001093	533325165236730
533325171736038	533325197621373	533325181064244
533325187848099	533325214225947	533325195280105
533325204400101	533325230857742	533325209188431
533325221756180	533325247474726	533325225533605
533325237757563	533325264124669	533325241375361
533325254931798	533325280746617	533325257862462
533325271720657	533325297401972	533325275452143
533325287766474	533325314039179	533325295350621
533325304414627	533325330655187	533325312177729
533325320996007	533325347291987	533325328563390
533325337511469	533325363959142	533325343181676
533325354494909	533325380654048	533325360956823
533325371499059	533325397194941	533325374845861
533325387726191	533325413854772	533325392286535
533325404540604	533325430465897	533325408547928
533325420914993	533325447105870	533325426384883
533325437402094	533325463722855	533325443576777
533325453977330	533325480368444	533325459974604
533325470514725	533325497006180	533325476665319
533325486471268	533325513715246	533325494318680
533325502992793	533325530287511	533325511031326
533325520207352	533325546976150	533325528073563
533325536703283	533325563687698	533325545257604
533325553384476	533325580236323	533325565879552
533325569595332	533325596839147	533325580673864
533325586677770	533325613436437	533325595335729
533325603244420	533325630073441	533325608495153
533325620354162	533325646706579	533325621608841
533325637486364	533325663338577	533325639431432
533325653484126	533325679988398	533325656782954

533325237757563	533325264124669	533325241375361
533325254931798	533325280746617	533325257862462
533325271720657	533325297401972	533325275452143
533325287766474	533325314039179	533325295350621
533325304414627	533325330655187	533325312177729
533325320996007	533325347291987	533325328563390
533325337511469	533325363959142	533325343181676
533325354494909	533325380654048	533325360956823
533325371499059	533325397194941	533325374845861
533325387726191	533325413854772	533325392286535
533325404540604	533325430465897	533325408547928
533325420914993	533325447105870	533325426384883
533325437402094	533325463722855	533325443576777
533325453977330	533325480368444	533325459974604
533325470514725	533325497006180	533325476665319
533325486471268	533325513715246	533325494318680
533325502992793	533325530287511	533325511031326
533325520207352	533325546976150	533325528073563
533325536703283	533325563687698	533325545257604
533325553384476	533325580236323	533325565879552
533325569595332	533325596839147	533325580673864
533325586677770	533325613436437	533325595335729
533325603244420	533325630073441	533325608495153
533325620354162	533325646706579	533325621608841
533325637486364	533325663338577	533325639431432
533325653484126	533325679988398	533325656782954
533325670026077	533325696620600	533325673874303
533325687178828	533325713243607	533325691662796
533325703320714	533325729895503	533325707646764
533325720288610	533325746517654	533325727459264
533325736804723	533325763149572	533325744290034
533325755647741	533325779781082	533325759481359
533325770241776	533325796425980	533325774674840
533325787300898	533325813050369	533325792338537
533325803714310	533325829700028	533325808211584
533325820307938	533325846310542	533325825642858
533325837230504	533325862970291	533325843054479
533325852991369	533325879700394	533325861945063
533325869512690	533325896264237	533325877719355
533325886049881	533325912860876	533325896726598
533325902530146	533325929503169	533325912791743
533325919032100	533325946134517	533325928625280
533325935477575	533325962775996	533325941399368
533325951966792	533325979407059	533325957882482
533325968481278	533325996024409	533325974729691
533325985426875	533326012665238	533325992570226
533326002363114	533326029329870	533326009172236
533326022786209	533326045938431	533326026476110
533326036501257	533326062597041	533326043544673
533326052593298	533326079206497	533326059568314
533326068917760	533326095830033	533326076444006
533326086186600	533326112455195	533326093054601
533326102519526	533326129105383	533326109363480
533326119491369	533326145731522	533326126530228
533326136533361	533326162385941	533326144822627
533326152838171	533326179002477	533326162881465
533326168882075	533326195647090	533326178235062
533326186475785	533326212276647	533326193547969
533326202208613	533326228908727	533326207627477
533326218838659	533326245595658	533326223949092
533326235704504	533326262172236	533326240460404
533326252308630	533326278829260	533326257953242
533326268881343	533326295444128	533326274417354

533325869512690	533325896264237	533325877719355
533325886049881	533325912860876	533325896726598
533325902530146	533325929503169	533325912791743
533325919032100	533325946134517	533325928625280
533325935477575	533325962775996	533325941399368
533325951966792	533325979407059	533325957882482
533325968481278	533325996024409	533325974729691
533325985426875	533326012665238	533325992570226
533326002363114	533326029329870	533326009172236
533326022786209	533326045938431	533326026476110
533326036501257	533326062597041	533326043544673
533326052593298	533326079206497	533326059568314
533326068917760	533326095830033	533326076444006
533326086186600	533326112455195	533326093054601
533326102519526	533326129105383	533326109363480
533326119491369	533326145731522	533326126530228
533326136533361	533326162385941	533326144822627
533326152838171	533326179002477	533326162881465
533326168882075	533326195647090	533326178235062
533326186475785	533326212276647	533326193547969
533326202208613	533326228908727	533326207627477
533326218838659	533326245595658	533326223949092
533326235704504	533326262172236	533326240460404
533326252308630	533326278829260	533326257953242
533326268881343	533326295444128	533326274417354
533326285532425	533326312098262	533326291808752
533326302224320	533326328708980	533326308643062
533326319752884	533326345351029	533326326078690
533326335597367	533326361991776	533326341664180
533326352467321	533326378617305	533326359993322
533326369154374	533326395245967	533326375011958
533326385913854	533326411877193	533326391010331
533326402173091	533326428504797	533326407712072
533326418914546	533326445155269	533326424054520
533326436430130	533326461787512	533326442182043
533326451823238	533326478417557	533326460724605
533326468602656	533326495063675	533326476997717
533326485140824	533326511684566	533326493995316
533326502028600	533326528315588	533326508779292
533326518489294	533326544945878	533326525533158
533326535522212	533326561588496	533326542087479
533326551322546	533326578236527	533326559946610
533326568431758	533326594859655	533326576854284
533326584743526	533326611500646	533326593978796
533326601364945	533326628140010	533326609691035
533326618430904	533326644754838	533326627684606
533326635622880	533326661423254	533326642834468
533326651742712	533326678020463	533326658013138
533326667608435	533326694660559	533326674138260
533326684240067	533326711294307	533326690818395
533326700964229	533326727927364	533326707862341
533326718642940	533326744572831	533326727139969
533326735129309	533326761224076	533326744320511
533326751135249	533326777823156	533326761897212
533326767354854	533326794467037	533326774942012
533326784330277	533326811143347	533326790724768
533326801037715	533326829582718	533326807601599
533326817832474	533326844372432	533326825410843
533326834390458	533326861011267	533326843553666
533326850811763	533326877679235	533326859733313
533326867566931	533326894268998	533326875691727
533326884341141	533326910898555	533326892853959
533326900882401	533326927531490	533326906475419

533326485140824	533326511684566	533326493995316
533326502028600	533326528315588	533326508779292
533326518489294	533326544945878	533326525533158
533326535522212	533326561588496	533326542087479
533326551322546	533326578236527	533326559946610
533326568431758	533326594859655	533326576854284
533326584743526	533326611500646	533326593978796
533326601364945	533326628140010	533326609691035
533326618430904	533326644754838	533326627684606
533326635622880	533326661423254	533326642834468
533326651742712	533326678020463	533326658013138
533326667608435	533326694660559	533326674138260
533326684240067	533326711294307	533326690818395
533326700964229	533326727927364	533326707862341
533326718642940	533326744572831	533326727139969
533326735129309	533326761224076	533326744320511
533326751135249	533326777823156	533326761897212
533326767354854	533326794467037	533326774942012
533326784330277	533326811143347	533326790724768
533326801037715	533326829582718	533326807601599
533326817832474	533326844372432	533326825410843
533326834390458	533326861011267	533326843553666
533326850811763	533326877679235	533326859733313
533326867566931	533326894268998	533326875691727
533326884341141	533326910898555	533326892853959
533326900882401	533326927531490	533326906475419
533326917742671	533326944174800	533326920748368
533326934962683	533326960805049	533326937965246
533326951587357	533326977441117	533326955235673
533326968812780	533326994081254	533326972317541
533326985354895	533327010709753	533326989526648
533327001700923	533327027343705	533327006924638
533327018403682	533327044132157	533327023702144
533327034667476	533327060616858	533327041715409
533327054082352	533327077240881	533327059613358
533327067480912	533327093882401	533327073896277
533327083671789	533327110513301	533327090899084
533327100274613	533327127151119	533327107613196
533327116643062	533327143801876	533327123970577
533327133186194	533327160419714	533327141743689
533327149881791	533327177067582	533327158608313
533327166830033	533327193684769	533327175154455
533327183356644	533327210310665	533327192417029
533327199791133	533327226958085	533327207392533
533327216709306	533327243582719	533327223606644
533327233327388	533327260208817	533327240318070
533327249451371	533327276864009	533327256891963
533327266101721	533327293538448	533327273740393
533327283327510	533327310130530	533327294006221
533327299545162	533327326757076	533327310078080
533327316656815	533327343430131	533327323698238
533327333567948	533327360077999	533327339446488
533327349973140	533327376655757	533327358146968
533327366690548	533327393300858	533327373790808
533327383807165	533327409943966	533327391999060
533327400821814	533327426561153	533327410313391
533327417539180	533327443191931	533327426498734
533327434450842	533327459822628	533327441473018
533327451708451	533327476464311	533327457024695
533327467389115	533327493099646	533327471801347
533327484734493	533327509740759	533327488054683
533327500877885	533327526386796	533327505180375
533327517364213	533327543005041	533327522825761

533327865721025	533327892322872	533327871954464
533327882863399	533327908949540	533327890404659
533327899303585	533327925592078	533327907355058
533327915114050	533327942238481	533327924002031
533327932299028	533327958879350	533327940361406
533327948879920	533327975522823	533327959198930
533327965035396	533327992122229	533327972581458
533327984968746	533328008758215	533327989542110
533327998896480	533328025387040	533328006089189
533328015780229	533328042027991	533328022305131
533328032397457	533328058669104	533328039080969
533328049044063	533328075304846	533328055631751
533328066527706	533328091941606	533328072137447
533328082823360	533328108608842	533328089700761
533328099360022	533328125197302	533328106693071
533328115993364	533328141836015	533328122759843
533328132682084	533328158464921	533328139106604
533328149342444	533328175094641	533328157645992
533328166199744	533328191722164	533328172571041
533328182364864	533328208362993	533328188599483
533328198639848	533328225000851	533328205542884
533328215222205	533328241644650	533328221954261
533328231710323	533328258294226	533328238633704
533328248171627	533328274917721	533328259038408
533328264486772	533328291662757	533328273992916
533328281462195	533328308180009	533328290169348
533328297732662	533328324809363	533328308132239
533328314305091	533328341439165	533328322378170
533328330930131	533328358076005	533328335684933
533328347450110	533328374717159	533328352870195
533328364302649	533328391335201	533328369743527
533328380661984	533328407975826	533328386502722
533328397575598	533328424703406	533328404173540
533328415875322	533328441256832	533328422307288
533328431093258	533328457869747	533328439943356
533328447644161	533328474539873	533328455001095
533328464110389	533328491145708	533328470921017
533328481013261	533328507783932	533328487584510
533328497598995	533328524440304	533328504066769
533328514174720	533328541060503	533328522120073
533328530924760	533328557684160	533328541391923
533328547831092	533328574310543	533328556358354
533328564615638	533328590949825	533328572803056
533328581407223	533328607578406	533328587323320
533328598275143	533328624216956	533328604143144
533328615089067	533328640848222	533328620874996
533328631914832	533328657479773	533328637667477
533328648598466	533328674134681	533328654905636
533328664910031	533328690769365	533328671887122
533328681494381	533328707387936	533328689667680
533328698042314	533328724034135	533328705343991
533328714432247	533328740690548	533328718209998
533328730956295	533328757290198	533328734678341
533328747393266	533328773945919	533328751258908
533328764402625	533328790652869	533328768498979
533328781394446	533328807191118	533328787759803
533328799809445	533328823823117	533328802893063
533328814356198	533328840465329	533328818922970
533328830420610	533328857087684	533328835286943
533328847135169	533328873734127	533328854221351
533328863865882	533328890384844	533328869354326
533328880094642	533328907005449	533328888259762
533328897439368	533328923648515	533328904663652

533328447644161	533328474539873	533328455001095
533328464110389	533328491145708	533328470921017
533328481013261	533328507783932	533328487584510
533328497598995	533328524440304	533328504066769
533328514174720	533328541060503	533328522120073
533328530924760	533328557684160	533328541391923
533328547831092	533328574310543	533328556358354
533328564615638	533328590949825	533328572803056
533328581407223	533328607578406	533328587323320
533328598275143	533328624216956	533328604143144
533328615089067	533328640848222	533328620874996
533328631914832	533328657479773	533328637667477
533328648598466	533328674134681	533328654905636
533328664910031	533328690769365	533328671887122
533328681494381	533328707387936	533328689667680
533328698042314	533328724034135	533328705343991
533328714432247	533328740690548	533328718209998
533328730956295	533328757290198	533328734678341
533328747393266	533328773945919	533328751258908
533328764402625	533328790652869	533328768498979
533328781394446	533328807191118	533328787759803
533328799809445	533328823823117	533328802893063
533328814356198	533328840465329	533328818922970
533328830420610	533328857087684	533328835286943
533328847135169	533328873734127	533328854221351
533328863865882	533328890384844	533328869354326
533328880094642	533328907005449	533328888259762
533328897439368	533328923648515	533328904663652
533328913336097	533328940264686	533328922134315
533328929784095	533328956894162	533328937928219
533328946471636	533328973545203	533328953597571
533328963195512	533328990174516	533328970619544
533328979852291	533329006798296	533328988376502
533328998199744	533329023431434	533329004390296
533329013441972	533329040092770	533329020901160
533329030437212	533329056705807	533329037082394
533329046477861	533329073339678	533329053559974
533329063091427	533329089983639	533329070167396
533329080688677	533329106602210	533329088401404
533329097174150	533329123263099	533329103795854
533329112751380	533329139887936	533329120302853
533329130089759	533329156522864	533329136682777
533329147152707	533329173143470	533329154773353
533329162734494	533329189789954	533329169665239
533329179546343	533329206435747	533329188097287
533329196434770	533329223070513	533329203855832
533329212904741	533329239683712	533329220391313
533329229399370	533329256340654	533329236994219
533329246304888	533329272965695	533329253596107
533329262898597	533329289617672	533329270368405
533329279714556	533329306219479	533329289002886
533329296802650	533329322852536	533329304309648
533329312937659	533329339615679	533329319217892
533329329360796	533329356281165	533329335635373
533329346122881	533329372759274	533329352741615
533329362865801	533329389396603	533329370737464
533329379731157	533329406025387	533329387189572
533329396189002	533329422681312	533329404623817
533329412798459	533329439290321	533329422663286
533329431297197	533329455938351	533329442209388
533329445971799	533329472579912	533329458247474
533329462341672	533329489199785	533329470736528
533329479120806	533329505828814	533329483664995

533329063091427	533329089983639	533329070167396
533329080688677	533329106602210	533329088401404
533329097174150	533329123263099	533329103795854
533329112751380	533329139887936	533329120302853
533329130089759	533329156522864	533329136682777
533329147152707	533329173143470	533329154773353
533329162734494	533329189789954	533329169665239
533329179546343	533329206435747	533329188097287
533329196434770	533329223070513	533329203855832
533329212904741	533329239683712	533329220391313
533329229399370	533329256340654	533329236994219
533329246304888	533329272965695	533329253596107
533329262898597	533329289617672	533329270368405
533329279714556	533329306219479	533329289002886
533329296802650	533329322852536	533329304309648
533329312937659	533329339615679	533329319217892
533329329360796	533329356281165	533329335635373
533329346122881	533329372759274	533329352741615
533329362865801	533329389396603	533329370737464
533329379731157	533329406025387	533329387189572
533329396189002	533329422681312	533329404623817
533329412798459	533329439290321	533329422663286
533329431297197	533329455938351	533329442209388
533329445971799	533329472579912	533329458247474
533329462341672	533329489199785	533329470736528
533329479120806	533329505828814	533329483664995
533329496126991	533329522458941	533329500301917
533329512256060	533329539105384	533329517629229
533329529191566	533329555730059	533329534975420
533329545869626	533329572367062	533329551847653
533329562563189	533329588996701	533329568885983
533329579122230	533329605632931	533329586243039
533329596251624	533329622273475	533329602748613
533329612926226	533329638902666	533329620199663
533329629167193	533329655589922	533329636544919
533329645703732	533329672196774	533329653156776
533329662684811	533329688807126	533329670056678
533329679183672	533329705441078	533329686538937
533329695694699	533329722107256	533329702902381
533329711597572	533329738707639	533329719642534
533329729095781	533329755348182	533329735760414
533329746455116	533329771980099	533329753968910
533329761680702	533329788604815	533329768701332
533329778630409	533329805235715	533329787958086
533329795569780	533329821873980	533329803805051
533329811846351	533329838595578	533329820230832
533329829247922	533329855136187	533329834594398
533329845726397	533329871775632	533329851090939
533329861839312	533329888414344	533329868306068
533329878506711	533329905048947	533329885176348
533329895276486	533329921685381	533329903255368
533329912300575	533329938303993	533329920956052
533329928495440	533329954995277	533329936226356
533329947586586	533329971628212	533329952277870
533329961926673	533329988208941	533329969133583
533329979107297	533330004855425	533329985459022
533329995454139	533330021505083	533330002558876
533330012113685	533330038125567	533330021177976
533330028302772	533330054757606	533330037216672
533330044971840	533330071378008	533330053711911
533330061501136	533330088034950	533330068789182
533330078860878	533330104660642	533330085442136
533330094935056	533330121300453	533330101986040

533329679183672	533329705441078	533329686538937
533329695694699	533329722107256	533329702902381
533329711597572	533329738707639	533329719642534
533329729095781	533329755348182	533329735760414
533329746455116	533329771980099	533329753968910
533329761680702	533329788604815	533329768701332
533329778630409	533329805235715	533329787958086
533329795569780	533329821873980	533329803805051
533329811846351	533329838595578	533329820230832
533329829247922	533329855136187	533329834594398
533329845726397	533329871775632	533329851090939
533329861839312	533329888414344	533329868306068
533329878506711	533329905048947	533329885176348
533329895276486	533329921685381	533329903255368
533329912300575	533329938303993	533329920956052
533329928495440	533329954995277	533329936226356
533329947586586	533329971628212	533329952277870
533329961926673	533329988208941	533329969133583
533329979107297	533330004855425	533329985459022
533329995454139	533330021505083	533330002558876
533330012113685	533330038125567	533330021177976
533330028302772	533330054757606	533330037216672
533330044971840	533330071378008	533330053711911
533330061501136	533330088034950	533330068789182
533330078860878	533330104660642	533330085442136
533330094935056	533330121300453	533330101986040
533330111426226	533330137926877	533330119951332
533330128360837	533330154629107	533330135977618
533330144794716	533330171198646	533330153486407
533330161772946	533330187840248	533330171375323
533330178376910	533330204465248	533330186404986
533330194946246	533330221092038	533330198760739
533330211778969	533330237723101	533330215454587
533330228274615	533330254362220	533330232584266
533330245180458	533330271003334	533330249818723
533330262109494	533330287627968	533330266815020
533330278323239	533330304263506	533330284260129
533330294841753	533330320915687	533330300372230
533330310764971	533330337615638	533330318542518
533330327633257	533330354181434	533330335175087
533330343970009	533330370806312	533330353302487
533330360295041	533330387437986	533330367721677
533330376813677	533330404134071	533330384346067
533330393772336	533330420725909	533330401605100
533330410437131	533330437370888	533330419146726
533330426986325	533330454012652	533330435938474
533330443495888	533330470613401	533330450430702
533330460823728	533330487253700	533330466463213
533330477075925	533330503890053	533330483418658
533330496367063	533330520524818	533330500749997
533330511346392	533330537158485	533330519383908
533330527528928	533330553791583	533330538556190
533330543811806	533330570425819	533330552839068
533330560259112	533330587051552	533330568554481
533330577422930	533330603670652	533330583425168
533330593671140	533330620304644	533330599286456
533330611139280	533330636941159	533330616139442
533330627256386	533330653596758	533330633141192
533330643572873	533330670233152	533330651638629
533330660364947	533330686852048	533330668676267
533330677259641	533330703489215	533330684598223
533330693775998	533330720114988	533330700162351
533330710901161	533330736762286	533330716911618

533330278323239	533330304263506	533330284260129
533330294841753	533330320915687	533330300372230
533330310764971	533330337615638	533330318542518
533330327633257	533330354181434	533330335175087
533330343970009	533330370806312	533330353302487
533330360295041	533330387437986	533330367721677
533330376813677	533330404134071	533330384346067
533330393772336	533330420725909	533330401605100
533330410437131	533330437370888	533330419146726
533330426986325	533330454012652	533330435938474
533330443495888	533330470613401	533330450430702
533330460823728	533330487253700	533330466463213
533330477075925	533330503890053	533330483418658
533330496367063	533330520524818	533330500749997
533330511346392	533330537158485	533330519383908
533330527528928	533330553791583	533330538556190
533330543811806	533330570425819	533330552839068
533330560259112	533330587051552	533330568554481
533330577422930	533330603670652	533330583425168
533330593671140	533330620304644	533330599286456
533330611139280	533330636941159	533330616139442
533330627256386	533330653596758	533330633141192
533330643572873	533330670233152	533330651638629
533330660364947	533330686852048	533330668676267
533330677259641	533330703489215	533330684598223
533330693775998	533330720114988	533330700162351
533330710901161	533330736762286	533330716911618
533330727430621	533330753390826	533330734762571
533330743449053	533330770032997	533330750078529
533330760197548	533330786654783	533330766579302
533330776951047	533330803292763	533330783385373
533330793463620	533330819932899	533330799861366
533330810259478	533330836570961	533330816770180
533330827200600	533330853193275	533330834424721
533330843947222	533330869833371	533330850072426
533330859613808	533330886492592	533330866637245
533330876460080	533330903121580	533330884724851
533330892909950	533330919750242	533330903176430
533330909549761	533330936359861	533330918369057
533330925940224	533330953001259	533330932583127
533330942605995	533330969626137	533330946926023
533330959223590	533330986258217	533330962603066
533330975867022	533331002889605	533330979914996
533330993222613	533331019601519	533330997625527
533331009300860	533331036169513	533331015213743
533331025966916	533331052813474	533331033000852
533331042496905	533331069432411	533331049394936
533331059060178	533331086079872	533331066395668
533331075963336	533331102702797	533331082788897
533331092913857	533331119368813	533331099426064
533331109260984	533331135980019	533331116232989
533331126019570	533331152615680	533331133357908
533331142538043	533331169265948	533331150132525
533331159599119	533331185869016	533331167661619
533331176287839	533331202553058	533331184243650
533331192471718	533331219140460	533331200648150
533331209145058	533331235784462	533331217251544
533331226008421	533331252433347	533331234702594
533331242426674	533331269047442	533331252758380
533331258906939	533331285708534	533331267256142
533331275647255	533331302315346	533331282796181
533331292405393	533331318965452	533331300599404
533331311887083	533331335586871	533331316654254

533330892909950	533330919750242	533330903176430
533330909549761	533330936359861	533330918369057
533330925940224	533330953001259	533330932583127
533330942605995	533330969626137	533330946926023
533330959223590	533330986258217	533330962603066
533330975867022	533331002889605	533330979914996
533330993222613	533331019601519	533330997625527
533331009300860	533331036169513	533331015213743
533331025966916	533331052813474	533331033000852
533331042496905	533331069432411	533331049394936
533331059060178	533331086079872	533331066395668
533331075963336	533331102702797	533331082788897
533331092913857	533331119368813	533331099426064
533331109260984	533331135980019	533331116232989
533331126019570	533331152615680	533331133357908
533331142538043	533331169265948	533331150132525
533331159599119	533331185869016	533331167661619
533331176287839	533331202553058	533331184243650
533331192471718	533331219140460	533331200648150
533331209145058	533331235784462	533331217251544
533331226008421	533331252433347	533331234702594
533331242426674	533331269047442	533331252758380
533331258906939	533331285708534	533331267256142
533331275647255	533331302315346	533331282796181
533331292405393	533331318965452	533331300599404
533331311887083	533331335586871	533331316654254
533331326104205	533331352216062	533331333614744
533331342340574	533331368861285	533331348813474
533331358941607	533331385587156	533331365594439
533331376270546	533331402122068	533331384358437
533331392131061	533331418750730	533331399418333
533331408861977	533331435390826	533331413392901
533331425889850	533331452024453	533331430010943
533331442811481	533331468703937	533331447133624
533331459317625	533331485301756	533331464169309
533331476551918	533331501934731	533331482120359
533331492185789	533331518583860	533331498602740
533331508634804	533331535223549	533331515082355
533331525234129	533331551826658	533331532750323
533331541909340	533331568464597	533331551256427
533331558463295	533331585104327	533331565932615
533331575162880	533331601739174	533331579959959
533331591663206	533331618355304	533331596402871
533331608368203	533331634997353	533331613088987
533331624882892	533331651662718	533331630430540
533331641519204	533331668274331	533331647344277
533331658144814	533331684945514	533331663751503
533331674745522	533331701627480	533331681559487
533331691405638	533331718166909	533331698451821
533331708417519	533331734819944	533331714901162
533331724713702	533331751432412	533331732913206
533331741186114	533331768085122	533331749273842
533331758005857	533331784708779	533331765704669
533331774622597	533331801358152	533331782749469
533331791405475	533331817980996	533331799190550
533331807900144	533331834621336	533331815645872
533331824843056	533331851239866	533331832639565
533331841539996	533331867873289	533331851120807
533331857987506	533331884540851	533331864812986
533331874711546	533331901153237	533331878727089
533331891406858	533331917792641	533331896638344
533331908327472	533331934413776	533331914101032
533331924555418	533331951052000	533331930908282

533331525234129	533331551826658	533331532750323
533331541909340	533331568464597	533331551256427
533331558463295	533331585104327	533331565932615
533331575162880	533331601739174	533331579959959
533331591663206	533331618355304	533331596402871
533331608368203	533331634997353	533331613088987
533331624882892	533331651662718	533331630430540
533331641519204	533331668274331	533331647344277
533331658144814	533331684945514	533331663751503
533331674745522	533331701627480	533331681559487
533331691405638	533331718166909	533331698451821
533331708417519	533331734819944	533331714901162
533331724713702	533331751432412	533331732913206
533331741186114	533331768085122	533331749273842
533331758005857	533331784708779	533331765704669
533331774622597	533331801358152	533331782749469
533331791405475	533331817980996	533331799190550
533331807900144	533331834621336	533331815645872
533331824843056	533331851239866	533331832639565
533331841539996	533331867873289	533331851120807
533331857987506	533331884540851	533331864812986
533331874711546	533331901153237	533331878727089
533331891406858	533331917792641	533331896638344
533331908327472	533331934413776	533331914101032
533331924555418	533331951052000	533331930908282
533331941372760	533331967687783	533331947363564
533331958025144	533331984315509	533331963839231
533331975473468	533332000957843	533331982554034
533331991119952	533332017586587	533331999284503
533332008517983	533332034218748	533332015732461
533332025224485	533332050864378	533332033374795
533332040951577	533332067481932	533332049060341
533332058035073	533332084122313	533332065757322
533332075050942	533332100753253	533332082618040
533332092441119	533332117440387	533332100106769
533332108500364	533332134108803	533332117977863
533332124115151	533332150656370	533332133861001
533332140722288	533332167328693	533332148360431
533332157253091	533332183937376	533332164731850
533332174005206	533332200587482	533332181965167
533332190475340	533332217212075	533332197733559
533332207120563	533332233857949	533332214793821
533332223825397	533332250496133	533332236477822
533332240359780	533332267089964	533332250651284
533332256828001	533332283767007	533332265395547
533332273621662	533332300362181	533332278727497
533332290296466	533332316991331	533332295311481
533332307013548	533332333632078	533332312066404
533332324399372	533332350267129	533332329177000
533332340794839	533332366924559	533332347087319
533332357320962	533332383604043	533332363273558
533332374561684	533332400171751	533332381281614
533332391349282	533332416803506	533332397097410
533332407513304	533332433441079	533332414050739
533332424312417	533332450091917	533332430826089
533332440137246	533332466804726	533332447707599
533332456793537	533332483362873	533332467627765
533332473377277	533332499983112	533332483605915
533332489860675	533332516614866	533332495171182
533332507177692	533332533255695	533332513338174
533332523161579	533332549883787	533332530660195
533332539633584	533332566539590	533332547434650
533332556572589	533332583140949	533332564483437

533332124115151	533332150656370	533332133861001
533332140722288	533332167328693	533332148360431
533332157253091	533332183937376	533332164731850
533332174005206	533332200587482	533332181965167
533332190475340	533332217212075	533332197733559
533332207120563	533332233857949	533332214793821
533332223825397	533332250496133	533332236477822
533332240359780	533332267089964	533332250651284
533332256828001	533332283767007	533332265395547
533332273621662	533332300362181	533332278727497
533332290296466	533332316991331	533332295311481
533332307013548	533332333632078	533332312066404
533332324399372	533332350267129	533332329177000
533332340794839	533332366924559	533332347087319
533332357320962	533332383604043	533332363273558
533332374561684	533332400171751	533332381281614
533332391349282	533332416803506	533332397097410
533332407513304	533332433441079	533332414050739
533332424312417	533332450091917	533332430826089
533332440137246	533332466804726	533332447707599
533332456793537	533332483362873	533332467627765
533332473377277	533332499983112	533332483605915
533332489860675	533332516614866	533332495171182
533332507177692	533332533255695	533332513338174
533332523161579	533332549883787	533332530660195
533332539633584	533332566539590	533332547434650
533332556572589	533332583140949	533332564483437
533332573193683	533332599786009	533332580568805
533332589971515	533332616439329	533332595913857
533332607197956	533332633037311	533332612741535
533332624335854	533332649707762	533332629260700
533332640838296	533332666315631	533332646891519
533332657918740	533332682965900	533332665088296
533332676505736	533332699684731	533332681403237
533332690824909	533332716216592	533332697369302
533332707624551	533332732845702	533332713565916
533332728187824	533332749827188	533332730067218
533332740766600	533332766149372	533332751534870
533332756773558	533332782772703	533332766473062
533332773227904	533332799372598	533332777680133
533332790487669	533332816050129	533332791769896
533332807456257	533332832651203	533332809218342
533332823606240	533332849306720	533332825574217
533332839989745	533332865969847	533332843096719
533332856729084	533332882646686	533332859979735
533332873291747	533332899197590	533332876701618
533332892255817	533332915824665	533332895676878
533332905629556	533332932479735	533332910909504
533332922617227	533332949095173	533332929343179
533332939251301	533332965738687	533332947639077
533332955898233	533332982378783	533332962607624
533332972782957	533332999014240	533332980189940
533332990564452	533333015639810	533332996543822
533333005981037	533333032275593	533333011413980
533333022870848	533333048901813	533333028864012
533333039188719	533333065575479	533333047737059
533333055571369	533333082172403	533333062701008
533333072360350	533333098824380	533333076742064
533333092926105	533333115436603	533333095723672
533333105331297	533333132093423	533333112829222
533333121959471	533333148709227	533333128762409
533333138662067	533333165331419	533333144922647
533333155492308	533333181970458	533333160918618

533332756773558	533332782772703	533332766473062
533332773227904	533332799372598	533332777680133
533332790487669	533332816050129	533332791769896
533332807456257	533332832651203	533332809218342
533332823606240	533332849306720	533332825574217
533332839989745	533332865969847	533332843096719
533332856729084	533332882646686	533332859979735
533332873291747	533332899197590	533332876701618
533332892255817	533332915824665	533332895676878
533332905629556	533332932479735	533332910909504
533332922617227	533332949095173	533332929343179
533332939251301	533332965738687	533332947639077
533332955898233	533332982378783	533332962607624
533332972782957	533332999014240	533332980189940
533332990564452	533333015639810	533332996543822
533333005981037	533333032275593	533333011413980
533333022870848	533333048901813	533333028864012
533333039188719	533333065575479	533333047737059
533333055571369	533333082172403	533333062701008
533333072360350	533333098824380	533333076742064
533333092926105	533333115436603	533333095723672
533333105331297	533333132093423	533333112829222
533333121959471	533333148709227	533333128762409
533333138662067	533333165331419	533333144922647
533333155492308	533333181970458	533333160918618
533333172137328	533333198610554	533333178693277
533333188510375	533333215244221	533333195403075
533333205955565	533333231886188	533333213249429
533333222140176	533333248528522	533333229688719
533333238867390	533333265157551	533333246353229
533333255303181	533333281774738	533333264001179
533333271577798	533333298399657	533333279721027
533333288240599	533333315068846	533333295462971
533333305109618	533333331673420	533333312123412
533333321866006	533333348423379	533333328958658
533333338063801	533333365016071	533333349362995
533333354756631	533333381589517	533333365405109
533333371487670	533333398241250	533333377624958
533333388171263	533333414881387	533333391209512
533333405749307	533333431518960	533333406744953
533333422348062	533333448103433	533333424858438
533333439065713	533333464746174	533333441854125
533333455226317	533333481381387	533333458621906
533333472478230	533333498027180	533333476121255
533333488635660	533333514654580	533333493623697
533333505756550	533333531309773	533333510529540
533333522816324	533333547933877	533333527610147
533333538642780	533333564583495	533333545443033
533333555833169	533333581197020	533333561399738
533333572110228	533333597828693	533333578077961
533333588623371	533333614455769	533333595036742
533333604899087	533333631092162	533333611262491
533333621630329	533333647756428	533333628084187
533333637637002	533333664356973	533333647175048
533333654230142	533333681026610	533333661936929
533333670877969	533333697653523	533333675959675
533333687579222	533333714289550	533333693347045
533333704545083	533333730909219	533333710785359
533333721088988	533333747559203	533333728747842
533333737059040	533333764167113	533333745470621
533333753882038	533333780802937	533333761519449
533333770302448	533333797432250	533333777573445
533333786919188	533333814066202	533333794328490

533333354756631	533333381589517	533333365405109
533333371487670	533333398241250	533333377624958
533333388171263	533333414881387	533333391209512
533333405749307	533333431518960	533333406744953
533333422348062	533333448103433	533333424858438
533333439065713	533333464746174	533333441854125
533333455226317	533333481381387	533333458621906
533333472478230	533333498027180	533333476121255
533333488635660	533333514654580	533333493623697
533333505756550	533333531309773	533333510529540
533333522816324	533333547933877	533333527610147
533333538642780	533333564583495	533333545443033
533333555833169	533333581197020	533333561399738
533333572110228	533333597828693	533333578077961
533333588623371	533333614455769	533333595036742
533333604899087	533333631092162	533333611262491
533333621630329	533333647756428	533333628084187
533333637637002	533333664356973	533333647175048
533333654230142	533333681026610	533333661936929
533333670877969	533333697653523	533333675959675
533333687579222	533333714289550	533333693347045
533333704545083	533333730909219	533333710785359
533333721088988	533333747559203	533333728747842
533333737059040	533333764167113	533333745470621
533333753882038	533333780802937	533333761519449
533333770302448	533333797432250	533333777573445
533333786919188	533333814066202	533333794328490
533333803946695	533333830712971	533333811279133
533333821552326	533333847341552	533333827434122
533333837085530	533333863970417	533333844243204
533333853681355	533333880605834	533333861363239
533333870224364	533333897238524	533333877614257
533333886935871	533333913884520	533333893865355
533333903882486	533333930532632	533333912528523
533333920572834	533333947135904	533333928380574
533333937078002	533333963794107	533333946067667
533333953993773	533333980411946	533333959982746
533333970451618	533333997064005	533333976626423
533333987514607	533334013704792	533333992987670
533334004297606	533334030322997	533334011783284
533334020912637	533334046949950	533334028815551
533334037475585	533334063604939	533334044167195
533334054149983	533334080230102	533334060778970
533334071011474	533334096869099	533334077263712
533334087984211	533334113516885	533334093664916
533334104639566	533334130136433	533334111650430
533334121558349	533334146758463	533334128654011
533334137492553	533334163405842	533334144226358
533334153917683	533334180039265	533334160401326
533334170307982	533334196674722	533334176469197
533334187353189	533334213325398	533334193426635
533334203985595	533334229948567	533334211183471
533334219873168	533334246585164	533334230035400
533334236528808	533334263196736	533334245056558
533334253245849	533334279827473	533334258717488
533334270028523	533334296465819	533334274225707
533334287409708	533334313092447	533334291659993
533334303390421	533334329721353	533334308633870
533334319798787	533334346361205	533334325383829
533334336372639	533334363001383	533334342142577
533334352883666	533334379646687	533334360554972
533334369705199	533334396272297	533334376384683
533334386102823	533334412919473	533334394970092

533333987514607	533334013704792	533333992987670
533334004297606	533334030322997	533334011783284
533334020912637	533334046949950	533334028815551
533334037475585	533334063604939	533334044167195
533334054149983	533334080230102	533334060778970
533334071011474	533334096869099	533334077263712
533334087984211	533334113516885	533334093664916
533334104639566	533334130136433	533334111650430
533334121558349	533334146758463	533334128654011
533334137492553	533334163405842	533334144226358
533334153917683	533334180039265	533334160401326
533334170307982	533334196674722	533334176469197
533334187353189	533334213325398	533334193426635
533334203985595	533334229948567	533334211183471
533334219873168	533334246585164	533334230035400
533334236528808	533334263196736	533334245056558
533334253245849	533334279827473	533334258717488
533334270028523	533334296465819	533334274225707
533334287409708	533334313092447	533334291659993
533334303390421	533334329721353	533334308633870
533334319798787	533334346361205	533334325383829
533334336372639	533334363001383	533334342142577
533334352883666	533334379646687	533334360554972
533334369705199	533334396272297	533334376384683
533334386102823	533334412919473	533334394970092
533334402771524	533334429604044	533334411654703
533334419265868	533334446179483	533334426931355
533334436417642	533334462811279	533334443136148
533334452661051	533334479431518	533334461842040
533334469175211	533334496085286	533334476673095
533334486082275	533334512901448	533334493662475
533334502675943	533334529344075	533334513258219
533334519029174	533334545982096	533334527191894
533334535794636	533334562646565	533334542298095
533334552451659	533334579273640	533334560400960
533334569575073	533334595868489	533334575684692
533334586493896	533334612515584	533334591810628
533334603054646	533334629148966	533334608303019
533334619129597	533334645783243	533334625031738
533334636427083	533334662420165	533334643091552
533334652550455	533334679050170	533334660748209
533334669045694	533334695690917	533334677313923
533334685689371	533334712321858	533334693312092
533334702350382	533334728982381	533334711026489
533334718934570	533334745593627	533334726556274
533334735629882	533334762226928	533334742586262
533334752563720	533334778843709	533334759667683
533334768900960	533334795499837	533334775729776
533334786200235	533334812212565	533334792837605
533334802376708	533334828772216	533334813470418
533334818826985	533334845391072	533334828369506
533334835397053	533334862012980	533334839968058
533334852186360	533334878693847	533334856510823
533334869088297	533334895285400	533334874243855
533334886043538	533334911922119	533334890847330
533334902586303	533334928598592	533334907219767
533334919122355	533334945215657	533334923912597
533334935592895	533334961862426	533334942306844
533334952435872	533334978469970	533334959813598
533334968846598	533334995115356	533334977199829
533334985235026	533335011745157	533334992940185
533335001796997	533335028458251	533335014833536
533335018613769	533335044996582	533335029118855

533334569575073	533334595868489	533334575684692
533334586493896	533334612515584	533334591810628
533334603054646	533334629148966	533334608303019
533334619129597	533334645783243	533334625031738
533334636427083	533334662420165	533334643091552
533334652550455	533334679050170	533334660748209
533334669045694	533334695690917	533334677313923
533334685689371	533334712321858	533334693312092
533334702350382	533334728982381	533334711026489
533334718934570	533334745593627	533334726556274
533334735629882	533334762226928	533334742586262
533334752563720	533334778843709	533334759667683
533334768900960	533334795499837	533334775729776
533334786200235	533334812212565	533334792837605
533334802376708	533334828772216	533334813470418
533334818826985	533334845391072	533334828369506
533334835397053	533334862012980	533334839968058
533334852186360	533334878693847	533334856510823
533334869088297	533334895285400	533334874243855
533334886043538	533334911922119	533334890847330
533334902586303	533334928598592	533334907219767
533334919122355	533334945215657	533334923912597
533334935592895	533334961862426	533334942306844
533334952435872	533334978469970	533334959813598
533334968846598	533334995115356	533334977199829
533334985235026	533335011745157	533334992940185
533335001796997	533335028458251	533335014833536
533335018613769	533335044996582	533335029118855
533335035274739	533335061668457	533335043098347
533335051827636	533335078269449	533335055715616
533335068996297	533335094896606	533335075343750
533335085492065	533335111616455	533335090413940
533335101366699	533335128193522	533335108140706
533335118066487	533335144800008	533335123121175
533335134725545	533335161429972	533335137514363
533335151424275	533335178100260	533335154678100
533335168306355	533335194707194	533335173018432
533335185626546	533335211337565	533335190450032
533335202211588	533335228023518	533335206727864
533335218862589	533335244666707	533335224406331
533335235151774	533335261244913	533335243404581
533335251544352	533335277868815	533335259963948
533335268280517	533335294552775	533335275483317
533335284928873	533335311140421	533335291069539
533335301812174	533335327779825	533335307382446
533335318482950	533335344403523	533335323957926
533335334922811	533335361057983	533335340750162
533335351424886	533335377890136	533335358369751
533335368302775	533335394312825	533335378030843
533335384670613	533335410947428	533335393572591
533335401285807	533335427571696	533335410486694
533335417915283	533335444207601	533335424989949
533335434398397	533335460860799	533335440606893
533335450923177	533335477626587	533335457332194
533335467403239	533335494157837	533335475091919
533335484210449	533335510808634	533335493553955
533335501321614	533335527400797	533335510773885
533335517433187	533335544015584	533335526918823
533335533814819	533335560661214	533335541716552
533335550344360	533335577296427	533335557272339
533335567067057	533335593928141	533335574429850
533335584064209	533335610565429	533335590688883
533335600392944	533335627207845	533335608469523

533335185626546	533335211337565	533335190450032
533335202211588	533335228023518	533335206727864
533335218862589	533335244666707	533335224406331
533335235151774	533335261244913	533335243404581
533335251544352	533335277868815	533335259963948
533335268280517	533335294552775	533335275483317
533335284928873	533335311140421	533335291069539
533335301812174	533335327779825	533335307382446
533335318482950	533335344403523	533335323957926
533335334922811	533335361057983	533335340750162
533335351424886	533335377890136	533335358369751
533335368302775	533335394312825	533335378030843
533335384670613	533335410947428	533335393572591
533335401285807	533335427571696	533335410486694
533335417915283	533335444207601	533335424989949
533335434398397	533335460860799	533335440606893
533335450923177	533335477626587	533335457332194
533335467403239	533335494157837	533335475091919
533335484210449	533335510808634	533335493553955
533335501321614	533335527400797	533335510773885
533335517433187	533335544015584	533335526918823
533335533814819	533335560661214	533335541716552
533335550344360	533335577296427	533335557272339
533335567067057	533335593928141	533335574429850
533335584064209	533335610565429	533335590688883
533335600392944	533335627207845	533335608469523
533335617528768	533335643849284	533335626105631
533335633817423	533335660538289	533335643349609
533335650943603	533335677106242	533335659563761
533335667398275	533335693750000	533335677252360
533335684269450	533335710375732	533335693753377
533335700976196	533335726998820	533335713119425
533335717077108	533335743650716	533335726318848
533335734068034	533335760282959	533335737296224
533335751271728	533335776891683	533335753646769
533335767439656	533335793582031	533335771140259
533335784754557	533335810172648	533335788371785
533335801021403	533335826795288	533335805199910
533335839741740	533335860099731	533335840683227
533335867618896	533335893336833	533335867971558
533335884532104	533335909978149	533335885659017
533335900551392	533335926629598	533335906443644
533335916993286	533335943290080	533335923860229
533335934197184	533335959903198	533335943718994
533335949791016	533335976541138	533335957950480
533335966969075	533335993156413	533335972068603
533335983506103	533336009771973	533335987221110
533335999966838	533336026412760	533336006523560
533336016190389	533336043055379	533336022153849
533336032583130	533336059692261	533336039620687
533336049099365	533336076319661	533336056342611
533336066196452	533336092964681	533336074178996
533336082573568	533336109613566	533336092284994
533336099229207	533336126220459	533336108770020
533336115734497	533336142874430	533336123823527
533336132458496	533336159566895	533336140001180
533336149252401	533336176111776	533336156462484
533336165914510	533336192752930	533336173647258
533336182675374	533336209386393	533336190228719
533336200544637	533336226033610	533336208687012
533336216656860	533336242676554	533336225917928
533336233950806	533336259292521	533336242004354
533336250064819	533336275926066	533336254013794

533335784754557	533335810172648	533335788371785
533335801021403	533335826795288	533335805199910
533335839741740	533335860099731	533335840683227
533335867618896	533335893336833	533335867971558
533335884532104	533335909978149	533335885659017
533335900551392	533335926629598	533335906443644
533335916993286	533335943290080	533335923860229
533335934197184	533335959903198	533335943718994
533335949791016	533335976541138	533335957950480
533335966969075	533335993156413	533335972068603
533335983506103	533336009771973	533335987221110
533335999966838	533336026412760	533336006523560
533336016190389	533336043055379	533336022153849
533336032583130	533336059692261	533336039620687
533336049099365	533336076319661	533336056342611
533336066196452	533336092964681	533336074178996
533336082573568	533336109613566	533336092284994
533336099229207	533336126220459	533336108770020
533336115734497	533336142874430	533336123823527
533336132458496	533336159566895	533336140001180
533336149252401	533336176111776	533336156462484
533336165914510	533336192752930	533336173647258
533336182675374	533336209386393	533336190228719
533336200544637	533336226033610	533336208687012
533336216656860	533336242676554	533336225917928
533336233950806	533336259292521	533336242004354
533336250064819	533336275926066	533336254013794
533336266376750	533336292565348	533336270336955
533336282787191	533336309197795	533336286789632
533336299942953	533336325827922	533336305888998
533336316135132	533336342460490	533336321346517
533336333411540	533336359088501	533336338079549
533336349541341	533336375727905	533336354769287
533336366837158	533336392358317	533336372872559
533336383106486	533336408997193	533336390142904
533336399673299	533336425636678	533336406767171
533336416263184	533336442273112	533336423777466
533336433551270	533336458900432	533336440498739
533336449994670	533336475596151	533336455993815
533336465917074	533336492236491	533336473151449
533336482222819	533336508799154	533336489956096
533336498593750	533336525456706	533336507459636
533336514859904	533336542086223	533336522919759
533336531218140	533336558733561	533336539792399
533336547993897	533336575369304	533336556548503
533336564557211	533336591990723	533336575324341
533336581367188	533336608609538	533336589089396
533336598106324	533336625241577	533336606435262
533336614779867	533336641879476	533336620969076
533336631722901	533336658546957	533336637790039
533336648614665	533336675151815	533336654839925
533336665251750	533336691799398	533336673242269
533336682318604	533336708434245	533336689889527
533336699239584	533336725046631	533336706433675
533336715351156	533336741682170	533336722603597
533336732528565	533336758303671	533336738627360
533336748580933	533336774944499	533336755211141
533336765489665	533336791576986	533336772491659
533336782467326	533336808219401	533336788704712
533336798485840	533336824853068	533336806439331
533336815949707	533336841499105	533336824966065
533336832122274	533336858112753	533336839430339
533336848624390	533336874757650	533336853086711

533336465917074	533336492236491	533336473151449
533336482222819	533336508799154	533336489956096
533336498593750	533336525456706	533336507459636
533336514859904	533336542086223	533336522919759
533336531218140	533336558733561	533336539792399
533336547993897	533336575369304	533336556548503
533336564557211	533336591990723	533336575324341
533336581367188	533336608609538	533336589089396
533336598106324	533336625241577	533336606435262
533336614779867	533336641879476	533336620969076
533336631722901	533336658546957	533336637790039
533336648614665	533336675151815	533336654839925
533336665251750	533336691799398	533336673242269
533336682318604	533336708434245	533336689889527
533336699239584	533336725046631	533336706433675
533336715351156	533336741682170	533336722603597
533336732528565	533336758303671	533336738627360
533336748580933	533336774944499	533336755211141
533336765489665	533336791576986	533336772491659
533336782467326	533336808219401	533336788704712
533336798485840	533336824853068	533336806439331
533336815949707	533336841499105	533336824966065
533336832122274	533336858112753	533336839430339
533336848624390	533336874757650	533336853086711
533336864315511	533336891397421	533336869553467
533336881108358	533336908016236	533336886570883
533336897762696	533336924685344	533336905727133
533336914212118	533336941292928	533336920850261
533336930759441	533336957919231	533336935941814
533336947552613	533336974647706	533336953735555
533336965215373	533336991228923	533336972647502
533336981456910	533337007812338	533336987701661
533336997356324	533337024448650	533337002576213
533337014522380	533337041089478	533337019190389
533337031408000	533337057729900	533337035794841
533337047589071	533337074372193	533337052864869
533337064500123	533337090993368	533337069927735
533337081158570	533337107651286	533337087967204
533337096986817	533337124268759	533337105157634
533337113790121	533337140917481	533337121514120
533337130520752	533337157534872	533337138072632
533337147289918	533337174169556	533337154680380
533337163814616	533337190814087	533337171194825
533337180808676	533337207461508	533337187671469
533337197337810	533337224142619	533337206128785
533337214092652	533337240813762	533337221683920
533337230794760	533337257342326	533337236124472
533337247522787	533337273964071	533337254684978
533337264178834	533337290604167	533337270165691
533337281270712	533337307241903	533337286834229
533337298142416	533337323867473	533337302995484
533337315172323	533337340638510	533337319576783
533337337203370	533337357194581	533337337950806
533337348469117	533337373767050	533337357669434
533337364804281	533337390425863	533337371473471
533337381172527	533337407040121	533337387786703
533337397784180	533337423689739	533337404085287
533337414210287	533337440329957	533337420726278
533337430457886	533337456949952	533337437492147
533337446907105	533337473598471	533337455144735
533337463599325	533337490208090	533337471680950
533337480189454	533337506847494	533337489633871
533337496349732	533337523494752	533337506156983

533337047589071	533337074372193	533337052864869
533337064500123	533337090993368	533337069927735
533337081158570	533337107651286	533337087967204
533337096986817	533337124268759	533337105157634
533337113790121	533337140917481	533337121514120
533337130520752	533337157534872	533337138072632
533337147289918	533337174169556	533337154680380
533337163814616	533337190814087	533337171194825
533337180808676	533337207461508	533337187671469
533337197337810	533337224142619	533337206128785
533337214092652	533337240813762	533337221683920
533337230794760	533337257342326	533337236124472
533337247522787	533337273964071	533337254684978
533337264178834	533337290604167	533337270165691
533337281270712	533337307241903	533337286834229
533337298142416	533337323867473	533337302995484
533337315172323	533337340638510	533337319576783
533337337203370	533337357194581	533337337950806
533337348469117	533337373767050	533337357669434
533337364804281	533337390425863	533337371473471
533337381172527	533337407040121	533337387786703
533337397784180	533337423689739	533337404085287
533337414210287	533337440329957	533337420726278
533337430457886	533337456949952	533337437492147
533337446907105	533337473598471	533337455144735
533337463599325	533337490208090	533337471680950
533337480189454	533337506847494	533337489633871
533337496349732	533337523494752	533337506156983
533337512815308	533337540121746	533337520408448
533337529395020	533337556748414	533337536881104
533337546155356	533337573387126	533337553586182
533337562786093	533337590016033	533337570129884
533337579776327	533337606649333	533337587994141
533337596088990	533337623282024	533337603363730
533337612870281	533337639919475	533337619510011
533337629943197	533337656559408	533337636746746
533337646300538	533337673179078	533337653329875
533337662766114	533337689824097	533337670255982
533337679901816	533337706457439	533337689037924
533337696400880	533337723092571	533337705166871
533337713220338	533337739836142	533337721997763
533337733895264	533337756361532	533337739353964
533337746557089	533337772986858	533337756152182
533337763368938	533337789630209	533337770731528
533337780204102	533337806267457	533337788320273
533337799497519	533337839633220	533337815275554
533337830798788	533337856225709	533337831386923
533337847340821	533337872801392	533337856990357
533337863664999	533337889435588	533337872371868
533337880496217	533337906072592	533337887603110
533337897045208	533337922689657	533337902488770
533337913969727	533337939338176	533337919038128
533337930629762	533337955973593	533337935745769
533337947430706	533337972635987	533337955094402
533337963945761	533337989247519	533337972093059
533337980644532	533338005870566	533337988636150
533337996596965	533338022526653	533338003164959
533338013133709	533338039142335	533338019778403
533338030452963	533338055795615	533338036403769
533338045808025	533338072413412	533338052962892
533338062600587	533338089034872	533338069690431
533338078472779	533338105689251	533338088595012

533337679901816	533337706457439	533337689037924
533337696400880	533337723092571	533337705166871
533337713220338	533337739836142	533337721997763
533337733895264	533337756361532	533337739353964
533337746557089	533337772986858	533337756152182
533337763368938	533337789630209	533337770731528
533337780204102	533337806267457	533337788320273
533337799497519	533337839633220	533337815275554
533337830798788	533337856225709	533337831386923
533337847340821	533337872801392	533337856990357
533337863664999	533337889435588	533337872371868
533337880496217	533337906072592	533337887603110
533337897045208	533337922689657	533337902488770
533337913969727	533337939338176	533337919038128
533337930629762	533337955973593	533337935745769
533337947430706	533337972635987	533337955094402
533337963945761	533337989247519	533337972093059
533337980644532	533338005870566	533337988636150
533337996596965	533338022526653	533338003164959
533338013133709	533338039142335	533338019778403
533338030452963	533338055795615	533338036403769
533338045808025	533338072413412	533338052962892
533338062600587	533338089034872	533338069690431
533338078472779	533338105689251	533338088595012
533338095375367	533338122311443	533338104971518
533338111752158	533338138957602	533338119881389
533338128387412	533338155585003	533338136774293
533338144896282	533338172228150	533338153632732
533338161538372	533338188860760	533338171322592
533338178185263	533338205514649	533338188312298
533338195009156	533338222123740	533338204892823
533338211475831	533338238760987	533338219266277
533338228246136	533338255380942	533338234941122
533338245127280	533338272029990	533338251662517
533338261981039	533338288656577	533338268103191
533338278736940	533338305287965	533338286553224
533338295543173	533338321936769	533338304321494
533338312772543	533338338604656	533338318004029
533338329696738	533338355192425	533338336297771
533338345581585	533338371855714	533338350358603
533338362582683	533338388464967	533338367151287
533338379509238	533338405114503	533338384868002
533338395703126	533338421963502	533338402215455
533338412692547	533338438382203	533338422685223
533338428954225	533338455056154	533338438092327
533338445850424	533338471639568	533338453725872
533338463032472	533338488259034	533338470043051
533338479069500	533338504894003	533338484279705
533338496069581	533338521543011	533338501228558
533338512807537	533338538171103	533338517470420
533338529012819	533338554814821	533338535242148
533338545487306	533338571430950	533338553216066
533338562099692	533338588153647	533338569583131
533338579404054	533338604701499	533338585077109
533338594892864	533338621338339	533338602175091
533338611330608	533338637972902	533338618133628
533338627925742	533338654678712	533338634849122
533338644437298	533338671244834	533338651396893
533338660935182	533338687878826	533338669007977
533338677726157	533338704509767	533338687029095
533338694123211	533338721147422	533338702014772
533338710434694	533338737789430	533338718882610

533338278736940	533338305287965	533338286553224
533338295543173	533338321936769	533338304321494
533338312772543	533338338604656	533338318004029
533338329696738	533338355192425	533338336297771
533338345581585	533338371855714	533338350358603
533338362582683	533338388464967	533338367151287
533338379509238	533338405114503	533338384868002
533338395703126	533338421963502	533338402215455
533338412692547	533338438382203	533338422685223
533338428954225	533338455056154	533338438092327
533338445850424	533338471639568	533338453725872
533338463032472	533338488259034	533338470043051
533338479069500	533338504894003	533338484279705
533338496069581	533338521543011	533338501228558
533338512807537	533338538171103	533338517470420
533338529012819	533338554814821	533338535242148
533338545487306	533338571430950	533338553216066
533338562099692	533338588153647	533338569583131
533338579404054	533338604701499	533338585077109
533338594892864	533338621338339	533338602175091
533338611330608	533338637972902	533338618133628
533338627925742	533338654678712	533338634849122
533338644437298	533338671244834	533338651396893
533338660935182	533338687878826	533338669007977
533338677726157	533338704509767	533338687029095
533338694123211	533338721147422	533338702014772
533338710434694	533338737789430	533338718882610
533338727053753	533338754407106	533338734114178
533338743894044	533338771042156	533338750803794
533338760550376	533338787716025	533338767245688
533338777197308	533338804316652	533338786457806
533338794022544	533338820967856	533338802911663
533338810828411	533338837586183	533338820261639
533338827274782	533338854208091	533338836175091
533338844966269	533338870850018	533338851264121
533338861358074	533338887477663	533338867953574
533338877994264	533338904106935	533338884648846
533338894555788	533338920761191	533338901680381
533338911344647	533338937397910	533338917886842
533338927499961	533338954022055	533338936722902
533338944651531	533338970675416	533338951726076
533338961225262	533338987300742	533338967933758
533338978445477	533339003919394	533338984616416
533338994800579	533339020757041	533339001516277
533339010593385	533339037205609	533339021015952
533339027285483	533339053854901	533339037073040
533339043963625	533339070456992	533339050844036
533339060428712	533339087130454	533339064587567
533339077256064	533339103764121	533339080209962
533339093970216	533339120354412	533339097055381
533339110748211	533339136997764	533339113998252
533339128342490	533339153620404	533339130959596
533339144486289	533339170268231	533339147875042
533339161262941	533339186894411	533339164854209
533339177962485	533339203606528	533339182534792
533339193889365	533339220164145	533339198716758
533339211353029	533339236798382	533339216600791
533339227649131	533339253450156	533339233051352
533339244216107	533339270059328	533339249618084
533339260579144	533339286696494	533339266541139
533339277132977	533339303368491	533339284206219
533339293683799	533339319966798	533339303852297
533339309793825	533339336621991	533339317699505

533338911344647	533338937397910	533338917886842
533338927499961	533338954022055	533338936722902
533338944651531	533338970675416	533338951726076
533338961225262	533338987300742	533338967933758
533338978445477	533339003919394	533338984616416
533338994800579	533339020757041	533339001516277
533339010593385	533339037205609	533339021015952
533339027285483	533339053854901	533339037073040
533339043963625	533339070456992	533339050844036
533339060428712	533339087130454	533339064587567
533339077256064	533339103764121	533339080209962
533339093970216	533339120354412	533339097055381
533339110748211	533339136997764	533339113998252
533339128342490	533339153620404	533339130959596
533339144486289	533339170268231	533339147875042
533339161262941	533339186894411	533339164854209
533339177962485	533339203606528	533339182534792
533339193889365	533339220164145	533339198716758
533339211353029	533339236798382	533339216600791
533339227649131	533339253450156	533339233051352
533339244216107	533339270059328	533339249618084
533339260579144	533339286696494	533339266541139
533339277132977	533339303368491	533339284206219
533339293683799	533339319966798	533339303852297
533339309793825	533339336621991	533339317699505
533339327885256	533339353242148	533339334540448
533339343132082	533339369891725	533339347741538
533339359193768	533339386508302	533339364471722
533339375948569	533339403154502	533339381750775
533339392851808	533339419792970	533339399273114
533339409199587	533339436425335	533339416182171
533339426098309	533339453050335	533339433366009
533339443126711	533339469693158	533339449790977
533339459950563	533339486307782	533339466444053
533339476466229	533339502961590	533339483235679
533339492859621	533339519578289	533339500946982
533339509566245	533339536224896	533339517901532
533339526121828	533339552844566	533339534313804
533339542671673	533339569483237	533339550428224
533339559405967	533339586116945	533339567103843
533339576371218	533339602810956	533339584707928
533339592934775	533339619404421	533339602929486
533339609815798	533339636020225	533339617449749
533339626659548	533339652668052	533339633352948
533339644546551	533339669292360	533339649345705
533339660746421	533339685921266	533339666135012
533339678121706	533339702578005	533339684268963
533339693542197	533339719237429	533339699429689
533339712605796	533339735953737	533339717422609
533339727230430	533339752469566	533339736232953
533339743786094	533339769102215	533339751489829
533339759811444	533339785721966	533339766203981
533339775676638	533339802363893	533339782325156
533339793011599	533339818988161	533339798602297
533339810084230	533339835624514	533339815603111
533339826078330	533339852274579	533339831874229
533339842951621	533339868909426	533339849519533
533339859885744	533339885569012	533339867518434
533339876266563	533339902163535	533339883207603
533339891690472	533339918797813	533339901095542
533339907982709	533339935542116	533339915861940
533339925133669	533339952082318	533339932183107
533339941414512	533339968712648	533339948857180

533339526121828	533339552844566	533339534313804
533339542671673	533339569483237	533339550428224
533339559405967	533339586116945	533339567103843
533339576371218	533339602810956	533339584707928
533339592934775	533339619404421	533339602929486
533339609815798	533339636020225	533339617449749
533339626659548	533339652668052	533339633352948
533339644546551	533339669292360	533339649345705
533339660746421	533339685921266	533339666135012
533339678121706	533339702578005	533339684268963
533339693542197	533339719237429	533339699429689
533339712605796	533339735953737	533339717422609
533339727230430	533339752469566	533339736232953
533339743786094	533339769102215	533339751489829
533339759811444	533339785721966	533339766203981
533339775676638	533339802363893	533339782325156
533339793011599	533339818988161	533339798602297
533339810084230	533339835624514	533339815603111
533339826078330	533339852274579	533339831874229
533339842951621	533339868909426	533339849519533
533339859885744	533339885569012	533339867518434
533339876266563	533339902163535	533339883207603
533339891690472	533339918797813	533339901095542
533339907982709	533339935542116	533339915861940
533339925133669	533339952082318	533339932183107
533339941414512	533339968712648	533339948857180
533339958129030	533339985330487	533339965435752
533339974721153	533340001961631	533339982154706
533339991268760	533340018662152	533339998844118
533340008308067	533340035231691	533340016106529
533340025099042	533340051867922	533340032121177
533340041358075	533340068510093	533340048510785
533340058646079	533340085140912	533340065213706
533340074838137	533340101769208	533340081918418
533340091853599	533340118452313	533340098333824
533340108493451	533340135067914	533340115797569
533340125309532	533340151685020	533340132078412
533340141908449	533340168317181	533340148407961
533340158629030	533340184964276	533340164858645
533340175314048	533340201688804	533340184147707
533340192852745	533340218206993	533340205071169
533340208485801	533340234843223	533340219271771
533340225862307	533340251480430	533340231218264
533340241960004	533340268103640	533340245341148
533340258699058	533340284756309	533340262823204
533340275521771	533340301406333	533340280588625
533340292586591	533340318048993	533340299053754
533340308760948	533340334644940	533340316129315
533340325411705	533340351285280	533340333816042
533340341840416	533340367912925	533340347551556
533340358445070	533340384583702	533340364271039
533340375174400	533340401187380	533340380817059
533340391599083	533340417845461	533340397670168
533340408598106	533340434666750	533340416744061
533340425175092	533340451089683	533340435029991
533340441189984	533340467727541	533340448722740
533340457922935	533340484363731	533340464896202
533340473856976	533340501008669	533340481478518
533340490565839	533340517632245	533340498021283
533340506903648	533340534288129	533340515473106
533340523714114	533340550915652	533340533301272
533340540432782	533340567601687	533340548481895
533340556832522	533340584193321	533340564770510

533340125309532	533340151685020	533340132078412
533340141908449	533340168317181	533340148407961
533340158629030	533340184964276	533340164858645
533340175314048	533340201688804	533340184147707
533340192852745	533340218206993	533340205071169
533340208485801	533340234843223	533340219271771
533340225862307	533340251480430	533340231218264
533340241960004	533340268103640	533340245341148
533340258699058	533340284756309	533340262823204
533340275521771	533340301406333	533340280588625
533340292586591	533340318048993	533340299053754
533340308760948	533340334644940	533340316129315
533340325411705	533340351285280	533340333816042
533340341840416	533340367912925	533340347551556
533340358445070	533340384583702	533340364271039
533340375174400	533340401187380	533340380817059
533340391599083	533340417845461	533340397670168
533340408598106	533340434666750	533340416744061
533340425175092	533340451089683	533340435029991
533340441189984	533340467727541	533340448722740
533340457922935	533340484363731	533340464896202
533340473856976	533340501008669	533340481478518
533340490565839	533340517632245	533340498021283
533340506903648	533340534288129	533340515473106
533340523714114	533340550915652	533340533301272
533340540432782	533340567601687	533340548481895
533340556832522	533340584193321	533340564770510
533340573451296	533340600812258	533340582596438
533340590071739	533340617431439	533340601030845
533340610120689	533340634080528	533340623432416
533340640296308	533340667323204	533340640863243
533340657221153	533340683974774	533340657719403
533340673718183	533340700594078	533340678588625
533340690601158	533340717230227	533340695473147
533340707818728	533340733870689	533340713052899
533340724515953	533340750629112	533340729910281
533340741282758	533340767152387	533340746558433
533340758156008	533340783776858	533340765974083
533340775416994	533340800402305	533340782012331
533340791199099	533340817063845	533340799445030
533340807756553	533340833667564	533340814495974
533340824559735	533340850305585	533340830831383
533340840660810	533340866941653	533340847440269
533340858328982	533340883586021	533340866503461
533340876361371	533340900228070	533340882062706
533340891251427	533340916839928	533340896497480
533340908231081	533340933512738	533340912329674
533340924294802	533340950118899	533340927012047
533340939907473	533340966763267	533340944338341
533340956630414	533340983403648	533340963164024
533340973176679	533341000102175	533340980429283
533340989593427	533341016648806	533340996804242
533341006438845	533341033295819	533341013911746
533341023151370	533341049927045	533341030064985
533341039404788	533341066572838	533341046402428
533341057098839	533341083207359	533341062827314
533341073365481	533341099831586	533341080941002
533341090200198	533341116535077	533341097409304
533341106128420	533341133165652	533341117684166
533341122897219	533341149720339	533341133862877
533341139566368	533341166398114	533341148475385
533341156354047	533341182989179	533341162548139
533341173308067	533341199626467	533341178990033

533340741282758	533340767152387	533340746558433
533340758156008	533340783776858	533340765974083
533340775416994	533340800402305	533340782012331
533340791199099	533340817063845	533340799445030
533340807756553	533340833667564	533340814495974
533340824559735	533340850305585	533340830831383
533340840660810	533340866941653	533340847440269
533340858328982	533340883586021	533340866503461
533340876361371	533340900228070	533340882062706
533340891251427	533340916839928	533340896497480
533340908231081	533340933512738	533340912329674
533340924294802	533340950118899	533340927012047
533340939907473	533340966763267	533340944338341
533340956630414	533340983403648	533340963164024
533340973176679	533341000102175	533340980429283
533340989593427	533341016648806	533340996804242
533341006438845	533341033295819	533341013911746
533341023151370	533341049927045	533341030064985
533341039404788	533341066572838	533341046402428
533341057098839	533341083207359	533341062827314
533341073365481	533341099831586	533341080941002
533341090200198	533341116535077	533341097409304
533341106128420	533341133165652	533341117684166
533341122897219	533341149720339	533341133862877
533341139566368	533341166398114	533341148475385
533341156354047	533341182989179	533341162548139
533341173308067	533341199626467	533341178990033
533341189830528	533341216267296	533341195491173
533341207802289	533341232918256	533341212944054
533341223401207	533341249618614	533341230929202
533341240098188	533341266193606	533341247528038
533341258050051	533341282812218	533341265237633
533341274125572	533341299454959	533341281030642
533341290350263	533341316140343	533341296513674
533341307209190	533341332697960	533341314360395
533341324134036	533341349344200	533341330660932
533341340399335	533341365973391	533341346759809
533341357615766	533341382867760	533341365279422
533341373771446	533341399251183	533341383908287
533341390424116	533341415880048	533341402661339
533341406481611	533341432506310	533341414471153
533341422847049	533341449142906	533341427249718
533341439464317	533341465770022	533341444543500
533341455865563	533341482421674	533341462227338
533341472636681	533341499035769	533341481757286
533341489117190	533341515663577	533341496534630
533341505520917	533341532321048	533341512176801
533341522111005	533341548943037	533341529003054
533341538453901	533341565621137	533341545220502
533341555171105	533341582237958	533341561855024
533341572338707	533341598961917	533341581191246
533341588917239	533341615474002	533341599024010
533341604828697	533341632111534	533341612768232
533341621660891	533341648752526	533341629563194
533341638377037	533341665389082	533341645767866
533341655139977	533341682043541	533341662436730
533341671958173	533341698705000	533341681277224
533341688455651	533341715277957	533341696743004
533341705291547	533341731912356	533341715111453
533341721989993	533341748554975	533341728904666
533341738881432	533341765189375	533341745630944
533341755477867	533341781836835	533341762307132
533341772311608	533341798467288	533341780468753

533341357615766	533341382867760	533341365279422
533341373771446	533341399251183	533341383908287
533341390424116	533341415880048	533341402661339
533341406481611	533341432506310	533341414471153
533341422847049	533341449142906	533341427249718
533341439464317	533341465770022	533341444543500
533341455865563	533341482421674	533341462227338
533341472636681	533341499035769	533341481757286
533341489117190	533341515663577	533341496534630
533341505520917	533341532321048	533341512176801
533341522111005	533341548943037	533341529003054
533341538453901	533341565621137	533341545220502
533341555171105	533341582237958	533341561855024
533341572338707	533341598961917	533341581191246
533341588917239	533341615474002	533341599024010
533341604828697	533341632111534	533341612768232
533341621660891	533341648752526	533341629563194
533341638377037	533341665389082	533341645767866
533341655139977	533341682043541	533341662436730
533341671958173	533341698705000	533341681277224
533341688455651	533341715277957	533341696743004
533341705291547	533341731912356	533341715111453
533341721989993	533341748554975	533341728904666
533341738881432	533341765189375	533341745630944
533341755477867	533341781836835	533341762307132
533341772311608	533341798467288	533341780468753
533341788920861	533341815088504	533341797644412
533341805317793	533341831725548	533341814623131
533341821884117	533341848357343	533341829433393
533341838542483	533341865025882	533341845509809
533341855362470	533341881621300	533341861894493
533341871878095	533341898262942	533341878764285
533341888749677	533341914905236	533341895124881
533341906079918	533341931525638	533341912358239
533341922448449	533341948173505	533341929122358
533341939178714	533341964814171	533341945084272
533341956503543	533341981442264	533341962980228
533341972158857	533341998109052	533341981379316
533341988725589	533342014699262	533341999012129
533342004561445	533342031326582	533342011373904
533342021308271	533342048095503	533342025926761
533342037847781	533342064594852	533342043237267
533342054518558	533342081232750	533342061443281
533342071116580	533342097945397	533342079909549
533342087650841	533342114600792	533342095908694
533342104528405	533342131134931	533342114044111
533342120638268	533342147769249	533342129777632
533342137304568	533342164401329	533342144137576
533342153917768	533342181042768	533342160672488
533342170661543	533342197666995	533342177339440
533342187354739	533342214320234	533342193842329
533342204569542	533342230975752	533342211893843
533342221084598	533342247866011	533342232844892
533342237540408	533342264208052	533342249404300
533342254413862	533342280836022	533342263734948
533342271296024	533342297475223	533342275418216
533342287569258	533342314109988	533342294367109
533342304314863	533342330760827	533342309911014
533342320838097	533342347378462	533342329162723
533342337766076	533342364038862	533342346276330
533342354164595	533342380648563	533342360693729
533342370683678	533342397296512	533342377302860
533342387867313	533342413924238	533342393912682

533341939178714	533341964814171	533341945084272
533341956503543	533341981442264	533341962980228
533341972158857	533341998109052	533341981379316
533341988725589	533342014699262	533341999012129
533342004561445	533342031326582	533342011373904
533342021308271	533342048095503	533342025926761
533342037847781	533342064594852	533342043237267
533342054518558	533342081232750	533342061443281
533342071116580	533342097945397	533342079909549
533342087650841	533342114600792	533342095908694
533342104528405	533342131134931	533342114044111
533342120638268	533342147769249	533342129777632
533342137304568	533342164401329	533342144137576
533342153917768	533342181042768	533342160672488
533342170661543	533342197666995	533342177339440
533342187354739	533342214320234	533342193842329
533342204569542	533342230975752	533342211893843
533342221084598	533342247866011	533342232844892
533342237540408	533342264208052	533342249404300
533342254413862	533342280836022	533342263734948
533342271296024	533342297475223	533342275418216
533342287569258	533342314109988	533342294367109
533342304314863	533342330760827	533342309911014
533342320838097	533342347378462	533342329162723
533342337766076	533342364038862	533342346276330
533342354164595	533342380648563	533342360693729
533342370683678	533342397296512	533342377302860
533342387867313	533342413924238	533342393912682
533342403943362	533342430601281	533342410418135
533342421230146	533342447185387	533342427989302
533342437247765	533342463851932	533342444970584
533342453771447	533342480456994	533342461945194
533342470359419	533342497121789	533342478896976
533342486957685	533342513752526	533342495132205
533342503884280	533342530358239	533342511851932
533342520983809	533342546995771	533342529342573
533342537654992	533342563630334	533342544963423
533342554266564	533342580257246	533342561367760
533342570810387	533342596894250	533342577907759
533342586870934	533342613533003	533342594510338
533342604307824	533342630189375	533342612888879
533342619992598	533342646805789	533342628281864
533342636565474	533342663481489	533342644448123
533342653414839	533342680120894	533342661570234
533342670642256	533342696729902	533342677974287
533342687392052	533342713340295	533342694503503
533342704604455	533342729975874	533342713412072
533342720081343	533342746598758	533342729893477
533342736979984	533342763240156	533342745722700
533342753691572	533342779872399	533342757284142
533342770677087	533342796498335	533342774537642
533342787095381	533342813136112	533342791326501
533342803962650	533342829774865	533342808267419
533342820286869	533342846420007	533342825872562
533342837107669	533342863043827	533342845253869
533342853622562	533342879678023	533342860118981
533342870499881	533342896307417	533342875904870
533342887032759	533342912949588	533342892595829
533342903220300	533342929687625	533342910805667
533342919661543	533342946205163	533342928331628
533342936378788	533342962846846	533342943959395
533342952780277	533342979479536	533342959298221
533342969282515	533342996104414	533342976369022

533342570810387	533342596894250	533342577907759
533342586870934	533342613533003	533342594510338
533342604307824	533342630189375	533342612888879
533342619992598	533342646805789	533342628281864
533342636565474	533342663481489	533342644448123
533342653414839	533342680120894	533342661570234
533342670642256	533342696729902	533342677974287
533342687392052	533342713340295	533342694503503
533342704604455	533342729975874	533342713412072
533342720081343	533342746598758	533342729893477
533342736979984	533342763240156	533342745722700
533342753691572	533342779872399	533342757284142
533342770677087	533342796498335	533342774537642
533342787095381	533342813136112	533342791326501
533342803962650	533342829774865	533342808267419
533342820286869	533342846420007	533342825872562
533342837107669	533342863043827	533342845253869
533342853622562	533342879678023	533342860118981
533342870499881	533342896307417	533342875904870
533342887032759	533342912949588	533342892595829
533342903220300	533342929687625	533342910805667
533342919661543	533342946205163	533342928331628
533342936378788	533342962846846	533342943959395
533342952780277	533342979479536	533342959298221
533342969282515	533342996104414	533342976369022
533342986008752	533343012756351	533342992639815
533343002337162	533343029387007	533343009058027
533343018937381	533343046042850	533343025827315
533343035537276	533343062669640	533343044233239
533343052646162	533343079287601	533343060776696
533343069058679	533343095932295	533343076842695
533343085869266	533343112603600	533343093645511
533343102644616	533343129199304	533343110821903
533343119522627	533343145855025	533343127887007
533343136522627	533343162449385	533343144517093
533343152863366	533343179092126	533343160537031
533343169235965	533343195715905	533343176292606
533343186260217	533343212366662	533343193041100
533343203020145	533343228990319	533343211286096
533343219016239	533343245664229	533343226124963
533343236523970	533343262257653	533343243390873
533343252505944	533343278926721	533343259505944
533343269730879	533343295601932	533343276169112
533343286162479	533343312176802	533343294771529
533343303098189	533343328800052	533343311536258
533343319054528	533343345431115	533343326310144
533343336202437	533343362064050	533343342742110
533343352610233	533343378698693	533343359154382
533343368991092	533343395336063	533343375374149
533343387814742	533343411981856	533343393459436
533343402295617	533343428630497	533343409283166
533343418878544	533343445266809	533343427215620
533343435448815	533343461870731	533343445393802
533343452211429	533343478659509	533343459253096
533343468705814	533343495144698	533343474085209
533343486068037	533343511803796	533343490107995
533343501736983	533343528429406	533343506970381
533343518339034	533343545061527	533343525721195
533343535010217	533343561720056	533343542440800
533343552161096	533343578311608	533343557571659
533343570839522	533343594944502	533343573898889
533343585077193	533343611580489	533343591208988
533343601810957	533343628213586	533343607717330

533343169235965	533343195715905	533343176292606
533343186260217	533343212366662	533343193041100
533343203020145	533343228990319	533343211286096
533343219016239	533343245664229	533343226124963
533343236523970	533343262257653	533343243390873
533343252505944	533343278926721	533343259505944
533343269730879	533343295601932	533343276169112
533343286162479	533343312176802	533343294771529
533343303098189	533343328800052	533343311536258
533343319054528	533343345431115	533343326310144
533343336202437	533343362064050	533343342742110
533343352610233	533343378698693	533343359154382
533343368991092	533343395336063	533343375374149
533343387814742	533343411981856	533343393459436
533343402295617	533343428630497	533343409283166
533343418878544	533343445266809	533343427215620
533343435448815	533343461870731	533343445393802
533343452211429	533343478659509	533343459253096
533343468705814	533343495144698	533343474085209
533343486068037	533343511803796	533343490107995
533343501736983	533343528429406	533343506970381
533343518339034	533343545061527	533343525721195
533343535010217	533343561720056	533343542440800
533343552161096	533343578311608	533343557571659
533343570839522	533343594944502	533343573898889
533343585077193	533343611580489	533343591208988
533343601810957	533343628213586	533343607717330
533343619363081	533343644848596	533343624000451
533343636373132	533343661550948	533343642922896
533343651666670	533343678130863	533343658423181
533343668135502	533343694770105	533343675089766
533343684822717	533343711393518	533343692125044
533343701592289	533343728019535	533343710249719
533343718194543	533343744655481	533343725181644
533343735746545	533343761300622	533343743626672
533343752404667	533343777915124	533343758673466
533343768692875	533343794571252	533343774513106
533343785349572	533343811192265	533343791942916
533343801361698	533343827874719	533343809770064
533343817866662	533343844514571	533343824373091
533343834374149	533343861140018	533343843026412
533343851256026	533343877716516	533343860325158
533343868389327	533343894359216	533343875492069
533343884908166	533343910989628	533343891483728
533343901482426	533343927618738	533343907931563
533343918132165	533343944261763	533343924405155
533343934719446	533343960891036	533343942290206
533343951154463	533343977631352	533343957813440
533343967934940	533343994165124	533343974909753
533343984639856	533344010789514	533343993295455
533344001111210	533344027465092	533344008103642
533344017697229	533344044073572	533344024170170
533344033695927	533344060729537	533344041650395
533344050253788	533344077353601	533344057381799
533344066858199	533344093988733	533344074191898
533344084433231	533344110634851	533344090846277
533344100601811	533344127251713	533344109445113
533344116958541	533344143863611	533344126720463
533344134159713	533344160565027	533344142231409
533344150778609	533344177139327	533344157265141
533344167508020	533344193775191	533344173905277
533344183818648	533344210412032	533344191558150
533344200459924	533344227062463	533344208335535

533343801361698	533343827874719	533343809770064
533343817866662	533343844514571	533343824373091
533343834374149	533343861140018	533343843026412
533343851256026	533343877716516	533343860325158
533343868389327	533343894359216	533343875492069
533343884908166	533343910989628	533343891483728
533343901482426	533343927618738	533343907931563
533343918132165	533343944261763	533343924405155
533343934719446	533343960891036	533343942290206
533343951154463	533343977631352	533343957813440
533343967934940	533343994165124	533343974909753
533343984639856	533344010789514	533343993295455
533344001111210	533344027465092	533344008103642
533344017697229	533344044073572	533344024170170
533344033695927	533344060729537	533344041650395
533344050253788	533344077353601	533344057381799
533344066858199	533344093988733	533344074191898
533344084433231	533344110634851	533344090846277
533344100601811	533344127251713	533344109445113
533344116958541	533344143863611	533344126720463
533344134159713	533344160565027	533344142231409
533344150778609	533344177139327	533344157265141
533344167508020	533344193775191	533344173905277
533344183818648	533344210412032	533344191558150
533344200459924	533344227062463	533344208335535
533344217175704	533344243687056	533344226402551
533344234140751	533344260315596	533344243898197
533344250279260	533344276945194	533344257886601
533344267157922	533344293615035	533344272556441
533344284501550	533344310201868	533344288393925
533344300466150	533344326847498	533344305755782
533344317169641	533344343511926	533344322257450
533344335149866	533344360135258	533344342073083
533344350852014	533344376743778	533344357647506
533344367573409	533344393406132	533344374301518
533344384306441	533344410026819	533344390972253
533344401036503	533344426653406	533344407176111
533344417114058	533344443285120	533344425579838
533344433790613	533344459922042	533344441623376
533344450525557	533344476547612	533344454758630
533344466982100	533344493187789	533344471613123
533344483594161	533344509815597	533344488963017
533344500228560	533344526455123	533344507814620
533344518487024	533344543091394	533344524704960
533344533243128	533344559731694	533344542774825
533344549259607	533344576351200	533344556097782
533344565964644	533344592993250	533344572644291
533344582339319	533344609619674	533344589308720
533344599087488	533344626263106	533344605872563
533344615822555	533344642903121	533344622340173
533344631920943	533344659689824	533344642362553
533344648608728	533344676175663	533344657641891
533344665822066	533344692792647	533344675184412
533344683878788	533344709446741	533344690477706
533344698804366	533344726094812	533344708086552
533344715018274	533344742693811	533344723187708
533344731872685	533344759345545	533344740670455
533344748821822	533344775972579	533344756461593
533344766631881	533344792642664	533344775123784
533344783545740	533344809248417	533344790586878
533344799570846	533344825920374	533344808407027
533344816311609	533344842530929	533344825086430
533344832491622	533344859138758	533344842076787

533344401036503	533344426653406	533344407176111
533344417114058	533344443285120	533344425579838
533344433790613	533344459922042	533344441623376
533344450525557	533344476547612	533344454758630
533344466982100	533344493187789	533344471613123
533344483594161	533344509815597	533344488963017
533344500228560	533344526455123	533344507814620
533344518487024	533344543091394	533344524704960
533344533243128	533344559731694	533344542774825
533344549259607	533344576351200	533344556097782
533344565964644	533344592993250	533344572644291
533344582339319	533344609619674	533344589308720
533344599087488	533344626263106	533344605872563
533344615822555	533344642903121	533344622340173
533344631920943	533344659689824	533344642362553
533344648608728	533344676175663	533344657641891
533344665822066	533344692792647	533344675184412
533344683878788	533344709446741	533344690477706
533344698804366	533344726094812	533344708086552
533344715018274	533344742693811	533344723187708
533344731872685	533344759345545	533344740670455
533344748821822	533344775972579	533344756461593
533344766631881	533344792642664	533344775123784
533344783545740	533344809248417	533344790586878
533344799570846	533344825920374	533344808407027
533344816311609	533344842530929	533344825086430
533344832491622	533344859138758	533344842076787
533344849389449	533344875773645	533344856884200
533344865892216	533344892412114	533344872386235
533344882930343	533344909041427	533344888609257
533344899560348	533344925714278	533344905632817
533344916655156	533344942304041	533344923427373
533344933562138	533344958951461	533344940322840
533344949666752	533344975628056	533344955733647
533344966581791	533344992207524	533344971813196
533344983488896	533345008864791	533344988687057
533344999301030	533345025488733	533345007276168
533345015694462	533345042113489	533345025149500
533345032682133	533345058745366	533345041236617
533345048642664	533345075380253	533345055873865
533345065325769	533345092054611	533345071799443
533345081974410	533345108675786	533345088883142
533345098119104	533345125305953	533345105228276
533345115035486	533345141941044	533345122980310
533345131376429	533345158640833	533345143117436
533345147701298	533345175190760	533345157632044
533345164660120	533345191827845	533345171850021
533345181281295	533345208459640	533345188620529
533345198121261	533345225111862	533345205082036
533345215192306	533345241754765	533345224709355
533345231407679	533345258363815	533345241261805
533345248346440	533345274999679	533345255504399
533345264932540	533345291621180	533345269559697
533345282382614	533345308270756	533345286127365
533345299068364	533345324898361	533345304145187
533345315737635	533345341592493	533345319860315
533345332402877	533345358211145	533345336300582
533345351784632	533345374803268	533345353558354
533345366136561	533345391456588	533345370942713
533345383396611	533345408072230	533345386644048
533345399279220	533345424696741	533345399649174
533345415792200	533345441425338	533345417095545
533345432192225	533345457969813	533345434540206

533345015694462	533345042113489	533345025149500
533345032682133	533345058745366	533345041236617
533345048642664	533345075380253	533345055873865
533345065325769	533345092054611	533345071799443
533345081974410	533345108675786	533345088883142
533345098119104	533345125305953	533345105228276
533345115035486	533345141941044	533345122980310
533345131376429	533345158640833	533345143117436
533345147701298	533345175190760	533345157632044
533345164660120	533345191827845	533345171850021
533345181281295	533345208459640	533345188620529
533345198121261	533345225111862	533345205082036
533345215192306	533345241754765	533345224709355
533345231407679	533345258363815	533345241261805
533345248346440	533345274999679	533345255504399
533345264932540	533345291621180	533345269559697
533345282382614	533345308270756	533345286127365
533345299068364	533345324898361	533345304145187
533345315737635	533345341592493	533345319860315
533345332402877	533345358211145	533345336300582
533345351784632	533345374803268	533345353558354
533345366136561	533345391456588	533345370942713
533345383396611	533345408072230	533345386644048
533345399279220	533345424696741	533345399649174
533345415792200	533345441425338	533345417095545
533345432192225	533345457969813	533345434540206
533345448986780	533345474600468	533345452217656
533345465186569	533345491243860	533345468447636
533345482236495	533345507878545	533345485151250
533345498418095	533345524589686	533345502915613
533345514721440	533345541152064	533345519927373
533345531086146	533345557781865	533345537662521
533345547593755	533345574394902	533345554507614
533345564243860	533345591037765	533345570865971
533345580600957	533345607674199	533345587618250
533345596980840	533345624305587	533345606629765
533345613677007	533345640982467	533345621407801
533345630147384	533345657574956	533345640598475
533345646810348	533345674206507	533345655264857
533345663308598	533345690854741	533345671329025
533345679801152	533345707581751	533345688601771
533345696811854	533345724146855	533345705450932
533345713755986	533345740752405	533345722207117
533345730197148	533345757386195	533345737326217
533345747047734	533345774018885	533345753665817
533345763836308	533345790640996	533345770303838
533345780711186	533345807279464	533345786956304
533345797386357	533345823931930	533345803350957
533345814158940	533345840632736	533345821388433
533345831380986	533345857200200	533345838955327
533345847580042	533345873820358	533345853916834
533345864270350	533345890444870	533345870185063
533345880889857	533345907093755	533345886521733
533345897467738	533345923724451	533345904925908
533345914085088	533345940385422	533345919714604
533345931433354	533345957011113	533345937570643
533345947936976	533345973620692	533345955238245
533345963793462	533345990262375	533345970166183
533345980807297	533346006920456	533345986982183
533345997469080	533346023584396	533346003599858
533346014567591	533346040177699	533346020431198
533346030957524	533346056806157	533346037195928
533346046990402	533346073433517	533346053561528

533345630147384	533345657574956	533345640598475
533345646810348	533345674206507	533345655264857
533345663308598	533345690854741	533345671329025
533345679801152	533345707581751	533345688601771
533345696811854	533345724146855	533345705450932
533345713755986	533345740752405	533345722207117
533345730197148	533345757386195	533345737326217
533345747047734	533345774018885	533345753665817
533345763836308	533345790640996	533345770303838
533345780711186	533345807279464	533345786956304
533345797386357	533345823931930	533345803350957
533345814158940	533345840632736	533345821388433
533345831380986	533345857200200	533345838955327
533345847580042	533345873820358	533345853916834
533345864270350	533345890444870	533345870185063
533345880889857	533345907093755	533345886521733
533345897467738	533345923724451	533345904925908
533345914085088	533345940385422	533345919714604
533345931433354	533345957011113	533345937570643
533345947936976	533345973620692	533345955238245
533345963793462	533345990262375	533345970166183
533345980807297	533346006920456	533345986982183
533345997469080	533346023584396	533346003599858
533346014567591	533346040177699	533346020431198
533346030957524	533346056806157	533346037195928
533346046990402	533346073433517	533346053561528
533346064136683	533346090067469	533346070722783
533346080350957	533346106707158	533346087547409
533346096705246	533346123344325	533346103045456
533346113061284	533346139994349	533346119615280
533346133489507	533346156639491	533346138300094
533346146311203	533346173231613	533346154699386
533346162141851	533346189888311	533346172576706
533346178796473	533346206507044	533346188379847
533346195536830	533346223150965	533346202703740
533346212637660	533346239798792	533346219124232
533346229270025	533346256405482	533346237171717
533346245918869	533346273048752	533346252439255
533346263866582	533346289679286	533346270972743
533346280360479	533346306304693	533346286888840
533346296324224	533346322949224	533346302742762
533346313228358	533346339636642	533346319933070
533346330114670	533346356210780	533346336621628
533346346957525	533346372864751	533346352962326
533346363550054	533346389493617	533346370259852
533346380336105	533346406153407	533346386142054
533346396808762	533346423220383	533346403351690
533346414986293	533346439384323	533346424190394
533346429328211	533346456013799	533346438974248
533346447532150	533346472656133	533346454664271
533346462501836	533346489280197	533346470442551
533346479225062	533346505926234	533346487156092
533346495985926	533346522628545	533346502379766
533346512650111	533346539189051	533346518952398
533346529791550	533346555830531	533346535815394
533346546122930	533346572473557	533346552377040
533346562641485	533346589107549	533346569658737
533346579895757	533346605744186	533346586343633
533346597965296	533346622372971	533346603699916
533346612826909	533346639008347	533346621181686
533346629192022	533346655630132	533346636276942
533346646627447	533346672268763	533346653995367
533346662674362	533346688898443	533346671466314

533346245918869	533346273048752	533346252439255
533346263866582	533346289679286	533346270972743
533346280360479	533346306304693	533346286888840
533346296324224	533346322949224	533346302742762
533346313228358	533346339636642	533346319933070
533346330114670	533346356210780	533346336621628
533346346957525	533346372864751	533346352962326
533346363550054	533346389493617	533346370259852
533346380336105	533346406153407	533346386142054
533346396808762	533346423220383	533346403351690
533346414986293	533346439384323	533346424190394
533346429328211	533346456013799	533346438974248
533346447532150	533346472656133	533346454664271
533346462501836	533346489280197	533346470442551
533346479225062	533346505926234	533346487156092
533346495985926	533346522628545	533346502379766
533346512650111	533346539189051	533346518952398
533346529791550	533346555830531	533346535815394
533346546122930	533346572473557	533346552377040
533346562641485	533346589107549	533346569658737
533346579895757	533346605744186	533346586343633
533346597965296	533346622372971	533346603699916
533346612826909	533346639008347	533346621181686
533346629192022	533346655630132	533346636276942
533346646627447	533346672268763	533346653995367
533346662674362	533346688898443	533346671466314
533346679116257	533346705529709	533346686001673
533346695862554	533346722167242	533346700895594
533346712172572	533346738794846	533346717433029
533346728999883	533346755432582	533346734147914
533346745454310	533346772108485	533346752821945
533346761993413	533346788689906	533346770219854
533346778672084	533346805366053	533346787076503
533346795179164	533346821989833	533346802612025
533346812473557	533346838605881	533346819599737
533346828962448	533346855245000	533346836360926
533346845720464	533346871873459	533346853864100
533346864099615	533346888570725	533346870888962
533346878746180	533346905140630	533346885989751
533346895345383	533346921767421	533346902504929
533346911872442	533346938415940	533346919108607
533346928567185	533346955048427	533346935829026
533346944971034	533346971674200	533346954050013
533346961662074	533346988309657	533346971266932
533346978392339	533347004938645	533346985718023
533346995083827	533347021618454	533347000940761
533347011477382	533347038210943	533347017592453
533347028898606	533347054941696	533347034311692
533347045170009	533347071479660	533347055286871
533347061309047	533347088108729	533347071003830
533347078017909	533347104736903	533347086824509
533347094792201	533347121373052	533347100451625
533347111543137	533347138004115	533347116972011
533347128563645	533347154649948	533347133743129
533347144721807	533347171300583	533347150579677
533347161871547	533347187918788	533347168151373
533347178367152	533347204667608	533347186702520
533347195310552	533347221193202	533347201563034
533347211445399	533347237836920	533347219824143
533347228397995	533347254455124	533347235275396
533347245165045	533347271093511	533347251114589
533347262043747	533347287716111	533347267560023
533347278103847	533347304367112	533347284852748

533346845720464	533346871873459	533346853864100
533346864099615	533346888570725	533346870888962
533346878746180	533346905140630	533346885989751
533346895345383	533346921767421	533346902504929
533346911872442	533346938415940	533346919108607
533346928567185	533346955048427	533346935829026
533346944971034	533346971674200	533346954050013
533346961662074	533346988309657	533346971266932
533346978392339	533347004938645	533346985718023
533346995083827	533347021618454	533347000940761
533347011477382	533347038210943	533347017592453
533347028898606	533347054941696	533347034311692
533347045170009	533347071479660	533347055286871
533347061309047	533347088108729	533347071003830
533347078017909	533347104736903	533347086824509
533347094792201	533347121373052	533347100451625
533347111543137	533347138004115	533347116972011
533347128563645	533347154649948	533347133743129
533347144721807	533347171300583	533347150579677
533347161871547	533347187918788	533347168151373
533347178367152	533347204667608	533347186702520
533347195310552	533347221193202	533347201563034
533347211445399	533347237836920	533347219824143
533347228397995	533347254455124	533347235275396
533347245165045	533347271093511	533347251114589
533347262043747	533347287716111	533347267560023
533347278103847	533347304367112	533347284852748
533347294801112	533347320992885	533347301075160
533347311707728	533347337619472	533347317613653
533347328115769	533347354264328	533347334440557
533347344424241	533347370901373	533347352884649
533347361020147	533347387602911	533347367626877
533347378239141	533347404159551	533347384710780
533347394317999	533347420792405	533347400968186
533347411271531	533347437439296	533347417510666
533347428517706	533347454078782	533347435417242
533347444221767	533347470709031	533347452672369
533347460793910	533347487338710	533347467869594
533347477532517	533347503967616	533347485021978
533347494220627	533347520587733	533347500590785
533347510660528	533347537243373	533347517134527
533347526940679	533347553891892	533347533766444
533347547552618	533347570531296	533347551708420
533347561024745	533347587150966	533347569045701
533347576762131	533347603798183	533347585833705
533347593738572	533347620466518	533347600593918
533347610413458	533347637034877	533347617178757
533347626992681	533347653691249	533347633857590
533347643584926	533347670313157	533347652240566
533347660441819	533347686970261	533347666844854
533347677170090	533347703600673	533347684968837
533347693845790	533347720245123	533347700139532
533347710963995	533347736860357	533347719844976
533347727591355	533347753497483	533347736158901
533347743996751	533347770138433	533347750503790
533347761356573	533347786804897	533347767680385
533347777604701	533347803417568	533347787231654
533347794186366	533347820019659	533347801400763
533347811053310	533347836645717	533347816499762
533347827345343	533347853291388	533347832438116
533347843739955	533347869913254	533347848799322
533347860909999	533347886554124	533347865053106
533347878028977	533347903211187	533347883729823

533347477532517	533347503967616	533347485021978
533347494220627	533347520587733	533347500590785
533347510660528	533347537243373	533347517134527
533347526940679	533347553891892	533347533766444
533347547552618	533347570531296	533347551708420
533347561024745	533347587150966	533347569045701
533347576762131	533347603798183	533347585833705
533347593738572	533347620466518	533347600593918
533347610413458	533347637034877	533347617178757
533347626992681	533347653691249	533347633857590
533347643584926	533347670313157	533347652240566
533347660441819	533347686970261	533347666844854
533347677170090	533347703600673	533347684968837
533347693845790	533347720245123	533347700139532
533347710963995	533347736860357	533347719844976
533347727591355	533347753497483	533347736158901
533347743996751	533347770138433	533347750503790
533347761356573	533347786804897	533347767680385
533347777604701	533347803417568	533347787231654
533347794186366	533347820019659	533347801400763
533347811053310	533347836645717	533347816499762
533347827345343	533347853291388	533347832438116
533347843739955	533347869913254	533347848799322
533347860909999	533347886554124	533347865053106
533347878028977	533347903211187	533347883729823
533347893638759	533347919844000	533347899099371
533347911035447	533347936468552	533347918238368
533347927059373	533347953093674	533347933149257
533347943247809	533347969723069	533347950786220
533347959812669	533347986350185	533347966474615
533347976309576	533348002982143	533347984536423
533347992840989	533348019633225	533348000471726
533348010198574	533348036257656	533348018450405
533348025949876	533348052894212	533348034932704
533348042346686	533348069521775	533348050433884
533348059298386	533348087048631	533348067205694
533348075979905	533348102781337	533348087223028
533348092519049	533348119581874	533348101579555
533348109220872	533348136070359	533348118470343
533348127386277	533348152694627	533348135006435
533348142421433	533348169341843	533348150455450
533348158876064	533348185967657	533348167296148
533348176208176	533348202630784	533348184473964
533348192347174	533348219286830	533348201668626
533348209185268	533348235863409	533348219643642
533348226035244	533348252510341	533348234858567
533348242461757	533348269170131	533348252116542
533348258929042	533348285770270	533348266959031
533348275577114	533348302441616	533348283402187
533348293725551	533348319043504	533348299407721
533348309288092	533348335677415	533348315993374
533348326155605	533348352303351	533348335261196
533348342470913	533348368936529	533348350292527
533348358905524	533348385648850	533348365698452
533348376135423	533348402196417	533348383116420
533348392282151	533348418875332	533348399118496
533348409776902	533348435477464	533348415713181
533348426279262	533348452112555	533348434690517
533348442627285	533348468777757	533348449362351
533348459530768	533348485387864	533348467286871
533348476260830	533348502011155	533348484743780
533348492840948	533348518659755	533348499420009
533348508931199	533348535304246	533348517021084

533348075979905	533348102781337	533348087223028
533348092519049	533348119581874	533348101579555
533348109220872	533348136070359	533348118470343
533348127386277	533348152694627	533348135006435
533348142421433	533348169341843	533348150455450
533348158876064	533348185967657	533348167296148
533348176208176	533348202630784	533348184473964
533348192347174	533348219286830	533348201668626
533348209185268	533348235863409	533348219643642
533348226035244	533348252510341	533348234858567
533348242461757	533348269170131	533348252116542
533348258929042	533348285770270	533348266959031
533348275577114	533348302441616	533348283402187
533348293725551	533348319043504	533348299407721
533348309288092	533348335677415	533348315993374
533348326155605	533348352303351	533348335261196
533348342470913	533348368936529	533348350292527
533348358905524	533348385648850	533348365698452
533348376135423	533348402196417	533348383116420
533348392282151	533348418875332	533348399118496
533348409776902	533348435477464	533348415713181
533348426279262	533348452112555	533348434690517
533348442627285	533348468777757	533348449362351
533348459530768	533348485387864	533348467286871
533348476260830	533348502011155	533348484743780
533348492840948	533348518659755	533348499420009
533348508931199	533348535304246	533348517021084
533348525561692	533348551920823	533348533596238
533348542211595	533348568556403	533348551376634
533348558624070	533348585202114	533348565615851
533348575007493	533348601833950	533348583352220
533348591832241	533348618465175	533348599982102
533348608612758	533348635080206	533348616883551
533348625326951	533348651723802	533348632096564
533348641632127	533348668352952	533348647952602
533348658539842	533348684994228	533348664584072
533348675419196	533348701644049	533348681323818
533348691944668	533348718272833	533348699663987
533348708688930	533348734919643	533348717858364
533348726123623	533348751683193	533348734794684
533348742984707	533348768158698	533348750801479
533348758000901	533348784804287	533348766054409
533348774640143	533348801421841	533348782345018
533348791645595	533348818065273	533348798969163
533348808605109	533348834772142	533348815156948
533348824851935	533348851324225	533348833347866
533348841533413	533348868013475	533348851457607
533348858028408	533348884696865	533348865772793
533348874748094	533348901251064	533348879266201
533348891946784	533348917883673	533348897666225
533348908644375	533348934497484	533348914024542
533348925466966	533348951137091	533348931675828
533348941342047	533348967776740	533348946629360
533348957696662	533348984413377	533348964254401
533348975983649	533349001048265	533348981200609
533348991052130	533349017712165	533348998615078
533349007477627	533349034305670	533349014316494
533349024377936	533349050949429	533349031489061
533349040985683	533349067651414	533349047411587
533349057875006	533349084235683	533349066014858
533349074099005	533349100843919	533349083058397
533349090716885	533349117553717	533349098324062
533349107633063	533349134114956	533349113854499

533348708688930	533348734919643	533348717858364
533348726123623	533348751683193	533348734794684
533348742984707	533348768158698	533348750801479
533348758000901	533348784804287	533348766054409
533348774640143	533348801421841	533348782345018
533348791645595	533348818065273	533348798969163
533348808605109	533348834772142	533348815156948
533348824851935	533348851324225	533348833347866
533348841533413	533348868013475	533348851457607
533348858028408	533348884696865	533348865772793
533348874748094	533348901251064	533348879266201
533348891946784	533348917883673	533348897666225
533348908644375	533348934497484	533348914024542
533348925466966	533348951137091	533348931675828
533348941342047	533348967776740	533348946629360
533348957696662	533348984413377	533348964254401
533348975983649	533349001048265	533348981200609
533348991052130	533349017712165	533348998615078
533349007477627	533349034305670	533349014316494
533349024377936	533349050949429	533349031489061
533349040985683	533349067651414	533349047411587
533349057875006	533349084235683	533349066014858
533349074099005	533349100843919	533349083058397
533349090716885	533349117553717	533349098324062
533349107633063	533349134114956	533349113854499
533349124159064	533349150753343	533349130111009
533349140819098	533349167397386	533349148492723
533349157320644	533349184016974	533349164049241
533349173811001	533349200687100	533349180045946
533349190551398	533349217316453	533349197412808
533349207174364	533349233918097	533349213226162
533349224431891	533349250645392	533349231111416
533349240881720	533349267183722	533349246343268
533349257807624	533349283822842	533349263311042
533349274491421	533349300455003	533349280648118
533349290712856	533349317085456	533349297854377
533349307590094	533349333718756	533349313864712
533349324826016	533349350366624	533349330632656
533349340738206	533349367029710	533349346920173
533349357431159	533349383887946	533349363965745
533349375290168	533349400296108	533349385390509
533349389792365	533349416931118	533349400436123
533349407115892	533349433636563	533349414899583
533349424182786	533349450192511	533349431332974
533349440894782	533349466806647	533349450979784
533349456746670	533349483423794	533349464865160
533349473591071	533349500107022	533349477750617
533349490309333	533349516712694	533349496292813
533349506968553	533349533339159	533349511553595
533349524592088	533349549972541	533349530297370
533349540573249	533349566636685	533349547079393
533349557023607	533349583228929	533349563200202
533349575361131	533349599860033	533349579129605
533349590707160	533349616492316	533349595773403
533349607298428	533349633136766	533349611842170
533349624274258	533349649776292	533349629470506
533349640677253	533349666395921	533349645852831
533349657202847	533349683041022	533349662598477
533349673398729	533349699682014	533349679439745
533349693113817	533349716316616	533349697362393
533349706875658	533349732952684	533349714473355
533349722883633	533349749588996	533349729656257
533349739424364	533349766209398	533349747257494

533349307590094	533349333718756	533349313864712
533349324826016	533349350366624	533349330632656
533349340738206	533349367029710	533349346920173
533349357431159	533349383887946	533349363965745
533349375290168	533349400296108	533349385390509
533349389792365	533349416931118	533349400436123
533349407115892	533349433636563	533349414899583
533349424182786	533349450192511	533349431332974
533349440894782	533349466806647	533349450979784
533349456746670	533349483423794	533349464865160
533349473591071	533349500107022	533349477750617
533349490309333	533349516712694	533349496292813
533349506968553	533349533339159	533349511553595
533349524592088	533349549972541	533349530297370
533349540573249	533349566636685	533349547079393
533349557023607	533349583228929	533349563200202
533349575361131	533349599860033	533349579129605
533349590707160	533349616492316	533349595773403
533349607298428	533349633136766	533349611842170
533349624274258	533349649776292	533349629470506
533349640677253	533349666395921	533349645852831
533349657202847	533349683041022	533349662598477
533349673398729	533349699682014	533349679439745
533349693113817	533349716316616	533349697362393
533349706875658	533349732952684	533349714473355
533349722883633	533349749588996	533349729656257
533349739424364	533349766209398	533349747257494
533349755808804	533349782843553	533349762301887
533349772370449	533349799484951	533349779460212
533349788873583	533349816105353	533349796855353
533349805792853	533349832749722	533349813892503
533349822068570	533349849407559	533349830964525
533349839088996	533349866012010	533349847676805
533349855709195	533349882651781	533349863242479
533349872420824	533349899283780	533349879177497
533349889239143	533349915908454	533349896165900
533349906387336	533349932559130	533349912377896
533349922919562	533349949185269	533349929230557
533349939355028	533349965823819	533349946692064
533349955969082	533349982634772	533349963851284
533349973590298	533349999109626	533349980562670
533349989173591	533350015715746	533349996958503
533350006548021	533350032356127	533350012675300
533350022450609	533350049029955	533350029303026
533350039642097	533350065704271	533350048210985
533350055957648	533350082283047	533350063644009
533350073164802	533350098893236	533350081217658
533350090310106	533350115570360	533350096940640
533350105925463	533350132148160	533350112172126
533350122538785	533350148797370	533350129030077
533350139243374	533350165426805	533350145397793
533350156363492	533350182073941	533350162120938
533350173663622	533350198708218	533350179933112
533350188974820	533350215327888	533350197384325
533350206252367	533350231960619	533350212604174
533350222448859	533350248607998	533350229142056
533350238590217	533350265241950	533350246402554
533350255306973	533350281876024	533350262593025
533350271970018	533350298517707	533350280065152
533350288782111	533350315145840	533350296775113
533350305090583	533350331773078	533350313781257
533350321318082	533350348455370	533350330310717
533350338717374	533350365042650	533350349212938

533349889239143	533349915908454	533349896165900
533349906387336	533349932559130	533349912377896
533349922919562	533349949185269	533349929230557
533349939355028	533349965823819	533349946692064
533349955969082	533349982634772	533349963851284
533349973590298	533349999109626	533349980562670
533349989173591	533350015715746	533349996958503
533350006548021	533350032356127	533350012675300
533350022450609	533350049029955	533350029303026
533350039642097	533350065704271	533350048210985
533350055957648	533350082283047	533350063644009
533350073164802	533350098893236	533350081217658
533350090310106	533350115570360	533350096940640
533350105925463	533350132148160	533350112172126
533350122538785	533350148797370	533350129030077
533350139243374	533350165426805	533350145397793
533350156363492	533350182073941	533350162120938
533350173663622	533350198708218	533350179933112
533350188974820	533350215327888	533350197384325
533350206252367	533350231960619	533350212604174
533350222448859	533350248607998	533350229142056
533350238590217	533350265241950	533350246402554
533350255306973	533350281876024	533350262593025
533350271970018	533350298517707	533350280065152
533350288782111	533350315145840	533350296775113
533350305090583	533350331773078	533350313781257
533350321318082	533350348455370	533350330310717
533350338717374	533350365042650	533350349212938
533350354701749	533350381670051	533350363739143
533350371466763	533350398302212	533350376358894
533350388303799	533350414934170	533350393566983
533350404780362	533350431590665	533350411239061
533350421273078	533350448206184	533350428860725
533350438136075	533350464845629	533350445242683
533350454736823	533350481571500	533350461962531
533350471460334	533350498119677	533350478852872
533350487928474	533350514743619	533350495932095
533350504741910	533350531376106	533350513222419
533350521418790	533350548007209	533350529140062
533350538127204	533350564650032	533350545297737
533350555113777	533350581275886	533350561788785
533350571886807	533350597913581	533350578581835
533350588494555	533350614586636	533350595286750
533350605012662	533350631208300	533350612221036
533350621833829	533350647868131	533350629680997
533350638148526	533350664451220	533350647640510
533350654730110	533350681091438	533350662041023
533350672080248	533350697737271	533350678545906
533350696399299	533350714356208	533350696725797
533350704555142	533350730988288	533350713297167
533350725581225	533350747637702	533350728139900
533350737715136	533350764260058	533350744615038
533350753560554	533350780892870	533350761061612
533350770420336	533350797573656	533350777690518
533350787088223	533350814163663	533350794184822
533350804966438	533350830804369	533350811008145
533350821390876	533350847425870	533350827556607
533350837953132	533350864106900	533350844057340
533350854967821	533350880702807	533350860640632
533350871899055	533350897336108	533350877447029
533350887982795	533350913994473	533350893725390
533350904771247	533350930618456	533350910993782
533350921283414	533350947234911	533350928276456

533350255306973	533350281876024	533350262593025
533350271970018	533350298517707	533350280065152
533350288782111	533350315145840	533350296775113
533350305090583	533350331773078	533350313781257
533350321318082	533350348455370	533350330310717
533350338717374	533350365042650	533350349212938
533350354701749	533350381670051	533350363739143
533350371466763	533350398302212	533350376358894
533350388303799	533350414934170	533350393566983
533350404780362	533350431590665	533350411239061
533350421273078	533350448206184	533350428860725
533350438136075	533350464845629	533350445242683
533350454736823	533350481571500	533350461962531
533350471460334	533350498119677	533350478852872
533350487928474	533350514743619	533350495932095
533350504741910	533350531376106	533350513222419
533350521418790	533350548007209	533350529140062
533350538127204	533350564650032	533350545297737
533350555113777	533350581275886	533350561788785
533350571886807	533350597913581	533350578581835
533350588494555	533350614586636	533350595286750
533350605012662	533350631208300	533350612221036
533350621833829	533350647868131	533350629680997
533350638148526	533350664451220	533350647640510
533350654730110	533350681091438	533350662041023
533350672080248	533350697737271	533350678545906
533350696399299	533350714356208	533350696725797
533350704555142	533350730988288	533350713297167
533350725581225	533350747637702	533350728139900
533350737715136	533350764260058	533350744615038
533350753560554	533350780892870	533350761061612
533350770420336	533350797573656	533350777690518
533350787088223	533350814163663	533350794184822
533350804966438	533350830804369	533350811008145
533350821390876	533350847425870	533350827556607
533350837953132	533350864106900	533350844057340
533350854967821	533350880702807	533350860640632
533350871899055	533350897336108	533350877447029
533350887982795	533350913994473	533350893725390
533350904771247	533350930618456	533350910993782
533350921283414	533350947234911	533350928276456
533350937496508	533350963872037	533350946695442
533350954041674	533350980506762	533350961650317
533350970669522	533350997133349	533350977315356
533350987164762	533351013774014	533350993379687
533351003895108	533351030402432	533351011052620
533351020860277	533351047041755	533351027913704
533351037130012	533351063674487	533351044534594
533351053570076	533351080310066	533351061287076
533351069916104	533351096937955	533351078188077
533351086261563	533351113590665	533351095047208
533351102752286	533351130210904	533351112111335
533351119179573	533351146835212	533351128076830
533351135750780	533351163474128	533351144750007
533351152221606	533351180110033	533351161353726
533351168838386	533351196761523	533351178493171
533351185502978	533351213400154	533351194820076
533351202239998	533351230010872	533351213727465
533351219055468	533351246647184	533351228235644
533351235800422	533351263281217	533351244624723
533351252799487	533351279917691	533351261084765
533351269638598	533351296562467	533351278067716
533351286117317	533351313180631	533351295242927

533350725581225	533350747637702	533350728139900
533350737715136	533350764260058	533350744615038
533350753560554	533350780892870	533350761061612
533350770420336	533350797573656	533350777690518
533350787088223	533350814163663	533350794184822
533350804966438	533350830804369	533350811008145
533350821390876	533350847425870	533350827556607
533350837953132	533350864106900	533350844057340
533350854967821	533350880702807	533350860640632
533350871899055	533350897336108	533350877447029
533350887982795	533350913994473	533350893725390
533350904771247	533350930618456	533350910993782
533350921283414	533350947234911	533350928276456
533350937496508	533350963872037	533350946695442
533350954041674	533350980506762	533350961650317
533350970669522	533350997133349	533350977315356
533350987164762	533351013774014	533350993379687
533351003895108	533351030402432	533351011052620
533351020860277	533351047041755	533351027913704
533351037130012	533351063674487	533351044534594
533351053570076	533351080310066	533351061287076
533351069916104	533351096937955	533351078188077
533351086261563	533351113590665	533351095047208
533351102752286	533351130210904	533351112111335
533351119179573	533351146835212	533351128076830
533351135750780	533351163474128	533351144750007
533351152221606	533351180110033	533351161353726
533351168838386	533351196761523	533351178493171
533351185502978	533351213400154	533351194820076
533351202239998	533351230010872	533351213727465
533351219055468	533351246647184	533351228235644
533351235800422	533351263281217	533351244624723
533351252799487	533351279917691	533351261084765
533351269638598	533351296562467	533351278067716
533351286117317	533351313180631	533351295242927
533351303177538	533351329830696	533351312043383
533351588533333	533351612608976	533351588837369
533351619069384	533351645884244	533351628046557
533351635670499	533351662573982	533351642751717
533351652344693	533351679136564	533351657172493
533351669088753	533351695776985	533351673155322
533351686006315	533351712410815	533351690619840
533351702908536	533351729040738	533351707972135
533351719458219	533351745678190	533351724971321
533351736447192	533351762304370	533351741690641
533351753279589	533351778941210	533351758299853
533351769987882	533351795576261	533351774811490
533351786720752	533351812207120	533351792097542
533351803189013	533351828838875	533351809810107
533351820601082	533351845471565	533351825776416
533351836579801	533351862105354	533351842707649
533351853416715	533351878748421	533351859614347
533351869249275	533351895378507	533351875808235
533351885875008	533351912011320	533351892520882
533351902248095	533351928641650	533351909589648
533351918727262	533351945277799	533351925839811
533351935582202	533351961916390	533351942253914
533351952318408	533351978545743	533351958733488
533351972434131	533351995178475	533351975283821
533351984973112	533352011823331	533351991974454
533352001039314	533352028458016	533352008658211
533352017383512	533352045094246	533352025468229
533352033909839	533352061712776	533352041893359

533351286117317	533351313180631	533351295242927
533351303177538	533351329830696	533351312043383
533351588533333	533351612608976	533351588837369
533351619069384	533351645884244	533351628046557
533351635670499	533351662573982	533351642751717
533351652344693	533351679136564	533351657172493
533351669088753	533351695776985	533351673155322
533351686006315	533351712410815	533351690619840
533351702908536	533351729040738	533351707972135
533351719458219	533351745678190	533351724971321
533351736447192	533351762304370	533351741690641
533351753279589	533351778941210	533351758299853
533351769987882	533351795576261	533351774811490
533351786720752	533351812207120	533351792097542
533351803189013	533351828838875	533351809810107
533351820601082	533351845471565	533351825776416
533351836579801	533351862105354	533351842707649
533351853416715	533351878748421	533351859614347
533351869249275	533351895378507	533351875808235
533351885875008	533351912011320	533351892520882
533351902248095	533351928641650	533351909589648
533351918727262	533351945277799	533351925839811
533351935582202	533351961916390	533351942253914
533351952318408	533351978545743	533351958733488
533351972434131	533351995178475	533351975283821
533351984973112	533352011823331	533351991974454
533352001039314	533352028458016	533352008658211
533352017383512	533352045094246	533352025468229
533352033909839	533352061712776	533352041893359
533352050648038	533352078349495	533352058429817
533352067125537	533352094990202	533352074811369
533352083869800	533352111624397	533352091855883
533352100498014	533352128260262	533352108297330
533352117252815	533352144891487	533352125184090
533352133889371	533352161554858	533352142133227
533352150868620	533352178155566	533352160207039
533352167603320	533352194794686	533352175197396
533352184945524	533352211431486	533352192208138
533352201355558	533352228089241	533352208539477
533352218148323	533352244695280	533352225679004
533352234842944	533352261323006	533352242114632
533352251545866	533352277967049	533352258402759
533352268280688	533352294594206	533352275061369
533352284842659	533352311239551	533352291695198
533352301835742	533352327874560	533352308766691
533352318495003	533352344506071	533352325760506
533352335121305	533352361137337	533352341868335
533352351820239	533352377769661	533352358300871
533352368702116	533352394405892	533352375094409
533352385314827	533352411039315	533352391631274
533352401554695	533352427668058	533352408272469
533352418030444	533352444290373	533352425066862
533352434438200	533352460939217	533352441432340
533352451219531	533352477596606	533352460050220
533352467675138	533352494212492	533352475229053
533352484214160	533352510849699	533352491870939
533352500851774	533352527473397	533352508152759
533352517301318	533352544105151	533352525347624
533352533875781	533352560747526	533352541335091
533352550091642	533352577379850	533352557878141
533352566615242	533352594013843	533352574525561
533352583843310	533352610650195	533352591415739
533352599883553	533352627310758	533352607944263

533352167603320	533352194794686	533352175197396
533352184945524	533352211431486	533352192208138
533352201355558	533352228089241	533352208539477
533352218148323	533352244695280	533352225679004
533352234842944	533352261323006	533352242114632
533352251545866	533352277967049	533352258402759
533352268280688	533352294594206	533352275061369
533352284842659	533352311239551	533352291695198
533352301835742	533352327874560	533352308766691
533352318495003	533352344506071	533352325760506
533352335121305	533352361137337	533352341868335
533352351820239	533352377769661	533352358300871
533352368702116	533352394405892	533352375094409
533352385314827	533352411039315	533352391631274
533352401554695	533352427668058	533352408272469
533352418030444	533352444290373	533352425066862
533352434438200	533352460939217	533352441432340
533352451219531	533352477596606	533352460050220
533352467675138	533352494212492	533352475229053
533352484214160	533352510849699	533352491870939
533352500851774	533352527473397	533352508152759
533352517301318	533352544105151	533352525347624
533352533875781	533352560747526	533352541335091
533352550091642	533352577379850	533352557878141
533352566615242	533352594013843	533352574525561
533352583843310	533352610650195	533352591415739
533352599883553	533352627310758	533352607944263
533352616740894	533352643930306	533352625125415
533352633254362	533352660580493	533352641417204
533352650148771	533352677184782	533352657851815
533352666792611	533352693815885	533352674447965
533352683488574	533352710451872	533352691284920
533352700398039	533352727088021	533352707863045
533352716958870	533352743720955	533352725294971
533352733733407	533352760361336	533352741555469
533352750563485	533352776985116	533352759607023
533352767157235	533352793619718	533352774452848
533352784643604	533352810252612	533352791210661
533352800832121	533352826887866	533352807885425
533352817805998	533352843586353	533352825430672
533352834758309	533352860165169	533352841390755
533352851204761	533352876784798	533352857837980
533352868172819	533352893498299	533352874390999
533352884741341	533352910056283	533352891247526
533352901499642	533352926692269	533352907859220
533352917397510	533352943336475	533352924983285
533352934054940	533352959973600	533352941013070
533352950209644	533352976602344	533352957657723
533352966709562	533352993242847	533352974423470
533352983160816	533353009864022	533352991200733
533353000197681	533353026494800	533353007845223
533353016309619	533353043133797	533353025192839
533353032851937	533353059766610	533353041219409
533353049183399	533353076407072	533353059436247
533353065811817	533353093023364	533353074208382
533353082322070	533353109673918	533353091554533
533353098781665	533353126308317	533353108183114
533353115722298	533353142941211	533353125762175
533353132719938	533353159568734	533353141515145
533353149360685	533353176214730	533353157987028
533353165712655	533353192830900	533353174747160
533353182427539	533353209483651	533353191364795
533353199251555	533353226111784	533353208611011

533352750563485	533352776985116	533352759607023
533352767157235	533352793619718	533352774452848
533352784643604	533352810252612	533352791210661
533352800832121	533352826887866	533352807885425
533352817805998	533352843586353	533352825430672
533352834758309	533352860165169	533352841390755
533352851204761	533352876784798	533352857837980
533352868172819	533352893498299	533352874390999
533352884741341	533352910056283	533352891247526
533352901499642	533352926692269	533352907859220
533352917397510	533352943336475	533352924983285
533352934054940	533352959973600	533352941013070
533352950209644	533352976602344	533352957657723
533352966709562	533352993242847	533352974423470
533352983160816	533353009864022	533352991200733
533353000197681	533353026494800	533353007845223
533353016309619	533353043133797	533353025192839
533353032851937	533353059766610	533353041219409
533353049183399	533353076407072	533353059436247
533353065811817	533353093023364	533353074208382
533353082322070	533353109673918	533353091554533
533353098781665	533353126308317	533353108183114
533353115722298	533353142941211	533353125762175
533353132719938	533353159568734	533353141515145
533353149360685	533353176214730	533353157987028
533353165712655	533353192830900	533353174747160
533353182427539	533353209483651	533353191364795
533353199251555	533353226111784	533353208611011
533353215681771	533353242755542	533353225383228
533353232680876	533353259379851	533353242195484
533353249409107	533353276013314	533353258802499
533353266055917	533353292648853	533353275436654
533353282836027	533353309272917	533353292344572
533353299498259	533353325921151	533353308855274
533353316245736	533353342554289	533353324739551
533353332992359	533353359204883	533353340911996
533353349511687	533353375810962	533353359224984
533353365977832	533353392480396	533353374124846
533353382773690	533353409080616	533353390602222
533353399538664	533353425723031	533353407177906
533353416314340	533353442357675	533353424172575
533353433437427	533353458989144	533353440383920
533353449562956	533353475626148	533353456995980
533353465969898	533353492260262	533353473457854
533353482780811	533353508892668	533353490177092
533353499137216	533353525547941	533353506705778
533353515623869	533353542162606	533353523926400
533353532201140	533353558794483	533353539987354
533353548692717	533353575429696	533353556272307
533353565012378	533353592080656	533353572788786
533353581888640	533353608699309	533353589689747
533353598226205	533353625333545	533353605991179
533353615227385	533353641965544	533353623000090
533353631806690	533353658604013	533353639078418
533353648386280	533353675230030	533353657308195
533353664587167	533353691859343	533353672245818
533353681392749	533353708494393	533353690295459
533353698131031	533353725132658	533353706524789
533353714893726	533353741770394	533353723946827
533353731377084	533353758405608	533353739695240
533353748199349	533353775029143	533353756431853
533353764919605	533353791674000	533353772901335
533353781768848	533353808318246	533353789860075

533353365977832	533353392480396	533353374124846
533353382773690	533353409080616	533353390602222
533353399538664	533353425723031	533353407177906
533353416314340	533353442357675	533353424172575
533353433437427	533353458989144	533353440383920
533353449562956	533353475626148	533353456995980
533353465969898	533353492260262	533353473457854
533353482780811	533353508892668	533353490177092
533353499137216	533353525547941	533353506705778
533353515623869	533353542162606	533353523926400
533353532201140	533353558794483	533353539987354
533353548692717	533353575429696	533353556272307
533353565012378	533353592080656	533353572788786
533353581888640	533353608699309	533353589689747
533353598226205	533353625333545	533353605991179
533353615227385	533353641965544	533353623000090
533353631806690	533353658604013	533353639078418
533353648386280	533353675230030	533353657308195
533353664587167	533353691859343	533353672245818
533353681392749	533353708494393	533353690295459
533353698131031	533353725132658	533353706524789
533353714893726	533353741770394	533353723946827
533353731377084	533353758405608	533353739695240
533353748199349	533353775029143	533353756431853
533353764919605	533353791674000	533353772901335
533353781768848	533353808318246	533353789860075
533353798151010	533353824936898	533353806532276
533353815061776	533353841573943	533353823188322
533353831640145	533353858203988	533353839529794
533353848333057	533353874848275	533353856289966
533353865145313	533353891472828	533353872864836
533353881768889	533353908099699	533353889548267
533353898918303	533353924738046	533353906278736
533353915124561	533353941370655	533353923137297
533353931738371	533353958018930	533353939485564
533353948799936	533353974645923	533353957818205
533353964865528	533353991279387	533353972860971
533353981991789	533354007906991	533353989880095
533353998106535	533354024567310	533354006574919
533354014713673	533354041174325	533354023360564
533354031612395	533354057807585	533354039760222
533354048238087	533354074455046	533354056305307
533354064809783	533354091089486	533354072977792
533354081543344	533354107729827	533354089673064
533354097741830	533354124359791	533354106661020
533354114065439	533354140984425	533354123620411
533354130627979	533354157617847	533354139785613
533354147239104	533354174259856	533354156545907
533354163955453	533354190883920	533354173055307
533354180593800	533354207579273	533354189696664
533354197131641	533354224151864	533354206196746
533354213693612	533354240787810	533354223285491
533354230149016	533354257426441	533354239357024
533354246818938	533354274055836	533354257525400
533354263460662	533354290685190	533354272120736
533354280140553	533354307330087	533354285798389
533354296678109	533354323968433	533354303267262
533354313924773	533354340585336	533354320968108
533354330498585	533354357223235	533354337909473
533354347141366	533354373864958	533354354004566
533354363749439	533354390567921	533354370770598
533354380329762	533354407132537	533354388956796
533354397062387	533354423765756	533354405030120

533353931738371	533353958018930	533353939485564
533353948799936	533353974645923	533353957818205
533353964865528	533353991279387	533353972860971
533353981991789	533354007906991	533353989880095
533353998106535	533354024567310	533354006574919
533354014713673	533354041174325	533354023360564
533354031612395	533354057807585	533354039760222
533354048238087	533354074455046	533354056305307
533354064809783	533354091089486	533354072977792
533354081543344	533354107729827	533354089673064
533354097741830	533354124359791	533354106661020
533354114065439	533354140984425	533354123620411
533354130627979	533354157617847	533354139785613
533354147239104	533354174259856	533354156545907
533354163955453	533354190883920	533354173055307
533354180593800	533354207579273	533354189696664
533354197131641	533354224151864	533354206196746
533354213693612	533354240787810	533354223285491
533354230149016	533354257426441	533354239357024
533354246818938	533354274055836	533354257525400
533354263460662	533354290685190	533354272120736
533354280140553	533354307330087	533354285798389
533354296678109	533354323968433	533354303267262
533354313924773	533354340585336	533354320968108
533354330498585	533354357223235	533354337909473
533354347141366	533354373864958	533354354004566
533354363749439	533354390567921	533354370770598
533354380329762	533354407132537	533354388956796
533354397062387	533354423765756	533354405030120
533354413845671	533354440402800	533354421494719
533354430427987	533354457037444	533354438716521
533354447274789	533354473670175	533354454813445
533354463934579	533354490308399	533354471279631
533354481101694	533354506928313	533354487668018
533354497360116	533354523578663	533354504095794
533354514030079	533354540198943	533354521639820
533354530968108	533354556839812	533354537225676
533354547546762	533354573476287	533354553460133
533354564219451	533354590109059	533354570095143
533354580781463	533354606746184	533354588405079
533354599167042	533354623384124	533354611579924
533354614103443	533354640015919	533354625090911
533354630327686	533354656649993	533354635066090
533354646758432	533354673283619	533354647538380
533354663871713	533354689913339	533354665428639
533354679768157	533354706546559	533354682374480
533354696308196	533354723183969	533354699615081
533354712839446	533354739814991	533354716691578
533354729410979	533354756444020	533354734630787
533354745791147	533354773080982	533354750952483
533354762391000	533354789716928	533354767511036
533354779127939	533354806355519	533354785271290
533354795777597	533354822984221	533354802072722
533354812283294	533354839621062	533354818323943
533354828949676	533354856256967	533354835075896
533354845561533	533354872896453	533354853311288
533354862250050	533354889522145	533354869341643
533354879009897	533354906159799	533354886100595
533354895730763	533354922782765	533354902890878
533354912236012	533354939434580	533354917388152
533354929112110	533354956122405	533354933512298
533354946360971	533354972693613	533354950575734
533354962939747	533354989327483	533354967179371

533354530968108	533354556839812	533354537225676
533354547546762	533354573476287	533354553460133
533354564219451	533354590109059	533354570095143
533354580781463	533354606746184	533354588405079
533354599167042	533354623384124	533354611579924
533354614103443	533354640015919	533354625090911
533354630327686	533354656649993	533354635066090
533354646758432	533354673283619	533354647538380
533354663871713	533354689913339	533354665428639
533354679768157	533354706546559	533354682374480
533354696308196	533354723183969	533354699615081
533354712839446	533354739814991	533354716691578
533354729410979	533354756444020	533354734630787
533354745791147	533354773080982	533354750952483
533354762391000	533354789716928	533354767511036
533354779127939	533354806355519	533354785271290
533354795777597	533354822984221	533354802072722
533354812283294	533354839621062	533354818323943
533354828949676	533354856256967	533354835075896
533354845561533	533354872896453	533354853311288
533354862250050	533354889522145	533354869341643
533354879009897	533354906159799	533354886100595
533354895730763	533354922782765	533354902890878
533354912236012	533354939434580	533354917388152
533354929112110	533354956122405	533354933512298
533354946360971	533354972693613	533354950575734
533354962939747	533354989327483	533354967179371
533354979473439	533355005964324	533354985012176
533354996646290	533355022600961	533355001327198
533355012855559	533355039233693	533355018116871
533355029785654	533355055863942	533355036105681
533355046444264	533355072571542	533355052297861
533355063898365	533355089139169	533355068863657
533355080135874	533355105762623	533355085945810
533355096674692	533355122415740	533355102314218
533355112849090	533355139038258	533355118824757
533355129528411	533355155675831	533355136679005
533355146135548	533355172312347	533355154048471
533355162608733	533355188948129	533355169622731
533355178974293	533355205572031	533355186484303
533355195696054	533355222211150	533355203132903
533355212322397	533355238834726	533355219676238
533355229121551	533355255501556	533355236945200
533355245620249	533355272104176	533355253038421
533355261842986	533355288739715	533355269816578
533355278657317	533355305383310	533355286329070
533355295257334	533355322166147	533355302899871
533355312133880	533355338634327	533355319585866
533355328513844	533355355275319	533355336950856
533355344762135	533355371919606	533355352850311
533355361788421	533355388543955	533355369402475
533355378523243	533355405179982	533355386323984
533355394946787	533355421819793	533355402624969
533355411644215	533355438453786	533355419252451
533355428702483	533355455109791	533355437757049
533355444808318	533355471746917	533355455063120
533355461496836	533355488354909	533355469604990
533355478350514	533355504982106	533355483310719
533355494641408	533355521623992	533355500710581
533355511269012	533355538256723	533355517269419
533355528555918	533355554892954	533355534750905
533355544421559	533355571576670	533355551829559
533355561487558	533355588160206	533355568435597

533355146135548	533355172312347	533355154048471
533355162608733	533355188948129	533355169622731
533355178974293	533355205572031	533355186484303
533355195696054	533355222211150	533355203132903
533355212322397	533355238834726	533355219676238
533355229121551	533355255501556	533355236945200
533355245620249	533355272104176	533355253038421
533355261842986	533355288739715	533355269816578
533355278657317	533355305383310	533355286329070
533355295257334	533355322166147	533355302899871
533355312133880	533355338634327	533355319585866
533355328513844	533355355275319	533355336950856
533355344762135	533355371919606	533355352850311
533355361788421	533355388543955	533355369402475
533355378523243	533355405179982	533355386323984
533355394946787	533355421819793	533355402624969
533355411644215	533355438453786	533355419252451
533355428702483	533355455109791	533355437757049
533355444808318	533355471746917	533355455063120
533355461496836	533355488354909	533355469604990
533355478350514	533355504982106	533355483310719
533355494641408	533355521623992	533355500710581
533355511269012	533355538256723	533355517269419
533355528555918	533355554892954	533355534750905
533355544421559	533355571576670	533355551829559
533355561487558	533355588160206	533355568435597
533355577990285	533355604791676	533355585055755
533355594833750	533355621415862	533355601561207
533355611484629	533355638060068	533355618002288
533355627950042	533355654704111	533355635224578
533355644609100	533355671327972	533355651173146
533355661280731	533355687982920	533355667951751
533355678668955	533355704605356	533355684960866
533355695214487	533355721252125	533355701668263
533355711514333	533355737880259	533355718869232
533355729275563	533355754566741	533355736446706
533355744907521	533355771140879	533355751542531
533355761219085	533355787783416	533355767748179
533355777837168	533355804392628	533355781978566
533355794613291	533355821053517	533355798173105
533355811058156	533355837677174	533355814553721
533355827737721	533355854319997	533355832412974
533355844537811	533355870935923	533355849054656
533355861127451	533355887574879	533355865656016
533355878444020	533355904214040	533355882790008
533355894386688	533355920865366	533355899419565
533355911596852	533355937481984	533355916314788
533355928287200	533355954118743	533355934489796
533355944354176	533355970751841	533355951459360
533355961127533	533355987381032	533355968060557
533355977931732	533356004020070	533355984795054
533355994365773	533356020657725	533356001485809
533356011114349	533356037300710	533356018057749
533356028184255	533356053930918	533356035123016
533356044282440	533356070649058	533356051877614
533356060450938	533356087197804	533356072004445
533356077266042	533356103830698	533356086162974
533356093989349	533356120466685	533356100129730
533356110344818	533356137094574	533356116989430
533356126874277	533356153713145	533356133183481
533356143676320	533356170355234	533356149703420
533356160542043	533356187000905	533356166147837
533356177352223	533356203617482	533356183149220

533355777837168	533355804392628	533355781978566
533355794613291	533355821053517	533355798173105
533355811058156	533355837677174	533355814553721
533355827737721	533355854319997	533355832412974
533355844537811	533355870935923	533355849054656
533355861127451	533355887574879	533355865656016
533355878444020	533355904214040	533355882790008
533355894386688	533355920865366	533355899419565
533355911596852	533355937481984	533355916314788
533355928287200	533355954118743	533355934489796
533355944354176	533355970751841	533355951459360
533355961127533	533355987381032	533355968060557
533355977931732	533356004020070	533355984795054
533355994365773	533356020657725	533356001485809
533356011114349	533356037300710	533356018057749
533356028184255	533356053930918	533356035123016
533356044282440	533356070649058	533356051877614
533356060450938	533356087197804	533356072004445
533356077266042	533356103830698	533356086162974
533356093989349	533356120466685	533356100129730
533356110344818	533356137094574	533356116989430
533356126874277	533356153713145	533356133183481
533356143676320	533356170355234	533356149703420
533356160542043	533356187000905	533356166147837
533356177352223	533356203617482	533356183149220
533356193872813	533356220256398	533356200236826
533356210072072	533356236892059	533356217356496
533356226696421	533356253538584	533356234527638
533356243468475	533356270184784	533356251953257
533356260316457	533356286791188	533356269028737
533356276970632	533356303438324	533356286700938
533356293049896	533356320108490	533356301035980
533356309876312	533356336698211	533356317157114
533356327425832	533356353348277	533356334192962
533356343233530	533356369979421	533356352305755
533356360247609	533356386601084	533356368002370
533356376687795	533356403236379	533356385373423
533356393605153	533356419887705	533356400332407
533356411130625	533356436502533	533356416917043
533356427623016	533356453139496	533356433956390
533356443712941	533356469845917	533356450599782
533356461816742	533356486425628	533356468889129
533356477330129	533356503040700	533356486306732
533356493172739	533356519676849	533356500373057
533356509779388	533356536330373	533356515045298
533356526439016	533356552934743	533356530133148
533356543191742	533356569690643	533356547870778
533356559716563	533356586202036	533356565416310
533356577321014	533356602848643	533356584243540
533356592804169	533356619501882	533356598206960
533356610085948	533356636140594	533356615226125
533356626679860	533356652992198	533356632495697
533356642648203	533356669949798	533356654315236
533356659207123	533356686008962	533356670343638
533356675934173	533356702669891	533356684296275
533356692516612	533356719306000	533356696990122
533356709845632	533356735923187	533356712230845
533356726668752	533356752604217	533356729344086
533356742693858	533356769194916	533356747380544
533356760294118	533356785824310	533356764698944
533356776748505	533356802442474	533356782444631
533356792829071	533356819096242	533356798189138
533356809520762	533356835728729	533356816439585

533356376687795	533356403236379	533356385373423
533356393605153	533356419887705	533356400332407
533356411130625	533356436502533	533356416917043
533356427623016	533356453139496	533356433956390
533356443712941	533356469845917	533356450599782
533356461816742	533356486425628	533356468889129
533356477330129	533356503040700	533356486306732
533356493172739	533356519676849	533356500373057
533356509779388	533356536330373	533356515045298
533356526439016	533356552934743	533356530133148
533356543191742	533356569690643	533356547870778
533356559716563	533356586202036	533356565416310
533356577321014	533356602848643	533356584243540
533356592804169	533356619501882	533356598206960
533356610085948	533356636140594	533356615226125
533356626679860	533356652992198	533356632495697
533356642648203	533356669949798	533356654315236
533356659207123	533356686008962	533356670343638
533356675934173	533356702669891	533356684296275
533356692516612	533356719306000	533356696990122
533356709845632	533356735923187	533356712230845
533356726668752	533356752604217	533356729344086
533356742693858	533356769194916	533356747380544
533356760294118	533356785824310	533356764698944
533356776748505	533356802442474	533356782444631
533356792829071	533356819096242	533356798189138
533356809520762	533356835728729	533356816439585
533356826324514	533356852345754	533356832553396
533356842653371	533356868989065	533356849564545
533356859207001	533356885660248	533356865768687
533356876245778	533356902257416	533356885232595
533356892454397	533356918924896	533356900560354
533356908845957	533356935564097	533356916393768
533356926182587	533356952169078	533356932932098
533356941927053	533356968792043	533356951963186
533356958591441	533356985473318	533356965891001
533356975417206	533357002072846	533356983414073
533356991805552	533357018684743	533357000451955
533357008949107	533357035338430	533357016517792
533357025403860	533357051974579	533357031272308
533357041911387	533357068593353	533357048226573
533357058573334	533357085233124	533357064928965
533357075462087	533357101886932	533357081998871
533357091891937	533357118519989	533357100165660
533357108878469	533357135148692	533357117640391
533357125482880	533357151796438	533357132996552
533357141773895	533357168402720	533357149597016
533357158546723	533357185042776	533357165793752
533357175625783	533357201715953	533357188666555
533357191341400	533357218324799	533357202008026
533357208892426	533357234934337	533357215220632
533357225519908	533357251579275	533357229560435
533357241873668	533357268226085	533357246623912
533357257944672	533357284851858	533357262481659
533357274762787	533357301473277	533357279112112
533357291549245	533357318111908	533357295827606
533357308335785	533357334766775	533357313470591
533357326678721	533357351382213	533357330853323
533357342165131	533357368020681	533357349339325
533357355422740	533357384664154	533357366312999
533357375446828	533357401282156	533357381631033
533357391694631	533357417923635	533357396997610
533357408754975	533357434570486	533357415971934

533356991805552	533357018684743	533357000451955
533357008949107	533357035338430	533357016517792
533357025403860	533357051974579	533357031272308
533357041911387	533357068593353	533357048226573
533357058573334	533357085233124	533357064928965
533357075462087	533357101886932	533357081998871
533357091891937	533357118519989	533357100165660
533357108878469	533357135148692	533357117640391
533357125482880	533357151796438	533357132996552
533357141773895	533357168402720	533357149597016
533357158546723	533357185042776	533357165793752
533357175625783	533357201715953	533357188666555
533357191341400	533357218324799	533357202008026
533357208892426	533357234934337	533357215220632
533357225519908	533357251579275	533357229560435
533357241873668	533357268226085	533357246623912
533357257944672	533357284851858	533357262481659
533357274762787	533357301473277	533357279112112
533357291549245	533357318111908	533357295827606
533357308335785	533357334766775	533357313470591
533357326678721	533357351382213	533357330853323
533357342165131	533357368020681	533357349339325
533357355422740	533357384664154	533357366312999
533357375446828	533357401282156	533357381631033
533357391694631	533357417923635	533357396997610
533357408754975	533357434570486	533357415971934
533357425264374	533357451181529	533357430753835
533357441705129	533357467829560	533357447732107
533357458415823	533357484450287	533357464806651
533357475071137	533357501087169	533357481867442
533357492230479	533357517772756	533357497892589
533357509708547	533357534366384	533357516657196
533357524910085	533357551031586	533357534201874
533357541449433	533357567623505	533357551461884
533357557789073	533357584259044	533357564122122
533357574480317	533357600901663	533357580518321
533357590925059	533357617648245	533357595593028
533357608245453	533357634165090	533357612998464
533357624487071	533357650800751	533357631295787
533357641187877	533357667424530	533357645858816
533357657569550	533357684087901	533357661538015
533357674072398	533357700709239	533357678718720
533357690441051	533357717340912	533357695859223
533357707442027	533357733970754	533357713071259
533357724853445	533357750606415	533357730179698
533357740752493	533357767243297	533357747944957
533357757369721	533357783877045	533357764859711
533357773924205	533357800648774	533357781507945
533357790187877	533357817155488	533357798224823
533357807140269	533357833763113	533357815198782
533357823710826	533357850410248	533357831159028
533357844678274	533357867049653	533357847557628
533357857042084	533357883692475	533357865329885
533357873355886	533357900311493	533357880763438
533357890006725	533357916963593	533357898310313
533357906630626	533357933567271	533357916433401
533357923351939	533357950209565	533357931407156
533357940291433	533357966864106	533357946976858
533357956731497	533357983472911	533357963938284
533357973814301	533358000100393	533357980482799
533357990931651	533358016764008	533357996881440
533358007968557	533358033385712	533358014296886
533358025207123	533358050019420	533358031118256

533357590925059	533357617648245	533357595593028
533357608245453	533357634165090	533357612998464
533357624487071	533357650800751	533357631295787
533357641187877	533357667424530	533357645858816
533357657569550	533357684087901	533357661538015
533357674072398	533357700709239	533357678718720
533357690441051	533357717340912	533357695859223
533357707442027	533357733970754	533357713071259
533357724853445	533357750606415	533357730179698
533357740752493	533357767243297	533357747944957
533357757369721	533357783877045	533357764859711
533357773924205	533357800648774	533357781507945
533357790187877	533357817155488	533357798224823
533357807140269	533357833763113	533357815198782
533357823710826	533357850410248	533357831159028
533357844678274	533357867049653	533357847557628
533357857042084	533357883692475	533357865329885
533357873355886	533357900311493	533357880763438
533357890006725	533357916963593	533357898310313
533357906630626	533357933567271	533357916433401
533357923351939	533357950209565	533357931407156
533357940291433	533357966864106	533357946976858
533357956731497	533357983472911	533357963938284
533357973814301	533358000100393	533357980482799
533357990931651	533358016764008	533357996881440
533358007968557	533358033385712	533358014296886
533358025207123	533358050019420	533358031118256
533358041104340	533358066642141	533358047775930
533358057804983	533358083296357	533358064555309
533358074213268	533358099921235	533358080816539
533358091203380	533358116578421	533358097117483
533358110172293	533358133188854	533358114899506
533358124520478	533358149825491	533358132895478
533358142120209	533358166454763	533358149293468
533358157334850	533358183078421	533358163146373
533358173814749	533358199712006	533358179619518
533358189991344	533358216379283	533358196130992
533358206286673	533358233010590	533358214287405
533358222768525	533358249614472	533358233926606
533358239078095	533358266270926	533358248243541
533358255867890	533358282903982	533358264241222
533358272201630	533358299662731	533358281056611
533358289758556	533358316168305	533358299908946
533358306728689	533358332833466	533358316404633
533358322671438	533358349423391	533358333165294
533358338324677	533358366069103	533358346538504
533358355052216	533358382694672	533358362943655
533358371940725	533358399340058	533358379226573
533358389458710	533358415986502	533358395459890
533358405828095	533358432656302	533358413271292
533358423133881	533358449228242	533358431353974
533358439913870	533358465872610	533358445553193
533358456738129	533358482513398	533358463803356
533358472939586	533358499142874	533358478530081
533358489893850	533358515771699	533358494823294
533358506343598	533358532406180	533358511853038
533358523566946	533358549039887	533358529455496
533358540252290	533358565708182	533358544107311
533358556530284	533358582315685	533358563000092
533358573786795	533358598948335	533358579210013
533358591284231	533358615578991	533358594462617
533358606522553	533358632219290	533358611011201
533358623153820	533358648847627	533358627986583

533358189991344	533358216379283	533358196130992
533358206286673	533358233010590	533358214287405
533358222768525	533358249614472	533358233926606
533358239078095	533358266270926	533358248243541
533358255867890	533358282903982	533358264241222
533358272201630	533358299662731	533358281056611
533358289758556	533358316168305	533358299908946
533358306728689	533358332833466	533358316404633
533358322671438	533358349423391	533358333165294
533358338324677	533358366069103	533358346538504
533358355052216	533358382694672	533358362943655
533358371940725	533358399340058	533358379226573
533358389458710	533358415986502	533358395459890
533358405828095	533358432656302	533358413271292
533358423133881	533358449228242	533358431353974
533358439913870	533358465872610	533358445553193
533358456738129	533358482513398	533358463803356
533358472939586	533358499142874	533358478530081
533358489893850	533358515771699	533358494823294
533358506343598	533358532406180	533358511853038
533358523566946	533358549039887	533358529455496
533358540252290	533358565708182	533358544107311
533358556530284	533358582315685	533358563000092
533358573786795	533358598948335	533358579210013
533358591284231	533358615578991	533358594462617
533358606522553	533358632219290	533358611011201
533358623153820	533358648847627	533358627986583
533358639654104	533358665611014	533358644265392
533358655982392	533358682121227	533358662456025
533358672852713	533358698748058	533358680622651
533358689715180	533358715387381	533358696770153
533358706204153	533358732016246	533358711736421
533358722488170	533358748660208	533358728790498
533358739007986	533358765290294	533358746708222
533358755411876	533358781914074	533358762312267
533358772532238	533358798679292	533358779884166
533358788367646	533358815196626	533358796568208
533358805483410	533358831821015	533358812435477
533358821480643	533358848467052	533358828993419
533358837915701	533358865119274	533358845630830
533358854577322	533358881751517	533358863074108
533358871300996	533358898392304	533358881223522
533358888411714	533358915013073	533358897754243
533358904726574	533358931692760	533358913996308
533358921236502	533358948281546	533358931216483
533358938540376	533358964905936	533358946186372
533358954736665	533358981597912	533358961531546
533358971140880	533358998170462	533358977204723
533358988490937	533359014824108	533358993867402
533359005632458	533359031438447	533359011757213
533359023904308	533359048083426	533359029230236
533359038852876	533359064711966	533359044818371
533359055742077	533359081333060	533359064122814
533359071970470	533359097968883	533359078725638
533359088361461	533359114607718	533359095585542
533359105075858	533359131243094	533359111940848
533359122059337	533359147878226	533359130209443
533359138698823	533359164663586	533359146966361
533359155699881	533359181122977	533359164563000
533359172210705	533359197766776	533359180052949
533359188406750	533359214397432	533359194251354
533359204757498	533359231027030	533359210371715
533359222108369	533359247682466	533359227188569

533358805483410	533358831821015	533358812435477
533358821480643	533358848467052	533358828993419
533358837915701	533358865119274	533358845630830
533358854577322	533358881751517	533358863074108
533358871300996	533358898392304	533358881223522
533358888411714	533358915013073	533358897754243
533358904726574	533358931692760	533358913996308
533358921236502	533358948281546	533358931216483
533358938540376	533358964905936	533358946186372
533358954736665	533358981597912	533358961531546
533358971140880	533358998170462	533358977204723
533358988490937	533359014824108	533358993867402
533359005632458	533359031438447	533359011757213
533359023904308	533359048083426	533359029230236
533359038852876	533359064711966	533359044818371
533359055742077	533359081333060	533359064122814
533359071970470	533359097968883	533359078725638
533359088361461	533359114607718	533359095585542
533359105075858	533359131243094	533359111940848
533359122059337	533359147878226	533359130209443
533359138698823	533359164663586	533359146966361
533359155699881	533359181122977	533359164563000
533359172210705	533359197766776	533359180052949
533359188406750	533359214397432	533359194251354
533359204757498	533359231027030	533359210371715
533359222108369	533359247682466	533359227188569
533359238059907	533359264327607	533359243647920
533359254983206	533359280952689	533359262088227
533359271211803	533359297599946	533359281192679
533359287574434	533359314227550	533359295445039
533359307585542	533359330842378	533359311702038
533359320851533	533359347485200	533359328048270
533359337434419	533359364134329	533359346273530
533359354018159	533359380761242	533359361186372
533359370710827	533359397403494	533359379978690
533359387337902	533359414019705	533359397074922
533359403951834	533359430650402	533359413430350
533359420467134	533359447282279	533359429224255
533359437287202	533359463956758	533359443275646
533359454107840	533359480574352	533359460288342
533359470511283	533359497187796	533359477204764
533359487058687	533359513864473	533359493051240
533359504133027	533359530463268	533359510983532
533359520606294	533359547091279	533359528322806
533359537340303	533359563737031	533359544781668
533359553908947	533359580354260	533359561092093
533359571049084	533359596999442	533359578052136
533359587455212	533359613629203	533359594637870
533359604144665	533359630264253	533359610845308
533359620628755	533359646910941	533359627273246
533359637917451	533359663596976	533359643729097
533359653884859	533359680174979	533359663307181
533359670449393	533359696823823	533359678046561
533359687316947	533359713441703	533359696124767
533359703885917	533359730060477	533359712174613
533359720555025	533359746697603	533359728562959
533359737443452	533359763337333	533359743678600
533359753983776	533359779962251	533359760002738
533359770372489	533359796590710	533359776744966
533359786906221	533359813236380	533359793388032
533359803488944	533359829872652	533359810066377
533359820294282	533359846496716	533359827026501
533359836975150	533359863161144	533359843609305

533359437287202	533359463956758	533359443275646
533359454107840	533359480574352	533359460288342
533359470511283	533359497187796	533359477204764
533359487058687	533359513864473	533359493051240
533359504133027	533359530463268	533359510983532
533359520606294	533359547091279	533359528322806
533359537340303	533359563737031	533359544781668
533359553908947	533359580354260	533359561092093
533359571049084	533359596999442	533359578052136
533359587455212	533359613629203	533359594637870
533359604144665	533359630264253	533359610845308
533359620628755	533359646910941	533359627273246
533359637917451	533359663596976	533359643729097
533359653884859	533359680174979	533359663307181
533359670449393	533359696823823	533359678046561
533359687316947	533359713441703	533359696124767
533359703885917	533359730060477	533359712174613
533359720555025	533359746697603	533359728562959
533359737443452	533359763337333	533359743678600
533359753983776	533359779962251	533359760002738
533359770372489	533359796590710	533359776744966
533359786906221	533359813236380	533359793388032
533359803488944	533359829872652	533359810066377
533359820294282	533359846496716	533359827026501
533359836975150	533359863161144	533359843609305
533359854457857	533359879785005	533359859989473
533359870022391	533359896436576	533359877409313
533359886485811	533359913058768	533359893999035
533359903226330	533359929691703	533359911681978
533359919955090	533359946312878	533359926976127
533359936599336	533359962949027	533359943214123
533359953116304	533359979672741	533359961217053
533359969631766	533359996209891	533359979937227
533359986049776	533360012837780	533359993240368
533360002877534	533360029545951	533360009688285
533360019254650	533360046122204	533360026433199
533360035877616	533360062738985	533360043399873
533360052519014	533360079391654	533360060385225
533360069263521	533360096013724	533360077391369
533360086352144	533360112654187	533360094690889
533360102822928	533360129293428	533360110951713
533360119296154	533360145923026	533360126130220
533360135978812	533360162581148	533360143365694
533360152773287	533360179199637	533360159661389
533360169447684	533360195830415	533360176982759
533360186161429	533360212453829	533360195715385
533360215748995	533360245734794	533360216623750
533360235760103	533360262351371	533360247618786
533360252778251	533360279000581	533360262313285
533360268859061	533360295617484	533360273555513
533360285446342	533360312261039	533360287640108
533360302026216	533360328902030	533360305423352
533360318741792	533360345568127	533360323251843
533360335325858	533360362184175	533360340100191
533360351948051	533360378799898	533360357260184
533360368623099	533360395431571	533360375615043
533360385245658	533360412113578	533360392079358
533360401815116	533360428719413	533360408806978
533360418713187	533360445337740	533360426187268
533360435146334	533360461984428	533360442844210
533360451732108	533360478621675	533360459259940
533360468564221	533360495224296	533360475878023
533360485147269	533360511866467	533360491990287

533360035877616	533360062738985	533360043399873
533360052519014	533360079391654	533360060385225
533360069263521	533360096013724	533360077391369
533360086352144	533360112654187	533360094690889
533360102822928	533360129293428	533360110951713
533360119296154	533360145923026	533360126130220
533360135978812	533360162581148	533360143365694
533360152773287	533360179199637	533360159661389
533360169447684	533360195830415	533360176982759
533360186161429	533360212453829	533360195715385
533360215748995	533360245734794	533360216623750
533360235760103	533360262351371	533360247618786
533360252778251	533360279000581	533360262313285
533360268859061	533360295617484	533360273555513
533360285446342	533360312261039	533360287640108
533360302026216	533360328902030	533360305423352
533360318741792	533360345568127	533360323251843
533360335325858	533360362184175	533360340100191
533360351948051	533360378799898	533360357260184
533360368623099	533360395431571	533360375615043
533360385245658	533360412113578	533360392079358
533360401815116	533360428719413	533360408806978
533360418713187	533360445337740	533360426187268
533360435146334	533360461984428	533360442844210
533360451732108	533360478621675	533360459259940
533360468564221	533360495224296	533360475878023
533360485147269	533360511866467	533360491990287
533360501784232	533360528532767	533360508747815
533360518546114	533360545134371	533360525635347
533360535121187	533360561766858	533360543755017
533360551919364	533360578420056	533360560972872
533360568511771	533360595050508	533360575437471
533360585739148	533360611684135	533360593213961
533360601931449	533360628311617	533360610326387
533360618535657	533360644958183	533360625043428
533360635504040	533360661642020	533360642104870
533360651866996	533360678235730	533360657768038
533360669175631	533360694851290	533360674997123
533360685992037	533360711477714	533360692306002
533360702326387	533360728117688	533360710100150
533360720158907	533360744763236	533360722880180
533360735960502	533360761372815	533360738690686
533360752442191	533360778039888	533360755193371
533360768418713	533360794645479	533360772282117
533360784987683	533360811282768	533360790124687
533360802093030	533360827942761	533360805788586
533360818572522	533360844686129	533360824495984
533360835429008	533360861185478	533360843253064
533360851741630	533360877821016	533360861408581
533360868232271	533360894467297	533360874392916
533360884795951	533360911078747	533360888373140
533360901433158	533360927785697	533360906124483
533360917879854	533360944350313	533360923654594
533360934992525	533360960989514	533360942152559
533360950991711	533360977674735	533360956445854
533360968192924	533360994268485	533360973559542
533360984831962	533361010898938	533360991128796
533361000716972	533361027661104	533361007392631
533361018036796	533361044169202	533361025242240
533361033971936	533361060805676	533361042682100
533361050557874	533361077423759	533361058936332
533361067151908	533361094084566	533361074453992
533361083686943	533361110703666	533361090632865

533360669175631	533360694851290	533360674997123
533360685992037	533360711477714	533360692306002
533360702326387	533360728117688	533360710100150
533360720158907	533360744763236	533360722880180
533360735960502	533360761372815	533360738690686
533360752442191	533360778039888	533360755193371
533360768418713	533360794645479	533360772282117
533360784987683	533360811282768	533360790124687
533360802093030	533360827942761	533360805788586
533360818572522	533360844686129	533360824495984
533360835429008	533360861185478	533360843253064
533360851741630	533360877821016	533360861408581
533360868232271	533360894467297	533360874392916
533360884795951	533360911078747	533360888373140
533360901433158	533360927785697	533360906124483
533360917879854	533360944350313	533360923654594
533360934992525	533360960989514	533360942152559
533360950991711	533360977674735	533360956445854
533360968192924	533360994268485	533360973559542
533360984831962	533361010898938	533360991128796
533361000716972	533361027661104	533361007392631
533361018036796	533361044169202	533361025242240
533361033971936	533361060805676	533361042682100
533361050557874	533361077423759	533361058936332
533361067151908	533361094084566	533361074453992
533361083686943	533361110703666	533361090632865
533361100413220	533361127328544	533361107100476
533361117201876	533361143968681	533361123603040
533361133893974	533361160609102	533361140618217
533361150482312	533361177226982	533361158882947
533361167185234	533361193888888	533361173625012
533361184151908	533361210497123	533361190844698
533361200696464	533361227156710	533361208187756
533361221097099	533361243775199	533361224047538
533361233906425	533361260400403	533361240322970
533361250597872	533361277043551	533361256946912
533361267134574	533361293682019	533361273583630
533361284406140	533361310338228	533361291046765
533361300587984	533361326965100	533361307237236
533361317209444	533361343660738	533361323778943
533361333868298	533361360234632	533361343577405
533361350693209	533361376875216	533361360212496
533361367167005	533361393476982	533361374878105
533361383948661	533361410122652	533361390644137
533361400403089	533361426762870	533361406544324
533361417682263	533361443385551	533361423263725
533361434509941	533361460008801	533361440890556
533361450917737	533361476680107	533361457281751
533361467463188	533361493399386	533361477504448
533361484106417	533361509905571	533361493344576
533361500655123	533361526578829	533361505203422
533361517345471	533361543192070	533361519883761
533361534809094	533361559837089	533361536959566
533361550847750	533361576473849	533361553421521
533361567353894	533361593113416	533361571160331
533361585098889	533361609728162	533361590455009
533361600691093	533361626359876	533361606001477
533361617044365	533361643006360	533361622454724
533361633361463	533361659630628	533361640670626
533361649899345	533361676251355	533361657747246
533361666446302	533361692891655	533361673548841
533361683127169	533361709581027	533361691695366
533361699636040	533361726161308	533361707086723

533361233906425	533361260400403	533361240322970
533361250597872	533361277043551	533361256946912
533361267134574	533361293682019	533361273583630
533361284406140	533361310338228	533361291046765
533361300587984	533361326965100	533361307237236
533361317209444	533361343660738	533361323778943
533361333868298	533361360234632	533361343577405
533361350693209	533361376875216	533361360212496
533361367167005	533361393476982	533361374878105
533361383948661	533361410122652	533361390644137
533361400403089	533361426762870	533361406544324
533361417682263	533361443385551	533361423263725
533361434509941	533361460008801	533361440890556
533361450917737	533361476680107	533361457281751
533361467463188	533361493399386	533361477504448
533361484106417	533361509905571	533361493344576
533361500655123	533361526578829	533361505203422
533361517345471	533361543192070	533361519883761
533361534809094	533361559837089	533361536959566
533361550847750	533361576473849	533361553421521
533361567353894	533361593113416	533361571160331
533361585098889	533361609728162	533361590455009
533361600691093	533361626359876	533361606001477
533361617044365	533361643006360	533361622454724
533361633361463	533361659630628	533361640670626
533361649899345	533361676251355	533361657747246
533361666446302	533361692891655	533361673548841
533361683127169	533361709581027	533361691695366
533361699636040	533361726161308	533361707086723
533361716173922	533361742806328	533361723837293
533361732357516	533361759441337	533361740475802
533361748963107	533361776097506	533361758481214
533361765607638	533361792710421	533361773323173
533361782112032	533361809332085	533361791143323
533361798727430	533361825955335	533361806807019
533361815463676	533361842598971	533361823401624
533361831992322	533361859226250	533361840218193
533361848622612	533361875855766	533361856712130
533361865477267	533361892605115	533361873373426
533361882126233	533361909129895	533361892046196
533361898751193	533361925762667	533361907579643
533361915459567	533361942393934	533361924481092
533361932226697	533361959031100	533361941566378
533361948768974	533361975665052	533361957993177
533361965601372	533361992303927	533361974716199
533361982358777	533362008940809	533361991677503
533361999049817	533362025568738	533362007585828
533362015847343	533362042218274	533362024510145
533362033040743	533362058858330	533362041134860
533362049197075	533362075474663	533362059334282
533362066222181	533362092113945	533362074536837
533362082841321	533362108736056	533362092207939
533362099426323	533362125378268	533362107764295
533362116345634	533362142003716	533362121236870
533362133542615	533362158641492	533362138331515
533362149767957	533362175279554	533362155493380
533362166180148	533362191921847	533362172272352
533362183227755	533362208636406	533362190205579
533362199351616	533362225174940	533362205757134
533362215932060	533362241831596	533362223881035
533362232582410	533362258451225	533362238952568
533362248492567	533362275085299	533362255334933
533362265237846	533362291722466	533362271906588

533361848622612	533361875855766	533361856712130
533361865477267	533361892605115	533361873373426
533361882126233	533361909129895	533361892046196
533361898751193	533361925762667	533361907579643
533361915459567	533361942393934	533361924481092
533361932226697	533361959031100	533361941566378
533361948768974	533361975665052	533361957993177
533361965601372	533361992303927	533361974716199
533361982358777	533362008940809	533361991677503
533361999049817	533362025568738	533362007585828
533362015847343	533362042218274	533362024510145
533362033040743	533362058858330	533362041134860
533362049197075	533362075474663	533362059334282
533362066222181	533362092113945	533362074536837
533362082841321	533362108736056	533362092207939
533362099426323	533362125378268	533362107764295
533362116345634	533362142003716	533362121236870
533362133542615	533362158641492	533362138331515
533362149767957	533362175279554	533362155493380
533362166180148	533362191921847	533362172272352
533362183227755	533362208636406	533362190205579
533362199351616	533362225174940	533362205757134
533362215932060	533362241831596	533362223881035
533362232582410	533362258451225	533362238952568
533362248492567	533362275085299	533362255334933
533362265237846	533362291722466	533362271906588
533362281603162	533362308355807	533362288731784
533362298141818	533362324987684	533362304837497
533362314923597	533362341613823	533362323052951
533362331219617	533362358256930	533362339274223
533362347873426	533362374885307	533362356981824
533362364347018	533362391513481	533362372108249
533362380862765	533362408150119	533362389619479
533362397557589	533362424798190	533362405338717
533362414297539	533362441522515	533362423061740
533362430876559	533362458060763	533362441030653
533362447673312	533362474698052	533362455140150
533362464602186	533362491343682	533362472089206
533362480879530	533362507967664	533362490688978
533362497758639	533362524608249	533362505732231
533362514299736	533362541219088	533362521612847
533362531039482	533362557924167	533362539267306
533362547973605	533362574500338	533362554998141
533362564438164	533362591143486	533362572479383
533362581169691	533362607794772	533362590067518
533362598175347	533362624390760	533362607447645
533362614781060	533362641029880	533362622405856
533362631283420	533362657662936	533362637437472
533362648163587	533362674305636	533362655152723
533362664860487	533362690937147	533362670314222
533362681425876	533362707634779	533362688834282
533362698178276	533362724210544	533362704660658
533362715003634	533362740840955	533362723002251
533362731354953	533362757492282	533362739360202
533362748172743	533362774113905	533362755488050
533362765727878	533362790745049	533362772910047
533362781136121	533362807387220	533362789197889
533362797929294	533362824014621	533362805976576
533362814335869	533362840672295	533362822569878
533362830730156	533362857276014	533362840378472
533362847809014	533362873912489	533362855385552
533362863697319	533362890556328	533362870729912
533362880255954	533362907186659	533362887927544

533362464602186	533362491343682	533362472089206
533362480879530	533362507967664	533362490688978
533362497758639	533362524608249	533362505732231
533362514299736	533362541219088	533362521612847
533362531039482	533362557924167	533362539267306
533362547973605	533362574500338	533362554998141
533362564438164	533362591143486	533362572479383
533362581169691	533362607794772	533362590067518
533362598175347	533362624390760	533362607447645
533362614781060	533362641029880	533362622405856
533362631283420	533362657662936	533362637437472
533362648163587	533362674305636	533362655152723
533362664860487	533362690937147	533362670314222
533362681425876	533362707634779	533362688834282
533362698178276	533362724210544	533362704660658
533362715003634	533362740840955	533362723002251
533362731354953	533362757492282	533362739360202
533362748172743	533362774113905	533362755488050
533362765727878	533362790745049	533362772910047
533362781136121	533362807387220	533362789197889
533362797929294	533362824014621	533362805976576
533362814335869	533362840672295	533362822569878
533362830730156	533362857276014	533362840378472
533362847809014	533362873912489	533362855385552
533362863697319	533362890556328	533362870729912
533362880255954	533362907186659	533362887927544
533362897006157	533362923811659	533362904312839
533362913510877	533362940537977	533362920739474
533362929983127	533362957080620	533362937505181
533362946805881	533362973719211	533362954083224
533362963268731	533362990358493	533362970619683
533362980140842	533363006979912	533362988185235
533362996493747	533363023615695	533363006693861
533363012973158	533363040278578	533363020464531
533363029566867	533363056886081	533363038044610
533363046411065	533363073573906	533363054617119
533363063083102	533363090185519	533363069718763
533363079955580	533363106848402	533363087183648
533363096966688	533363123436740	533363104445000
533363113159356	533363140098117	533363120115166
533363129808404	533363156699069	533363136540215
533363146990573	533363173322116	533363153117567
533363163390475	533363189966729	533363169625176
533363179980441	533363206619886	533363186530449
533363196950900	533363223223483	533363204281182
533363213729628	533363239865777	533363221895155
533363230316908	533363256504204	533363238646538
533363246850803	533363273170220	533363254257297
533363263788384	533363289780856	533363273847466
533363280245700	533363306395521	533363290833062
533363296719130	533363323026991	533363301589979
533363313298760	533363339666192	533363315400038
533363330196913	533363356298312	533363331615614
533363347087578	533363372936537	533363349324436
533363363662041	533363389574720	533363366519951
533363380154799	533363406188693	533363384186008
533363396420505	533363422833428	533363400661797
533363412988457	533363439514703	533363418391127
533363430125990	533363456124606	533363436069187
533363446027683	533363472742608	533363452479058
533363462566867	533363489373264	533363469863620
533363479225437	533363506005669	533363486685316
533363495987969	533363522650526	533363503747735

533363079955580	533363106848402	533363087183648
533363096966688	533363123436740	533363104445000
533363113159356	533363140098117	533363120115166
533363129808404	533363156699069	533363136540215
533363146990573	533363173322116	533363153117567
533363163390475	533363189966729	533363169625176
533363179980441	533363206619886	533363186530449
533363196950900	533363223223483	533363204281182
533363213729628	533363239865777	533363221895155
533363230316908	533363256504204	533363238646538
533363246850803	533363273170220	533363254257297
533363263788384	533363289780856	533363273847466
533363280245700	533363306395521	533363290833062
533363296719130	533363323026991	533363301589979
533363313298760	533363339666192	533363315400038
533363330196913	533363356298312	533363331615614
533363347087578	533363372936537	533363349324436
533363363662041	533363389574720	533363366519951
533363380154799	533363406188693	533363384186008
533363396420505	533363422833428	533363400661797
533363412988457	533363439514703	533363418391127
533363430125990	533363456124606	533363436069187
533363446027683	533363472742608	533363452479058
533363462566867	533363489373264	533363469863620
533363479225437	533363506005669	533363486685316
533363495987969	533363522650526	533363503747735
533363512594414	533363539288344	533363519976128
533363529105319	533363555912448	533363536523451
533363545843682	533363572567274	533363554769423
533363562451552	533363589185031	533363569697035
533363579243422	533363605812636	533363586699680
533363595774550	533363622448744	533363603581109
533363612585341	533363639079603	533363619413059
533363629543959	533363655718397	533363636273166
533363645789320	533363672345798	533363652590427
533363662663750	533363688988458	533363670719659
533363679136936	533363705618340	533363687169081
533363695618503	533363722251316	533363702589735
533363712242445	533363738880263	533363718587416
533363728937066	533363755628187	533363735519545
533363746068332	533363772151503	533363752914198
533363762773736	533363788792291	533363768776055
533363779672458	533363805413751	533363786783746
533363795774021	533363822056858	533363802987766
533363811793023	533363838687595	533363818046034
533363829001397	533363855334446	533363834879856
533363845196343	533363871969822	533363852827650
533363861745497	533363888648207	533363868937514
533363878496026	533363905252129	533363889018283
533363895265761	533363921883030	533363903164280
533363911676487	533363938567803	533363918172621
533363928842299	533363955131850	533363934825738
533363945598972	533363971766168	533363951476942
533363961987481	533363988408054	533363967775811
533363978641412	533364005033095	533363987243869
533363995099664	533364021665338	533364003804864
533364011688368	533364038301934	533364020108656
533364029412001	533364054931532	533364038121474
533364044820326	533364071590590	533364053392836
533364061341607	533364088196832	533364068934503
533364077976576	533364104829359	533364085948744
533364094996433	533364121461968	533364102939223
533364112160699	533364138113295	533364119276951

533363679136936	533363705618340	533363687169081
533363695618503	533363722251316	533363702589735
533363712242445	533363738880263	533363718587416
533363728937066	533363755628187	533363735519545
533363746068332	533363772151503	533363752914198
533363762773736	533363788792291	533363768776055
533363779672458	533363805413751	533363786783746
533363795774021	533363822056858	533363802987766
533363811793023	533363838687595	533363818046034
533363829001397	533363855334446	533363834879856
533363845196343	533363871969822	533363852827650
533363861745497	533363888648207	533363868937514
533363878496026	533363905252129	533363889018283
533363895265761	533363921883030	533363903164280
533363911676487	533363938567803	533363918172621
533363928842299	533363955131850	533363934825738
533363945598972	533363971766168	533363951476942
533363961987481	533363988408054	533363967775811
533363978641412	533364005033095	533363987243869
533363995099664	533364021665338	533364003804864
533364011688368	533364038301934	533364020108656
533364029412001	533364054931532	533364038121474
533364044820326	533364071590590	533364053392836
533364061341607	533364088196832	533364068934503
533364077976576	533364104829359	533364085948744
533364094996433	533364121461968	533364102939223
533364112160699	533364138113295	533364119276951
533364128115452	533364154759454	533364136362400
533364144899713	533364171379083	533364155082818
533364161131321	533364188026503	533364169521213
533364177809543	533364204691461	533364182648940
533364195453708	533364221309136	533364203700087
533364211514052	533364237901137	533364220808892
533364228592665	533364254608656	533364235796970
533364244946547	533364271173923	533364250974867
533364262090387	533364287810561	533364267583469
533364278773248	533364304462172	533364284243096
533364295173516	533364321083713	533364302467909
533364311765191	533364337717584	533364319869480
533364328669773	533364354349298	533364336739801
533364345017633	533364370984430	533364353262099
533364361234511	533364387612888	533364368401666
533364378264459	533364404240045	533364385154026
533364394680190	533364420878920	533364402193048
533364410899713	533364437533339	533364418728001
533364429801080	533364454272638	533364437154311
533364443952854	533364470817559	533364455900567
533364460794854	533364487435357	533364471396173
533364477493870	533364504093072	533364482764784
533364493981256	533364520699314	533364499231663
533364511265883	533364537319350	533364515496352
533364527116388	533364553969740	533364531806166
533364544001723	533364570626519	533364549660536
533364561104506	533364587238783	533364566606907
533364577285089	533364603886448	533364584906834
533364593922825	533364620519586	533364601195204
533364610541762	533364637135512	533364618035984
533364627352146	533364653765436	533364634048517
533364644085992	533364670404799	533364650414565
533364660720107	533364687043268	533364667025079
533364676955255	533364703664931	533364684885146
533364693708062	533364720332615	533364701916803
533364710442763	533364736949070	533364718689101

533365060283014	533365086254124	533365069118260
533365076847955	533365102905206	533365082675307
533365093574762	533365119606297	533365097581354
533365109697931	533365136157404	533365115304213
533365126926935	533365152799819	533365132678196
533365142665582	533365169423639	533365148971613
533365159167047	533365186053725	533365166025446
533365175768935	533365202712783	533365184335748
533365192416071	533365219370620	533365201317072
533365209173110	533365235974379	533365219500950
533365225461521	533365252595188	533365236348444
533365241980849	533365269231460	533365250062840
533365258641453	533365285893203	533365266159642
533365275358698	533365302565566	533365283406590
533365292174331	533365319149998	533365299672296
533365308756443	533365335774713	533365316971816
533365325688125	533365352414158	533365333224624
533365342650812	533365369117894	533365349704116
533365359243300	533365385749201	533365371059463
533365375553481	533365402314386	533365386922500
533365392268691	533365418947524	533365400707615
533365408928725	533365435559341	533365415281020
533365425933283	533365452206395	533365427739191
533365442211237	533365468837539	533365444409153
533365458771377	533365485465631	533365461517186
533365475933283	533365502101740	533365478970555
533365492292088	533365518738784	533365495954075
533365513766697	533365535370132	533365514113052
533365526065688	533365552010309	533365529626968
533365542040786	533365568645075	533365547105198
533365559118382	533365585334731	533365565683039
533365575107111	533365601920506	533365585983535
533365592328587	533365618596043	533365601427830
533365608485529	533365635175674	533365616958714
533365624814671	533365651837051	533365631827692
533365641522191	533365668454523	533365650645360
533365658137140	533365685095473	533365665020522
533365675202529	533365701720962	533365682447402
533365691756810	533365718365330	533365699667495
533365708840957	533365734985610	533365716709040
533365725363133	533365751622939	533365734675959
533365741705866	533365768275487	533365748997370
533365758269709	533365784898208	533365765674412
533365775001805	533365801540379	533365782590794
533365791218480	533365818165013	533365799065363
533365812547337	533365834812433	533365812894790
533365837945164	533365868146173	533365838653457
533365858219334	533365884685968	533365868238784
533365874865493	533365901332168	533365881110651
533365891603978	533365917973688	533365897046686
533365908570124	533365934589899	533365914146947
533365925035171	533365951234308	533365930163589
533365942033136	533365967894790	533365949036188
533365958734837	533365984492731	533365964940444
533365974809992	533366001141982	533365981976699
533365991709202	533366017804539	533365998197280
533366008590021	533366034446629	533366016520522
533366024916274	533366051044285	533366033958185
533366041969863	533366067736058	533366050383071
533366058262629	533366084318333	533366066265314
533366074854710	533366100947077	533366083638320
533366091157933	533366117559626	533366098622370
533366107547866	533366134198949	533366114251927

533365658137140	533365685095473	533365665020522
533365675202529	533365701720962	533365682447402
533365691756810	533365718365330	533365699667495
533365708840957	533365734985610	533365716709040
533365725363133	533365751622939	533365734675959
533365741705866	533365768275487	533365748997370
533365758269709	533365784898208	533365765674412
533365775001805	533365801540379	533365782590794
533365791218480	533365818165013	533365799065363
533365812547337	533365834812433	533365812894790
533365837945164	533365868146173	533365838653457
533365858219334	533365884685968	533365868238784
533365874865493	533365901332168	533365881110651
533365891603978	533365917973688	533365897046686
533365908570124	533365934589899	533365914146947
533365925035171	533365951234308	533365930163589
533365942033136	533365967894790	533365949036188
533365958734837	533365984492731	533365964940444
533365974809992	533366001141982	533365981976699
533365991709202	533366017804539	533365998197280
533366008590021	533366034446629	533366016520522
533366024916274	533366051044285	533366033958185
533366041969863	533366067736058	533366050383071
533366058262629	533366084318333	533366066265314
533366074854710	533366100947077	533366083638320
533366091157933	533366117559626	533366098622370
533366107547866	533366134198949	533366114251927
533366124503799	533366150835179	533366130464696
533366140972590	533366167473688	533366147158259
533366157413874	533366184105646	533366164212783
533366173983901	533366200748265	533366181874282
533366190573623	533366217388402	533366199069147
533366207424616	533366234019627	533366215461563
533366224203221	533366250637669	533366233277196
533366240200251	533366267278172	533366250426447
533366256912734	533366283916844	533366264204483
533366273538223	533366300547622	533366278694595
533366290215306	533366317178482	533366294925552
533366306950414	533366333821100	533366313637059
533366323942886	533366350460138	533366331686498
533366340935562	533366367081476	533366348562678
533366356981013	533366383712824	533366363810480
533366373710790	533366400367975	533366379613500
533366390188858	533366416999201	533366396170466
533366407119929	533366433633031	533366412791356
533366423754776	533366450273574	533366429597956
533366440385920	533366466916641	533366449181778
533366457504287	533366483530532	533366465366958
533366474097020	533366500151219	533366483024388
533366491456680	533366516853693	533366496372818
533366506961725	533366533447525	533366510668187
533366523241267	533366550065892	533366529338597
533366539932388	533366566703262	533366547942601
533366556645238	533366583335830	533366562602066
533366573535293	533366599984268	533366582413955
533366590214167	533366616628596	533366600164606
533366607593968	533366633250422	533366615208267
533366624259536	533366649870905	533366630335098
533366640571833	533366666513565	533366646235041
533366657312067	533366683132095	533366662654597
533366673572972	533366699786595	533366679466730
533366690202489	533366716401708	533366695636123
533366706799250	533366733046198	533366714437515

533366306950414	533366333821100	533366313637059
533366323942886	533366350460138	533366331686498
533366340935562	533366367081476	533366348562678
533366356981013	533366383712824	533366363810480
533366373710790	533366400367975	533366379613500
533366390188858	533366416999201	533366396170466
533366407119929	533366433633031	533366412791356
533366423754776	533366450273574	533366429597956
533366440385920	533366466916641	533366449181778
533366457504287	533366483530532	533366465366958
533366474097020	533366500151219	533366483024388
533366491456680	533366516853693	533366496372818
533366506961725	533366533447525	533366510668187
533366523241267	533366550065892	533366529338597
533366539932388	533366566703262	533366547942601
533366556645238	533366583335830	533366562602066
533366573535293	533366599984268	533366582413955
533366590214167	533366616628596	533366600164606
533366607593968	533366633250422	533366615208267
533366624259536	533366649870905	533366630335098
533366640571833	533366666513565	533366646235041
533366657312067	533366683132095	533366662654597
533366673572972	533366699786595	533366679466730
533366690202489	533366716401708	533366695636123
533366706799250	533366733046198	533366714437515
533366724941258	533366749661433	533366731792780
533366739784480	533366766306493	533366748389948
533366757632502	533366782958104	533366763821060
533366772647069	533366799574681	533366781693049
533366789190689	533366816212824	533366797696752
533366806414891	533366832848363	533366813779882
533366823253677	533366849492691	533366831776830
533366840197403	533366866167170	533366847437271
533366856290176	533366883003514	533366868667658
533366872660944	533366899379450	533366883640966
533366889537084	533366916009414	533366897959610
533366906124608	533366932648941	533366910045791
533366923190079	533366949286636	533366927408137
533366939324763	533366965921931	533366943706558
533366956093928	533366982583471	533366960983495
533366972686823	533366999187719	533366977859309
533366989272028	533367015827896	533366994598160
533367006598404	533367032460627	533367012984146
533367025205337	533367049090347	533367030906102
533367039152237	533367065734187	533367047334773
533367055812922	533367082342626	533367063134170
533367072762914	533367099004776	533367078424616
533367088865738	533367115673640	533367095223892
533367105639379	533367132294815	533367112257136
533367123361384	533367148898453	533367129332372
533367139643692	533367165535049	533367146151952
533367156641698	533367182184301	533367163238419
533367172293228	533367198779027	533367176635025
533367188594498	533367215430923	533367193051285
533367205287938	533367232071508	533367209592992
533367222307226	533367248699437	533367228266535
533367239059748	533367265337418	533367243031794
533367255197525	533367281971980	533367259481257
533367271885228	533367298589981	533367276160823
533367288338028	533367315246516	533367293085464
533367304970718	533367331872859	533367309744115
533367321924617	533367348557755	533367329137019
533367338234716	533367365142838	533367345333756

533366923190079	533366949286636	533366927408137
533366939324763	533366965921931	533366943706558
533366956093928	533366982583471	533366960983495
533366972686823	533366999187719	533366977859309
533366989272028	533367015827896	533366994598160
533367006598404	533367032460627	533367012984146
533367025205337	533367049090347	533367030906102
533367039152237	533367065734187	533367047334773
533367055812922	533367082342626	533367063134170
533367072762914	533367099004776	533367078424616
533367088865738	533367115673640	533367095223892
533367105639379	533367132294815	533367112257136
533367123361384	533367148898453	533367129332372
533367139643692	533367165535049	533367146151952
533367156641698	533367182184301	533367163238419
533367172293228	533367198779027	533367176635025
533367188594498	533367215430923	533367193051285
533367205287938	533367232071508	533367209592992
533367222307226	533367248699437	533367228266535
533367239059748	533367265337418	533367243031794
533367255197525	533367281971980	533367259481257
533367271885228	533367298589981	533367276160823
533367288338028	533367315246516	533367293085464
533367304970718	533367331872859	533367309744115
533367321924617	533367348557755	533367329137019
533367338234716	533367365142838	533367345333756
533367354993423	533367381766739	533367361652196
533367371431005	533367398403091	533367378362727
533367388279149	533367415047216	533367395854914
533367404772639	533367431670954	533367412670548
533367421874771	533367448327896	533367430510798
533367438266169	533367464968358	533367447869278
533367454979345	533367481605525	533367462623266
533367471513118	533367498212255	533367478813411
533367488133479	533367514855159	533367495449112
533367505440486	533367531479385	533367511947037
533367521754329	533367548107803	533367529076716
533367538252131	533367564769709	533367545206070
533367555040380	533367581373266	533367559606501
533367571604182	533367598020849	533367576754695
533367588358129	533367614669490	533367593040054
533367604910497	533367631293635	533367609748266
533367621610693	533367647926244	533367628258682
533367638314387	533367664618668	533367644643774
533367655066137	533367681203791	533367660609675
533367671623835	533367697843521	533367677701065
533367688994482	533367714558731	533367694154068
533367705205663	533367731091324	533367711094010
533367721938207	533367747721777	533367728627457
533367738357763	533367764396296	533367747641536
533367755370865	533367780988297	533367762644709
533367771504125	533367797623591	533367777681900
533367787995824	533367814261409	533367792786677
533367804771663	533367830887100	533367810132869
533367821583471	533367847614599	533367828893326
533367837714005	533367864164485	533367844910823
533367854725235	533367880801773	533367861638484
533367870931900	533367897431290	533367876867773
533367887650894	533367914054052	533367891528051
533367904661799	533367930707088	533367908467667
533367923824194	533367947322444	533367925028214
533367937099666	533367963969620	533367942845149
533367953540950	533367980646866	533367959159399

533367555040380	533367581373266	533367559606501
533367571604182	533367598020849	533367576754695
533367588358129	533367614669490	533367593040054
533367604910497	533367631293635	533367609748266
533367621610693	533367647926244	533367628258682
533367638314387	533367664618668	533367644643774
533367655066137	533367681203791	533367660609675
533367671623835	533367697843521	533367677701065
533367688994482	533367714558731	533367694154068
533367705205663	533367731091324	533367711094010
533367721938207	533367747721777	533367728627457
533367738357763	533367764396296	533367747641536
533367755370865	533367780988297	533367762644709
533367771504125	533367797623591	533367777681900
533367787995824	533367814261409	533367792786677
533367804771663	533367830887100	533367810132869
533367821583471	533367847614599	533367828893326
533367837714005	533367864164485	533367844910823
533367854725235	533367880801773	533367861638484
533367870931900	533367897431290	533367876867773
533367887650894	533367914054052	533367891528051
533367904661799	533367930707088	533367908467667
533367923824194	533367947322444	533367925028214
533367937099666	533367963969620	533367942845149
533367953540950	533367980646866	533367959159399
533367970633438	533367997223852	533367978235978
533367986833634	533368013868180	533367994037369
533368003508235	533368030552831	533368011397151
533368020075536	533368047138443	533368027824845
533368036955134	533368064038346	533368045649104
533368053499853	533368080472102	533368064699397
533368069949682	533368097079809	533368080591528
533368086644588	533368113673356	533368094463069
533368103279842	533368130306575	533368108763443
533368120457861	533368146952001	533368124658992
533368136803360	533368163595108	533368142142634
533368153992407	533368180224829	533368157995499
533368171604833	533368196855729	533368175497371
533368188216406	533368213588720	533368192867773
533368204796118	533368230101538	533368209397843
533368220336116	533368246755428	533368226873347
533368237799536	533368263399226	533368244313696
533368254347102	533368280021134	533368260241471
533368271041357	533368296654923	533368277801611
533368287517390	533368313273860	533368295342464
533368303849340	533368329925431	533368310958390
533368320813777	533368346574153	533368327840348
533368337660986	533368363171809	533368345228328
533368353725276	533368379823380	533368359614192
533368370215714	533368396443497	533368375914282
533368387408341	533368413108414	533368394011124
533368404080013	533368429722224	533368411137589
533368419979020	533368446349788	533368427900691
533368436835750	533368462987361	533368445687882
533368453090022	533368479681982	533368461082169
533368470485937	533368496268693	533368477310359
533368486228735	533368512916072	533368494179785
533368503353979	533368529530859	533368510792008
533368519746150	533368546154801	533368527135148
533368536181616	533368562800512	533368544232275
533368552915380	533368579432674	533368559853613
533368569590307	533368596106665	533368576338029
533368585989477	533368612688411	533368593083146

533368103279842	533368130306575	533368108763443
533368120457861	533368146952001	533368124658992
533368136803360	533368163595108	533368142142634
533368153992407	533368180224829	533368157995499
533368171604833	533368196855729	533368175497371
533368188216406	533368213588720	533368192867773
533368204796118	533368230101538	533368209397843
533368220336116	533368246755428	533368226873347
533368237799536	533368263399226	533368244313696
533368254347102	533368280021134	533368260241471
533368271041357	533368296654923	533368277801611
533368287517390	533368313273860	533368295342464
533368303849340	533368329925431	533368310958390
533368320813777	533368346574153	533368327840348
533368337660986	533368363171809	533368345228328
533368353725276	533368379823380	533368359614192
533368370215714	533368396443497	533368375914282
533368387408341	533368413108414	533368394011124
533368404080013	533368429722224	533368411137589
533368419979020	533368446349788	533368427900691
533368436835750	533368462987361	533368445687882
533368453090022	533368479681982	533368461082169
533368470485937	533368496268693	533368477310359
533368486228735	533368512916072	533368494179785
533368503353979	533368529530859	533368510792008
533368519746150	533368546154801	533368527135148
533368536181616	533368562800512	533368544232275
533368552915380	533368579432674	533368559853613
533368569590307	533368596106665	533368576338029
533368585989477	533368612688411	533368593083146
533368602599829	533368629348771	533368610932430
533368624984798	533368645982967	533368625373836
533368652482804	533368679221858	533368652910905
533368669273331	533368695853613	533368670143774
533368686315893	533368712544572	533368690386368
533368702287369	533368729127579	533368707898535
533368718916357	533368745763159	533368724588842
533368736119604	533368762400732	533368743697892
533368752629573	533368779041398	533368759893978
533368769285457	533368795666805	533368776793636
533368787781592	533368812297908	533368792797461
533368802255875	533368828936295	533368808283545
533368818913183	533368845606299	533368824880265
533368835398982	533368862230363	533368842151098
533368852575171	533368878859961	533368858703060
533368869308773	533368895472591	533368877794734
533368886687638	533368912104183	533368893403052
533368902064957	533368928766618	533368910933976
533368918693375	533368945419897	533368925915910
533368935293921	533368962029842	533368943260229
533368951907121	533368978669043	533368959044206
533368969508561	533368995276017	533368976823462
533368985515600	533369011917659	533368995244645
533369002170548	533369028687435	533369009593970
533369018911434	533369045189835	533369025424536
533369035496680	533369061826676	533369041958553
533369052140194	533369078476823	533369058481950
533369068633195	533369095120866	533369075028662
533369085688615	533369111726741	533369095281876
533369102450537	533369128368221	533369110838354
533369119200863	533369144992488	533369123428931
533369136121761	533369161629167	533369140501481
533369152236222	533369178253149	533369157082414

533368769285457	533368795666805	533368776793636
533368787781592	533368812297908	533368792797461
533368802255875	533368828936295	533368808283545
533368818913183	533368845606299	533368824880265
533368835398982	533368862230363	533368842151098
533368852575171	533368878859961	533368858703060
533368869308773	533368895472591	533368877794734
533368886687638	533368912104183	533368893403052
533368902064957	533368928766618	533368910933976
533368918693375	533368945419897	533368925915910
533368935293921	533368962029842	533368943260229
533368951907121	533368978669043	533368959044206
533368969508561	533368995276017	533368976823462
533368985515600	533369011917659	533368995244645
533369002170548	533369028687435	533369009593970
533369018911434	533369045189835	533369025424536
533369035496680	533369061826676	533369041958553
533369052140194	533369078476823	533369058481950
533369068633195	533369095120866	533369075028662
533369085688615	533369111726741	533369095281876
533369102450537	533369128368221	533369110838354
533369119200863	533369144992488	533369123428931
533369136121761	533369161629167	533369140501481
533369152236222	533369178253149	533369157082414
533369168739518	533369194873673	533369172750586
533369185783179	533369211562964	533369188777075
533369201874731	533369228146012	533369208035620
533369218416032	533369244788265	533369223946061
533369234977026	533369261413916	533369240394344
533369251687598	533369278085994	533369257807593
533369268119035	533369294694434	533369274628190
533369284582780	533369311339046	533369296324520
533369301171240	533369327969336	533369311047786
533369317620418	533369344641740	533369324949194
533369335043636	533369361247453	533369340710303
533369351255469	533369377860002	533369358008195
533369367509090	533369394487280	533369374026587
533369383976986	533369411155900	533369392429256
533369400709408	533369427827409	533369409853573
533369417241919	533369444423885	533369425776017
533369434150081	533369461043433	533369443196794
533369450739884	533369477681535	533369459016821
533369467306738	533369494310034	533369475179745
533369484087948	533369511043921	533369492208553
533369501237443	533369527586564	533369511387874
533369517093888	533369544215226	533369524430111
533369534971859	533369560843197	533369538813900
533369551906144	533369577503150	533369555539933
533369568669409	533369594124243	533369572104915
533369585671932	533369610745012	533369592127458
533369602282243	533369627368628	533369607611222
533369619076799	533369644018937	533369624659033
533369635354549	533369660645199	533369639531185
533369652225765	533369677281836	533369656551896
533369668599951	533369693905982	533369672925879
533369685090145	533369710620093	533369690733211
533369701498836	533369727172868	533369707076188
533369718068823	533369743813819	533369724891455
533369734374732	533369760456112	533369740712297
533369751101782	533369777072933	533369758238745
533369767560238	533369793714250	533369774231828
533369783871436	533369810347998	533369789892432
533369800207984	533369827001115	533369808207943

533369383976986	533369411155900	533369392429256
533369400709408	533369427827409	533369409853573
533369417241919	533369444423885	533369425776017
533369434150081	533369461043433	533369443196794
533369450739884	533369477681535	533369459016821
533369467306738	533369494310034	533369475179745
533369484087948	533369511043921	533369492208553
533369501237443	533369527586564	533369511387874
533369517093888	533369544215226	533369524430111
533369534971859	533369560843197	533369538813900
533369551906144	533369577503150	533369555539933
533369568669409	533369594124243	533369572104915
533369585671932	533369610745012	533369592127458
533369602282243	533369627368628	533369607611222
533369619076799	533369644018937	533369624659033
533369635354549	533369660645199	533369639531185
533369652225765	533369677281836	533369656551896
533369668599951	533369693905982	533369672925879
533369685090145	533369710620093	533369690733211
533369701498836	533369727172868	533369707076188
533369718068823	533369743813819	533369724891455
533369734374732	533369760456112	533369740712297
533369751101782	533369777072933	533369758238745
533369767560238	533369793714250	533369774231828
533369783871436	533369810347998	533369789892432
533369800207984	533369827001115	533369808207943
533369816299170	533369843722876	533369823302873
533369832752458	533369860246639	533369842485449
533369849076351	533369876892717	533369857871965
533369865990495	533369893579444	533369873910905
533369882673031	533369910165585	533369890572079
533369899416439	533369926794206	533369906981421
533369915952653	533369943426530	533369923427873
533369932886044	533369960159156	533369941031714
533369949213436	533369976705827	533369958168148
533369966345394	533369993340064	533369973655697
533369983365780	533370009965959	533369990408179
533370000448055	533370026588680	533370007514746
533370016941219	533370043224626	533370022601213
533370034247453	533370059861914	533370038620052
533370050619564	533370076494808	533370055860205
533370067959693	533370093137061	533370071869930
533370084745866	533370109770524	533370088640886
533370101310401	533370126462256	533370106072893
533370118801856	533370143049943	533370127978695
533370134087093	533370159671892	533370142912452
533370151068579	533370176293596	533370157205217
533370167150163	533370192926164	533370172660905
533370184269385	533370209604061	533370189147437
533370200875993	533370226212785	533370205741024
533370219751156	533370242839942	533370223643409
533370233770525	533370259471452	533370240906145
533370249949235	533370276100847	533370256167823
533370265949764	533370292740495	533370272721127
533370282421973	533370309362443	533370289190528
533370299076189	533370326012102	533370305808488
533370315700782	533370342692318	533370323441708
533370332488583	533370359275082	533370340839616
533370348851457	533370375895850	533370356142798
533370365143287	533370392592912	533370372628638
533370381635678	533370409180518	533370389840552
533370397677426	533370425803321	533370408273129
533370414320289	533370442445248	533370422639991

533370000448055	533370026588680	533370007514746
533370016941219	533370043224626	533370022601213
533370034247453	533370059861914	533370038620052
533370050619564	533370076494808	533370055860205
533370067959693	533370093137061	533370071869930
533370084745866	533370109770524	533370088640886
533370101310401	533370126462256	533370106072893
533370118801856	533370143049943	533370127978695
533370134087093	533370159671892	533370142912452
533370151068579	533370176293596	533370157205217
533370167150163	533370192926164	533370172660905
533370184269385	533370209604061	533370189147437
533370200875993	533370226212785	533370205741024
533370219751156	533370242839942	533370223643409
533370233770525	533370259471452	533370240906145
533370249949235	533370276100847	533370256167823
533370265949764	533370292740495	533370272721127
533370282421973	533370309362443	533370289190528
533370299076189	533370326012102	533370305808488
533370315700782	533370342692318	533370323441708
533370332488583	533370359275082	533370340839616
533370348851457	533370375895850	533370356142798
533370365143287	533370392592912	533370372628638
533370381635678	533370409180518	533370389840552
533370397677426	533370425803321	533370408273129
533370414320289	533370442445248	533370422639991
533370431031023	533370459083798	533370439818661
533370448095150	533370475733863	533370456129452
533370465297624	533370492346452	533370473639584
533370481677019	533370508987973	533370490626685
533370498554053	533370525684302	533370507120378
533370515329403	533370542265805	533370523955176
533370532182593	533370558905087	533370541729590
533370549816545	533370575547136	533370556777808
533370565694434	533370592157569	533370572815894
533370583105241	533370608809587	533370589481137
533370599576026	533370625430600	533370606147559
533370616366757	533370642057390	533370623760271
533370633168555	533370658738420	533370642032528
533370649903907	533370675313331	533370660144874
533370666523414	533370691967139	533370674304501
533370683225481	533370708607561	533370686619361
533370700357520	533370725218848	533370705965715
533370716272641	533370741855893	533370722019467
533370732387468	533370758587948	533370738904436
533370749285906	533370775150855	533370755644996
533370766021216	533370791762672	533370773995297
533370782488217	533370808408464	533370790583472
533370798281226	533370825041968	533370803683651
533370814712175	533370841680762	533370820877825
533370831409726	533370858291968	533370837685198
533370847655697	533370874945167	533370854454932
533370864374244	533370891643328	533370872238827
533370881078671	533370908206804	533370890524960
533370897504086	533370924868181	533370908132463
533370914074358	533370941500465	533370920686988
533370930679379	533370958088599	533370936542375
533370947382423	533370974728533	533370952763363
533370964421933	533370991370460	533370969609392
533370981181658	533371008001685	533370987284522
533370997967302	533371024631487	533371006296322
533371014616635	533371041268857	533371022322771
533371031222429	533371057924903	533371039141578

533370599576026	533370625430600	533370606147559
533370616366757	533370642057390	533370623760271
533370633168555	533370658738420	533370642032528
533370649903907	533370675313331	533370660144874
533370666523414	533370691967139	533370674304501
533370683225481	533370708607561	533370686619361
533370700357520	533370725218848	533370705965715
533370716272641	533370741855893	533370722019467
533370732387468	533370758587948	533370738904436
533370749285906	533370775150855	533370755644996
533370766021216	533370791762672	533370773995297
533370782488217	533370808408464	533370790583472
533370798281226	533370825041968	533370803683651
533370814712175	533370841680762	533370820877825
533370831409726	533370858291968	533370837685198
533370847655697	533370874945167	533370854454932
533370864374244	533370891643328	533370872238827
533370881078671	533370908206804	533370890524960
533370897504086	533370924868181	533370908132463
533370914074358	533370941500465	533370920686988
533370930679379	533370958088599	533370936542375
533370947382423	533370974728533	533370952763363
533370964421933	533370991370460	533370969609392
533370981181658	533371008001685	533370987284522
533370997967302	533371024631487	533371006296322
533371014616635	533371041268857	533371022322771
533371031222429	533371057924903	533371039141578
533371048101986	533371074542335	533371055897600
533371064582008	533371091177996	533371073191016
533371081637957	533371107808367	533371090049618
533371098224382	533371124448829	533371106486549
533371115069353	533371141089006	533371123275123
533371131555274	533371157702125	533371139853370
533371148597999	533371174346086	533371155860002
533371164868018	533371190981503	533371173261492
533371182515357	533371207663510	533371189183123
533371198220069	533371224285133	533371205633888
533371215509579	533371240990943	533371227166969
533371231642310	533371257557187	533371241858619
533371248413510	533371274141659	533371256290300
533371265016008	533371290797747	533371272297014
533371281518287	533371307423357	533371288124610
533371297676775	533371324052833	533371307288144
533371314098894	533371340702125	533371321892962
533371330997861	533371357327410	533371337707293
533371347212623	533371373976254	533371356337989
533371366603207	533371390692685	533371371111061
533371380252011	533371407245745	533371389031552
533371396633359	533371423878232	533371404135556
533371413950009	533371440535743	533371421874651
533371430076393	533371457133603	533371439308937
533371446778419	533371473754737	533371455691749
533371463871721	533371490417254	533371470875506
533371480812517	533371507031145	533371486779396
533371497040545	533371523662737	533371502979754
533371513532285	533371540294003	533371519353858
533371530704485	533371556932431	533371535962867
533371547075091	533371573651832	533371553797828
533371564302467	533371590213315	533371573044817
533371580696347	533371606841936	533371587905820
533371597767351	533371623470965	533371604445859
533371613408505	533371640100318	533371622970883
533371629906186	533371656733985	533371637166603

533371215509579	533371240990943	533371227166969
533371231642310	533371257557187	533371241858619
533371248413510	533371274141659	533371256290300
533371265016008	533371290797747	533371272297014
533371281518287	533371307423357	533371288124610
533371297676775	533371324052833	533371307288144
533371314098894	533371340702125	533371321892962
533371330997861	533371357327410	533371337707293
533371347212623	533371373976254	533371356337989
533371366603207	533371390692685	533371371111061
533371380252011	533371407245745	533371389031552
533371396633359	533371423878232	533371404135556
533371413950009	533371440535743	533371421874651
533371430076393	533371457133603	533371439308937
533371446778419	533371473754737	533371455691749
533371463871721	533371490417254	533371470875506
533371480812517	533371507031145	533371486779396
533371497040545	533371523662737	533371502979754
533371513532285	533371540294003	533371519353858
533371530704485	533371556932431	533371535962867
533371547075091	533371573651832	533371553797828
533371564302467	533371590213315	533371573044817
533371580696347	533371606841936	533371587905820
533371597767351	533371623470965	533371604445859
533371613408505	533371640100318	533371622970883
533371629906186	533371656733985	533371637166603
533371646756528	533371673378232	533371653470029
533371663287656	533371690015317	533371670396990
533371679755551	533371706660743	533371686964210
533371696761329	533371723271624	533371703454119
533371713296892	533371739902768	533371720593686
533371730873756	533371756571835	533371737079973
533371746938697	533371773203834	533371753551450
533371764001686	533371789815732	533371771646461
533371780324358	533371806475848	533371788940651
533371797291603	533371823118507	533371805302019
533371813310076	533371839961199	533371822084124
533371830307960	533371856475278	533371840307838
533371846934344	533371873015236	533371857483538
533371863074033	533371889660865	533371872167742
533371880612241	533371906247291	533371888289934
533371897199318	533371922887021	533371900969500
533371912895159	533371939515195	533371918261167
533371929856992	533371956140236	533371935044695
533371946287005	533371972795184	533371952187151
533371962833839	533371989461159	533371968931414
533371980183733	533372006075416	533371989405006
533371996797910	533372022685890	533372005898292
533372013739031	533372039319313	533372021791196
533372029888974	533372055953631	533372035139503
533372046321388	533372072588885	533372051148170
533372063300229	533372089215146	533372067753069
533372079604469	533372105859393	533372085578997
533372096649513	533372122490089	533372103926735
533372112920550	533372139140480	533372119347796
533372129856259	533372155755307	533372138158628
533372146861427	533372172386452	533372152867124
533372162910011	533372189027483	533372168735532
533372179236631	533372205670062	533372185680519
533372195804949	533372222317563	533372203422055
533372211943133	533372238932431	533372220347511
533372228831479	533372255609596	533372237565895
533372244894223	533372272202654	533372252693133

533371813310076	533371839961199	533371822084124
533371830307960	533371856475278	533371840307838
533371846934344	533371873015236	533371857483538
533371863074033	533371889660865	533371872167742
533371880612241	533371906247291	533371888289934
533371897199318	533371922887021	533371900969500
533371912895159	533371939515195	533371918261167
533371929856992	533371956140236	533371935044695
533371946287005	533371972795184	533371952187151
533371962833839	533371989461159	533371968931414
533371980183733	533372006075416	533371989405006
533371996797910	533372022685890	533372005898292
533372013739031	533372039319313	533372021791196
533372029888974	533372055953631	533372035139503
533372046321388	533372072588885	533372051148170
533372063300229	533372089215146	533372067753069
533372079604469	533372105859393	533372085578997
533372096649513	533372122490089	533372103926735
533372112920550	533372139140480	533372119347796
533372129856259	533372155755307	533372138158628
533372146861427	533372172386452	533372152867124
533372162910011	533372189027483	533372168735532
533372179236631	533372205670062	533372185680519
533372195804949	533372222317563	533372203422055
533372211943133	533372238932431	533372220347511
533372228831479	533372255609596	533372237565895
533372244894223	533372272202654	533372252693133
533372261476662	533372288840390	533372269521258
533372278226662	533372305463519	533372286326800
533372294943499	533372322125099	533372302616066
533372311695981	533372338750587	533372320650652
533372328957008	533372355375058	533372339826963
533372345035866	533372372003924	533372353087461
533372361855486	533372388658139	533372366471168
533372378159360	533372405270078	533372384757627
533372394905861	533372421916278	533372401449114
533372411423561	533372438616717	533372418882098
533372428336525	533372455180153	533372436362445
533372445060605	533372471812925	533372452958066
533372462072324	533372488434385	533372469812681
533372478543516	533372505075905	533372486690163
533372495257220	533372521715553	533372503983986
533372511854307	533372538382301	533372518588112
533372528925555	533372555000506	533372535517596
533372545422340	533372571650490	533372551996437
533372562144346	533372588255145	533372570114723
533372578708595	533372604889056	533372588435443
533372595240618	533372621513486	533372602114194
533372611791237	533372638152728	533372618010109
533372629020037	533372654784889	533372634806699
533372645030291	533372671445330	533372651179624
533372662415586	533372688139219	533372668393898
533372678855039	533372704697161	533372688611387
533372694731951	533372721323138	533372700767352
533372711441750	533372737955951	533372716172666
533372728953184	533372754618833	533372733084409
533372744844093	533372771215147	533372749878639
533372762173724	533372787869769	533372767970843
533372778196673	533372804493182	533372785320005
533372795156878	533372821152565	533372801096128
533372810851418	533372837763202	533372819322690
533372827245379	533372854400002	533372836350034
533372843868548	533372871046242	533372851223122

533372462072324	533372488434385	533372469812681
533372478543516	533372505075905	533372486690163
533372495257220	533372521715553	533372503983986
533372511854307	533372538382301	533372518588112
533372528925555	533372555000506	533372535517596
533372545422340	533372571650490	533372551996437
533372562144346	533372588255145	533372570114723
533372578708595	533372604889056	533372588435443
533372595240618	533372621513486	533372602114194
533372611791237	533372638152728	533372618010109
533372629020037	533372654784889	533372634806699
533372645030291	533372671445330	533372651179624
533372662415586	533372688139219	533372668393898
533372678855039	533372704697161	533372688611387
533372694731951	533372721323138	533372700767352
533372711441750	533372737955951	533372716172666
533372728953184	533372754618833	533372733084409
533372744844093	533372771215147	533372749878639
533372762173724	533372787869769	533372767970843
533372778196673	533372804493182	533372785320005
533372795156878	533372821152565	533372801096128
533372810851418	533372837763202	533372819322690
533372827245379	533372854400002	533372836350034
533372843868548	533372871046242	533372851223122
533372860689552	533372887666115	533372868880511
533372877288796	533372904314308	533372884917254
533372893943622	533372920947935	533372900412453
533372910853900	533372937636411	533372917709206
533372927508482	533372954207334	533372936150571
533372944484190	533372970839089	533372950765562
533372960801572	533372987539772	533372968094867
533372977576475	533373004116636	533372985980731
533372994058897	533373020726296	533373000420916
533373010957660	533373037363706	533373016541970
533373027556984	533373054002378	533373033276955
533373044544085	533373070671323	533373049609230
533373061188983	533373087350645	533373067358864
533373078219785	533373103943174	533373087882953
533373093860166	533373120576149	533373104109474
533373110417295	533373137172381	533373117347145
533373127061297	533373153810891	533373134091001
533373144250628	533373170456398	533373150525572
533373160719867	533373187099750	533373167038267
533373177188251	533373203720436	533373185628151
533373193607684	533373220340635	533373201355324
533373210281919	533373236989032	533373216892515
533373227920672	533373253626483	533373233628721
533373246117897	533373270258889	533373250297504
533373259883482	533373286878843	533373267733295
533373277688739	533373303610655	533373284435850
533373293620949	533373320175799	533373300369403
533373310523781	533373336794574	533373316844826
533373327376605	533373353445697	533373334307025
533373343626320	533373370057432	533373350934100
533373360393614	533373386677386	533373367387673
533373377790179	533373403409686	533373385870176
533373393236306	533373419957090	533373404250262
533373409898741	533373436579934	533373419857277
533373426543882	533373453221698	533373433550433
533373443198016	533373469858783	533373449282082
533373459686338	533373486487323	533373465962828
533373476703347	533373503141701	533373482724384
533373493025897	533373519767881	533373499559100

533373078219785	533373103943174	533373087882953
533373093860166	533373120576149	533373104109474
533373110417295	533373137172381	533373117347145
533373127061297	533373153810891	533373134091001
533373144250628	533373170456398	533373150525572
533373160719867	533373187099750	533373167038267
533373177188251	533373203720436	533373185628151
533373193607684	533373220340635	533373201355324
533373210281919	533373236989032	533373216892515
533373227920672	533373253626483	533373233628721
533373246117897	533373270258889	533373250297504
533373259883482	533373286878843	533373267733295
533373277688739	533373303610655	533373284435850
533373293620949	533373320175799	533373300369403
533373310523781	533373336794574	533373316844826
533373327376605	533373353445697	533373334307025
533373343626320	533373370057432	533373350934100
533373360393614	533373386677386	533373367387673
533373377790179	533373403409686	533373385870176
533373393236306	533373419957090	533373404250262
533373409898741	533373436579934	533373419857277
533373426543882	533373453221698	533373433550433
533373443198016	533373469858783	533373449282082
533373459686338	533373486487323	533373465962828
533373476703347	533373503141701	533373482724384
533373493025897	533373519767881	533373499559100
533373509656512	533373536400938	533373516991066
533373526352110	533373553025409	533373535341734
533373543400572	533373569665790	533373550700661
533373559802346	533373586309914	533373566950336
533373577187396	533373602952533	533373583946063
533373592776101	533373619670225	533373599664691
533373610286599	533373636201760	533373617532896
533373626046405	533373652834328	533373632762266
533373642952492	533373669457985	533373648898090
533373659513650	533373686092222	533373665476784
533373676405292	533373702768939	533373682580259
533373693123716	533373719371560	533373704948383
533373709615822	533373735990619	533373719619810
533373726485207	533373752660175	533373732834776
533373745388283	533373769263853	533373747171568
533373759122129	533373785912453	533373761986102
533373778102842	533373802586607	533373779292824
533373792497048	533373819172748	533373796939960
533373809973570	533373835805886	533373813224424
533373826174009	533373852488300	533373830952370
533373842884255	533373869083799	533373849158913
533373859583596	533373885709003	533373865460915
533373876177956	533373902347186	533373883264992
533373892182269	533373918984475	533373899960915
533373909028379	533373935608539	533373916451475
533373925973814	533373952281187	533373933232725
533373945142841	533373968880471	533373949835468
533373958425515	533373985559670	533373966229226
533373975121478	533374002160785	533373983144021
533373992202411	533374018805845	533374001360899
533374008626076	533374035461851	533374015859841
533374025363707	533374052124408	533374034402891
533374042500832	533374068698586	533374049270119
533374059309019	533374085321348	533374065965188
533374075457782	533374101958393	533374082724547
533374092186949	533374118586648	533374099840880
533374110140644	533374135228656	533374115846413

533373709615822	533373735990619	533373719619810
533373726485207	533373752660175	533373732834776
533373745388283	533373769263853	533373747171568
533373759122129	533373785912453	533373761986102
533373778102842	533373802586607	533373779292824
533373792497048	533373819172748	533373796939960
533373809973570	533373835805886	533373813224424
533373826174009	533373852488300	533373830952370
533373842884255	533373869083799	533373849158913
533373859583596	533373885709003	533373865460915
533373876177956	533373902347186	533373883264992
533373892182269	533373918984475	533373899960915
533373909028379	533373935608539	533373916451475
533373925973814	533373952281187	533373933232725
533373945142841	533373968880471	533373949835468
533373958425515	533373985559670	533373966229226
533373975121478	533374002160785	533373983144021
533373992202411	533374018805845	533374001360899
533374008626076	533374035461851	533374015859841
533374025363707	533374052124408	533374034402891
533374042500832	533374068698586	533374049270119
533374059309019	533374085321348	533374065965188
533374075457782	533374101958393	533374082724547
533374092186949	533374118586648	533374099840880
533374110140644	533374135228656	533374115846413
533374125862608	533374151880430	533374132494973
533374142708515	533374168496601	533374149663308
533374159024433	533374185123676	533374165535500
533374175573953	533374201780414	533374181886900
533374192997740	533374218417092	533374200111794
533374212821064	533374235072610	533374213180723
533374227443663	533374251657245	533374241175719
533374242507994	533374268373961	533374255173155
533374259126321	533374284961200	533374268570575
533374275804503	533374301588804	533374281118549
533374291906431	533374318191303	533374298861265
533374308503477	533374334827900	533374313562519
533374325583759	533374351470111	533374331382384
533374342226744	533374368093280	533374348887022
533374358871682	533374384737201	533374365727354
533374375679869	533374401405211	533374382455056
533374391733010	533374418005959	533374399835020
533374408705504	533374434626077	533374417382343
533374424867084	533374451273334	533374432455911
533374441348245	533374467898375	533374447748066
533374457722512	533374484555683	533374464339863
533374474228982	533374501176858	533374481211404
533374490622130	533374517870909	533374499511086
533374507071186	533374534456887	533374516382628
533374524320575	533374551070616	533374535151549
533374540641173	533374567700865	533374548932758
533374557029478	533374584346495	533374565241515
533374574669168	533374600977883	533374581605121
533374590541523	533374617622984	533374600184630
533374607285785	533374634263325	533374614699156
533374624102232	533374650916686	533374632671894
533374641260069	533374667507872	533374649433124
533374657400328	533374684149840	533374664989439
533374674082172	533374700790139	533374681667337
533374690839781	533374717448180	533374697901183
533374707793598	533374734060322	533374714819721
533374724903990	533374750709776	533374731557799
533374740906961	533374767344461	533374747820616

533374308503477	533374334827900	533374313562519
533374325583759	533374351470111	533374331382384
533374342226744	533374368093280	533374348887022
533374358871682	533374384737201	533374365727354
533374375679869	533374401405211	533374382455056
533374391733010	533374418005959	533374399835020
533374408705504	533374434626077	533374417382343
533374424867084	533374451273334	533374432455911
533374441348245	533374467898375	533374447748066
533374457722512	533374484555683	533374464339863
533374474228982	533374501176858	533374481211404
533374490622130	533374517870909	533374499511086
533374507071186	533374534456887	533374516382628
533374524320575	533374551070616	533374535151549
533374540641173	533374567700865	533374548932758
533374557029478	533374584346495	533374565241515
533374574669168	533374600977883	533374581605121
533374590541523	533374617622984	533374600184630
533374607285785	533374634263325	533374614699156
533374624102232	533374650916686	533374632671894
533374641260069	533374667507872	533374649433124
533374657400328	533374684149840	533374664989439
533374674082172	533374700790139	533374681667337
533374690839781	533374717448180	533374697901183
533374707793598	533374734060322	533374714819721
533374724903990	533374750709776	533374731557799
533374740906961	533374767344461	533374747820616
533374759618386	533374783949726	533374765465147
533374775115782	533374800603453	533374783279723
533374790911030	533374817223286	533374797769876
533374807392190	533374833851459	533374814409890
533374824674620	533374850485086	533374831022073
533374840676817	533374867139708	533374847523009
533374857432148	533374883768370	533374864055602
533374873920348	533374900392353	533374881126443
533374890757954	533374917064553	533374900502908
533374907579853	533374933715595	533374914653095
533374923739277	533374950301207	533374932687967
533374941022399	533374966935403	533374949154479
533374957011168	533374983629576	533374965670592
533374973661640	533375000191507	533374979238178
533374990240538	533375016829202	533374995407327
533375007614033	533375033458230	533375012116800
533375024481912	533375050101500	533375029553933
533375040383849	533375066732889	533375047298929
533375056682636	533375083370584	533375064392150
533375073097187	533375099999612	533375078585346
533375090131814	533375116640481	533375094751077
533375106595682	533375133297993	533375111828999
533375123352640	533375149929300	533375128431090
533375139976582	533375166544127	533375146016010
533375156411884	533375183184183	533375162826720
533375172629088	533375199807351	533375180303364
533375189861795	533375216439025	533375199295429
533375206332417	533375233079528	533375214959939
533375222811990	533375249697366	533375231558938
533375239545022	533375266356058	533375244992817
533375257242614	533375282967264	533375258519021
533375272996438	533375299613545	533375275480691
533375289994892	533375316264830	533375292588032
533375306555602	533375332885436	533375311839700
533375323259785	533375349510721	533375328132221
533375340000141	533375366156147	533375344320413

533374941022399	533374966935403	533374949154479
533374957011168	533374983629576	533374965670592
533374973661640	533375000191507	533374979238178
533374990240538	533375016829202	533374995407327
533375007614033	533375033458230	533375012116800
533375024481912	533375050101500	533375029553933
533375040383849	533375066732889	533375047298929
533375056682636	533375083370584	533375064392150
533375073097187	533375099999612	533375078585346
533375090131814	533375116640481	533375094751077
533375106595682	533375133297993	533375111828999
533375123352640	533375149929300	533375128431090
533375139976582	533375166544127	533375146016010
533375156411884	533375183184183	533375162826720
533375172629088	533375199807351	533375180303364
533375189861795	533375216439025	533375199295429
533375206332417	533375233079528	533375214959939
533375222811990	533375249697366	533375231558938
533375239545022	533375266356058	533375244992817
533375257242614	533375282967264	533375258519021
533375272996438	533375299613545	533375275480691
533375289994892	533375316264830	533375292588032
533375306555602	533375332885436	533375311839700
533375323259785	533375349510721	533375328132221
533375340000141	533375366156147	533375344320413
533375356479552	533375382789570	533375361661966
533375373708800	533375399522602	533375378217304
533375389652485	533375416058043	533375395164773
533375406763813	533375432691303	533375413069070
533375424251891	533375449316832	533375429125385
533375439792988	533375465946349	533375445508035
533375456583475	533375482584288	533375462110249
533375473468403	533375499220641	533375478824564
533375489826354	533375515868834	533375497654072
533375506341735	533375532632099	533375513864643
533375522983703	533375549132995	533375533503152
533375539079975	533375565763406	533375548063740
533375556214253	533375582387511	533375563147358
533375573253559	533375599031229	533375575933776
533375588920348	533375615656351	533375590705626
533375604924458	533375632309020	533375608596251
533375622004170	533375648922871	533375625797383
533375638049621	533375665643940	533375643579324
533375654632873	533375682203999	533375659392353
533375671686136	533375698831033	533375679230366
533375688387104	533375715475443	533375693652363
533375705109435	533375732096251	533375710187438
533375722026183	533375748727965	533375727778462
533375738466531	533375765373717	533375744190856
533375755165832	533375782015522	533375760757018
533375771925109	533375798650044	533375779633279
533375789317768	533375815295348	533375798373432
533375805063699	533375831907327	533375813898335
533375821576354	533375848551452	533375830173888
533375838422423	533375865166686	533375845848489
533375855257588	533375881815490	533375862271219
533375872597147	533375898456807	533375879078429
533375888847065	533375915114806	533375896657978
533375906196675	533375931732604	533375914297301
533375923255024	533375948341165	533375931433206
533375939070169	533375964968525	533375945945861
533375955754740	533375981605651	533375959419453
533375972448953	533375998242980	533375976388854

533375522983703	533375549132995	533375533503152
533375539079975	533375565763406	533375548063740
533375556214253	533375582387511	533375563147358
533375573253559	533375599031229	533375575933776
533375588920348	533375615656351	533375590705626
533375604924458	533375632309020	533375608596251
533375622004170	533375648922871	533375625797383
533375638049621	533375665643940	533375643579324
533375654632873	533375682203999	533375659392353
533375671686136	533375698831033	533375679230366
533375688387104	533375715475443	533375693652363
533375705109435	533375732096251	533375710187438
533375722026183	533375748727965	533375727778462
533375738466531	533375765373717	533375744190856
533375755165832	533375782015522	533375760757018
533375771925109	533375798650044	533375779633279
533375789317768	533375815295348	533375798373432
533375805063699	533375831907327	533375813898335
533375821576354	533375848551452	533375830173888
533375838422423	533375865166686	533375845848489
533375855257588	533375881815490	533375862271219
533375872597147	533375898456807	533375879078429
533375888847065	533375915114806	533375896657978
533375906196675	533375931732604	533375914297301
533375923255024	533375948341165	533375931433206
533375939070169	533375964968525	533375945945861
533375955754740	533375981605651	533375959419453
533375972448953	533375998242980	533375976388854
533375989410908	533376014873473	533375993497863
533376005782531	533376031522277	533376011058003
533376022641051	533376048159972	533376028563781
533376038701273	533376064789692	533376044828226
533376055510924	533376081417826	533376061986144
533376071998229	533376098065286	533376078232604
533376088091043	533376114685363	533376096210672
533376104447611	533376131321105	533376111945536
533376121291076	533376147967468	533376129035298
533376137914367	533376164618875	533376144562113
533376154244567	533376181246968	533376161555480
533376171770731	533376197896301	533376179885477
533376187238952	533376214505513	533376196903299
533376203756245	533376231147765	533376213110005
533376220304544	533376247788431	533376229109964
533376236885355	533376264388651	533376244258036
533376253584248	533376281041524	533376260597350
533376270466328	533376297686055	533376277737731
533376287357767	533376314310933	533376294027323
533376304262227	533376330953430	533376311665750
533376321709614	533376347550475	533376331261860
533376338281229	533376364191548	533376342653910
533376354321634	533376380830627	533376359606546
533376372231872	533376397487080	533376376463317
533376388370381	533376414108866	533376396551330
533376405167988	533376430725606	533376413306904
533376421888936	533376447396545	533376429536885
533376438341084	533376464004007	533376444478657
533376455005838	533376480643330	533376460909484
533376471994160	533376497283223	533376478009419
533376488497660	533376513911926	533376494129333
533376505593404	533376530583109	533376512644551
533376522043436	533376547164652	533376530574605
533376538149027	533376563801045	533376545072041
533376553908548	533376580441629	533376559215596

533376121291076	533376147967468	533376129035298
533376137914367	533376164618875	533376144562113
533376154244567	533376181246968	533376161555480
533376171770731	533376197896301	533376179885477
533376187238952	533376214505513	533376196903299
533376203756245	533376231147765	533376213110005
533376220304544	533376247788431	533376229109964
533376236885355	533376264388651	533376244258036
533376253584248	533376281041524	533376260597350
533376270466328	533376297686055	533376277737731
533376287357767	533376314310933	533376294027323
533376304262227	533376330953430	533376311665750
533376321709614	533376347550475	533376331261860
533376338281229	533376364191548	533376342653910
533376354321634	533376380830627	533376359606546
533376372231872	533376397487080	533376376463317
533376388370381	533376414108866	533376396551330
533376405167988	533376430725606	533376413306904
533376421888936	533376447396545	533376429536885
533376438341084	533376464004007	533376444478657
533376455005838	533376480643330	533376460909484
533376471994160	533376497283223	533376478009419
533376488497660	533376513911926	533376494129333
533376505593404	533376530583109	533376512644551
533376522043436	533376547164652	533376530574605
533376538149027	533376563801045	533376545072041
533376553908548	533376580441629	533376559215596
533376570722961	533376597080912	533376576205423
533376587315612	533376613704040	533376592941304
533376603600687	533376630356628	533376609951314
533376620489807	533376646994038	533376627921610
533376636745218	533376663617492	533376644256937
533376653377950	533376680249654	533376661186543
533376670232279	533376696872375	533376678559183
533376687883768	533376713507100	533376694343526
533376702686991	533376730142232	533376711688700
533376719176249	533376746775614	533376727098002
533376735771260	533376763429545	533376743151428
533376752545145	533376780054829	533376759768859
533376769113260	533376796713155	533376777724141
533376786573221	533376813317118	533376796091939
533376803187398	533376829954691	533376810033304
533376819210835	533376846588480	533376827150288
533376835938863	533376863222310	533376843129211
533376852760884	533376879854594	533376859535135
533376870120747	533376896501892	533376876380310
533376886567932	533376913124532	533376895470845
533376903120503	533376929759419	533376910329447
533376920415303	533376946398539	533376926533711
533376937145650	533376963031880	533376942839457
533376954505879	533376979666890	533376959083313
533376970493713	533376996305684	533376976561137
533376987358907	533377012933817	533376994630920
533377003791768	533377029562601	533377010299581
533377019939758	533377046190897	533377024643290
533377036671936	533377062837789	533377037381897
533377053715515	533377079465311	533377061870666
533377069908223	533377096094096	533377072309550
533377086816141	533377112735819	533377089929504
533377103365946	533377129374939	533377106534444
533377120246521	533377146027649	533377124613627
533377136496765	533377162647440	533377142085835
533377154272318	533377179392191	533377159436666

533376687883768	533376713507100	533376694343526
533376702686991	533376730142232	533376711688700
533376719176249	533376746775614	533376727098002
533376735771260	533376763429545	533376743151428
533376752545145	533376780054829	533376759768859
533376769113260	533376796713155	533376777724141
533376786573221	533376813317118	533376796091939
533376803187398	533376829954691	533376810033304
533376819210835	533376846588480	533376827150288
533376835938863	533376863222310	533376843129211
533376852760884	533376879854594	533376859535135
533376870120747	533376896501892	533376876380310
533376886567932	533376913124532	533376895470845
533376903120503	533376929759419	533376910329447
533376920415303	533376946398539	533376926533711
533376937145650	533376963031880	533376942839457
533376954505879	533376979666890	533376959083313
533376970493713	533376996305684	533376976561137
533376987358907	533377012933817	533376994630920
533377003791768	533377029562601	533377010299581
533377019939758	533377046190897	533377024643290
533377036671936	533377062837789	533377037381897
533377053715515	533377079465311	533377061870666
533377069908223	533377096094096	533377072309550
533377086816141	533377112735819	533377089929504
533377103365946	533377129374939	533377106534444
533377120246521	533377146027649	533377124613627
533377136496765	533377162647440	533377142085835
533377154272318	533377179392191	533377159436666
533377169176778	533377195917745	533377175163065
533377187798319	533377212596212	533377193531514
533377201917094	533377229203796	533377207998311
533377218605163	533377245801168	533377226077291
533377235199605	533377262430521	533377244204569
533377251841207	533377279107483	533377258362081
533377268488505	533377295711283	533377274899678
533377285117899	533377312358785	533377291679789
533377302028300	533377329000224	533377312365417
533377318558248	533377345688985	533377328115661
533377335186055	533377362298157	533377343051778
533377352650411	533377378910299	533377359669942
533377368421163	533377395574442	533377375144267
533377385029683	533377412135274	533377391572245
533377402091492	533377428784037	533377408319682
533377419198384	533377445408874	533377425230204
533377435647847	533377462067118	533377442601094
533377452172709	533377478694031	533377460298482
533377469174133	533377495325704	533377477822652
533377486053243	533377511947978	533377494926412
533377501849914	533377528601623	533377509369364
533377519022929	533377545219218	533377525201762
533377535453105	533377561908997	533377541427877
533377552382996	533377578527486	533377558104472
533377569276021	533377595130107	533377577837748
533377585752177	533377611760356	533377593356913
533377602192200	533377628394999	533377610867777
533377618922017	533377645022359	533377626114644
533377635856425	533377661688700	533377642510885
533377652397847	533377678286601	533377659159037
533377669571431	533377694938985	533377676962179
533377687132467	533377711592021	533377693690206
533377701949483	533377728200541	533377709456156
533377718278829	533377744855855	533377726348043

533377318558248	533377345688985	533377328115661
533377335186055	533377362298157	533377343051778
533377352650411	533377378910299	533377359669942
533377368421163	533377395574442	533377375144267
533377385029683	533377412135274	533377391572245
533377402091492	533377428784037	533377408319682
533377419198384	533377445408874	533377425230204
533377435647847	533377462067118	533377442601094
533377452172709	533377478694031	533377460298482
533377469174133	533377495325704	533377477822652
533377486053243	533377511947978	533377494926412
533377501849914	533377528601623	533377509369364
533377519022929	533377545219218	533377525201762
533377535453105	533377561908997	533377541427877
533377552382996	533377578527486	533377558104472
533377569276021	533377595130107	533377577837748
533377585752177	533377611760356	533377593356913
533377602192200	533377628394999	533377610867777
533377618922017	533377645022359	533377626114644
533377635856425	533377661688700	533377642510885
533377652397847	533377678286601	533377659159037
533377669571431	533377694938985	533377676962179
533377687132467	533377711592021	533377693690206
533377701949483	533377728200541	533377709456156
533377718278829	533377744855855	533377726348043
533377734722961	533377761583639	533377743959371
533377752512553	533377778094991	533377761250712
533377767718038	533377794749776	533377775732564
533377784206319	533377811367615	533377791854472
533377800864075	533377827997131	533377808568054
533377817387472	533377844644023	533377825545634
533377833991394	533377861293193	533377841754740
533377850908142	533377877932882	533377858157979
533377867677226	533377894585836	533377875993062
533377884774963	533377911180074	533377893138855
533377900697530	533377927808899	533377909892273
533377917439026	533377944461202	533377925059184
533377934229513	533377961082011	533377942193136
533377950721619	533377977704081	533377958086487
533377967314799	533377994363587	533377974630025
533377984383565	533378010982320	533377991340515
533378001659566	533378027605326	533378010241191
533378019595154	533378044248759	533378025000143
533378034273539	533378060883850	533378040951599
533378051070333	533378077505839	533378057350688
533378067557149	533378094141907	533378073818990
533378084637879	533378110790548	533378090741964
533378101778382	533378127429789	533378108154724
533378118487529	533378144090393	533378125207011
533378134508077	533378160693299	533378142228658
533378150709534	533378177349182	533378157429260
533378169020040	533378193956035	533378174694234
533378185043925	533378210631653	533378190845724
533378201351258	533378227208924	533378209506572
533378217507996	533378243864156	533378223985087
533378234158549	533378260602234	533378241160014
533378251848043	533378277171774	533378257632833
533378267899720	533378293758443	533378274917582
533378285135234	533378310415874	533378291088440
533378301359436	533378327037862	533378307387879
533378318177429	533378343662618	533378325697205
533378334598002	533378360311585	533378343593160
533378350738221	533378376944438	533378358015198

533377934229513	533377961082011	533377942193136
533377950721619	533377977704081	533377958086487
533377967314799	533377994363587	533377974630025
533377984383565	533378010982320	533377991340515
533378001659566	533378027605326	533378010241191
533378019595154	533378044248759	533378025000143
533378034273539	533378060883850	533378040951599
533378051070333	533378077505839	533378057350688
533378067557149	533378094141907	533378073818990
533378084637879	533378110790548	533378090741964
533378101778382	533378127429789	533378108154724
533378118487529	533378144090393	533378125207011
533378134508077	533378160693299	533378142228658
533378150709534	533378177349182	533378157429260
533378169020040	533378193956035	533378174694234
533378185043925	533378210631653	533378190845724
533378201351258	533378227208924	533378209506572
533378217507996	533378243864156	533378223985087
533378234158549	533378260602234	533378241160014
533378251848043	533378277171774	533378257632833
533378267899720	533378293758443	533378274917582
533378285135234	533378310415874	533378291088440
533378301359436	533378327037862	533378307387879
533378318177429	533378343662618	533378325697205
533378334598002	533378360311585	533378343593160
533378350738221	533378376944438	533378358015198
533378367255107	533378393654521	533378375402853
533378384527527	533378410192648	533378390890483
533378400232443	533378426830750	533378406855286
533378416818990	533378443460633	533378423094625
533378433555481	533378460097311	533378440622783
533378449862529	533378476747905	533378456432963
533378466423645	533378493369772	533378473063904
533378482955302	533378510032898	533378489708598
533378499621888	533378526644715	533378507352275
533378516491232	533378543302959	533378525323751
533378532976054	533378559899964	533378542977031
533378549556132	533378576532573	533378557856141
533378566114726	533378593180197	533378573037578
533378582937277	533378609812684	533378589651591
533378599437114	533378626432475	533378606267436
533378616288839	533378643082256	533378622788107
533378632780294	533378659705669	533378640352194
533378649741842	533378676350770	533378656200908
533378666401388	533378692986227	533378673922588
533378683223816	533378709616557	533378690845073
533378699466045	533378726239970	533378705921285
533378716702902	533378742883769	533378722723165
533378733415345	533378759565939	533378739979879
533378749435568	533378776152324	533378756116476
533378766712911	533378792782044	533378772734437
533378783449402	533378809422384	533378790047913
533378799326356	533378826058940	533378807595480
533378816171245	533378842675599	533378823298157
533378832812521	533378859317526	533378842245423
533378849400859	533378875953268	533378856842265
533378866455750	533378892631531	533378873431621
533378883179668	533378909219259	533378890233704
533378899731181	533378925868266	533378906860617
533378917065369	533378942542217	533378924702129
533378933813904	533378959120057	533378942713237
533378949603089	533378975755758	533378957038229
533378965957581	533378992397563	533378973568991

533378549556132	533378576532573	533378557856141
533378566114726	533378593180197	533378573037578
533378582937277	533378609812684	533378589651591
533378599437114	533378626432475	533378606267436
533378616288839	533378643082256	533378622788107
533378632780294	533378659705669	533378640352194
533378649741842	533378676350770	533378656200908
533378666401388	533378692986227	533378673922588
533378683223816	533378709616557	533378690845073
533378699466045	533378726239970	533378705921285
533378716702902	533378742883769	533378722723165
533378733415345	533378759565939	533378739979879
533378749435568	533378776152324	533378756116476
533378766712911	533378792782044	533378772734437
533378783449402	533378809422384	533378790047913
533378799326356	533378826058940	533378807595480
533378816171245	533378842675599	533378823298157
533378832812521	533378859317526	533378842245423
533378849400859	533378875953268	533378856842265
533378866455750	533378892631531	533378873431621
533378883179668	533378909219259	533378890233704
533378899731181	533378925868266	533378906860617
533378917065369	533378942542217	533378924702129
533378933813904	533378959120057	533378942713237
533378949603089	533378975755758	533378957038229
533378965957581	533378992397563	533378973568991
533378982407166	533379009032451	533378990357484
533378999046001	533379025652934	533379006794292
533379015363058	533379042301006	533379023354350
533379032119406	533379058951966	533379040765646
533379048662252	533379075658590	533379057891256
533379065299053	533379092182638	533379075411235
533379082209575	533379108842632	533379090816590
533379098499329	533379125456035	533379107057191
533379115141012	533379142129253	533379121836121
533379131768169	533379158772685	533379139359884
533379148481019	533379175404359	533379155291891
533379165904562	533379191999940	533379174177226
533379182748800	533379208660625	533379190796326
533379199004863	533379225269674	533379206283672
533379216207907	533379241908021	533379222783631
533379232662578	533379258560609	533379240251038
533379248720195	533379275173768	533379256215638
533379265662415	533379291861105	533379272763856
533379282648214	533379308485129	533379291070700
533379298834453	533379325087668	533379308395325
533379315853700	533379341718568	533379325251242
533379332769674	533379358331890	533379340287253
533379348768942	533379374977682	533379354597677
533379365871440	533379391610861	533379371236431
533379382667380	533379408242290	533379388172466
533379399061219	533379424880230	533379406438294
533379415689759	533379441531922	533379422289287
533379432588278	533379458164165	533379440762391
533379449336325	533379474783509	533379456943828
533379464999411	533379491424704	533379472312969
533379481987936	533379508047181	533379489154969
533379498562399	533379524681336	533379505820537
533379515936423	533379541399842	533379523740581
533379531699932	533379557960999	533379542042664
533379547890687	533379574597393	533379556809225
533379564163962	533379591224631	533379571065654
533379581030661	533379607847149	533379587907370

533379131768169	533379158772685	533379139359884
533379148481019	533379175404359	533379155291891
533379165904562	533379191999940	533379174177226
533379182748800	533379208660625	533379190796326
533379199004863	533379225269674	533379206283672
533379216207907	533379241908021	533379222783631
533379232662578	533379258560609	533379240251038
533379248720195	533379275173768	533379256215638
533379265662415	533379291861105	533379272763856
533379282648214	533379308485129	533379291070700
533379298834453	533379325087668	533379308395325
533379315853700	533379341718568	533379325251242
533379332769674	533379358331890	533379340287253
533379348768942	533379374977682	533379354597677
533379365871440	533379391610861	533379371236431
533379382667380	533379408242290	533379388172466
533379399061219	533379424880230	533379406438294
533379415689759	533379441531922	533379422289287
533379432588278	533379458164165	533379440762391
533379449336325	533379474783509	533379456943828
533379464999411	533379491424704	533379472312969
533379481987936	533379508047181	533379489154969
533379498562399	533379524681336	533379505820537
533379515936423	533379541399842	533379523740581
533379531699932	533379557960999	533379542042664
533379547890687	533379574597393	533379556809225
533379564163962	533379591224631	533379571065654
533379581030661	533379607847149	533379587907370
533379597458965	533379624482687	533379604566997
533379614150697	533379641144837	533379622084006
533379630526958	533379657761170	533379640140158
533379647274110	533379674402935	533379657728618
533379664668478	533379691027162	533379673658347
533379681187847	533379707664613	533379689568177
533379697678814	533379724289694	533379705247865
533379714317689	533379740924663	533379721885397
533379730685568	533379757618430	533379738788270
533379747906556	533379774200501	533379755311301
533379765014670	533379790824240	533379774064312
533379780356223	533379807481914	533379790245993
533379797519024	533379824098207	533379804165427
533379813849183	533379840732362	533379818872051
533379831672669	533379857365215	533379833486350
533379847322653	533379874016297	533379850616965
533379864328391	533379890638775	533379867990215
533379881789654	533379907256898	533379885335430
533379898793234	533379923909405	533379902109152
533379915226340	533379940652162	533379919498841
533379931559429	533379957173890	533379936117168
533379948097556	533379973810080	533379954216859
533379964732728	533379990433168	533379971137025
533379981386171	533380007079123	533379987594585
533379998632508	533380023710715	533380004817079
533380014376283	533380040334901	533380019731792
533380030720074	533380057011008	533380036566021
533380048201885	533380073648825	533380054255067
533380063789613	533380090246237	533380070900371
533380081297710	533380106872214	533380089665956
533380096880881	533380123517681	533380103063254
533380113469056	533380140155661	533380119542909
533380129822409	533380156792665	533380136349997
533380146616721	533380173425111	533380153645367
533380163180360	533380190043601	533380171068869

533379747906556	533379774200501	533379755311301
533379765014670	533379790824240	533379774064312
533379780356223	533379807481914	533379790245993
533379797519024	533379824098207	533379804165427
533379813849183	533379840732362	533379818872051
533379831672669	533379857365215	533379833486350
533379847322653	533379874016297	533379850616965
533379864328391	533379890638775	533379867990215
533379881789654	533379907256898	533379885335430
533379898793234	533379923909405	533379902109152
533379915226340	533379940652162	533379919498841
533379931559429	533379957173890	533379936117168
533379948097556	533379973810080	533379954216859
533379964732728	533379990433168	533379971137025
533379981386171	533380007079123	533379987594585
533379998632508	533380023710715	533380004817079
533380014376283	533380040334901	533380019731792
533380030720074	533380057011008	533380036566021
533380048201885	533380073648825	533380054255067
533380063789613	533380090246237	533380070900371
533380081297710	533380106872214	533380089665956
533380096880881	533380123517681	533380103063254
533380113469056	533380140155661	533380119542909
533380129822409	533380156792665	533380136349997
533380146616721	533380173425111	533380153645367
533380163180360	533380190043601	533380171068869
533380179596498	533380206679953	533380189822287
533380196311301	533380223323671	533380201381166
533380212764060	533380239945334	533380218126324
533380229332704	533380256588400	533380234987367
533380245957541	533380273233298	533380252350119
533380262832012	533380289884177	533380270943544
533380279309388	533380306502178	533380287389996
533380296946311	533380323133689	533380305217022
533380313487652	533380339755271	533380320771303
533380329639629	533380356386252	533380335825136
533380346792380	533380373021913	533380352839418
533380363320009	533380389683127	533380368856141
533380380819073	533380406298158	533380388440655
533380397442933	533380422932110	533380404002056
533380413763124	533380439654522	533380419903505
533380430342551	533380456189109	533380436552756
533380446799135	533380472834698	533380453893292
533380463751080	533380489475974	533380471055035
533380480324932	533380506126242	533380488829571
533380497070741	533380522737571	533380504343975
533380513310609	533380539357851	533380519911114
533380530161968	533380555986391	533380537468487
533380546595318	533380572684307	533380554449444
533380563378806	533380589265687	533380570927471
533380580364727	533380605905255	533380586094504
533380596660097	533380622630556	533380603712221
533380613007061	533380639175681	533380620721254
533380629875307	533380655803367	533380639179953
533380645728415	533380672435243	533380654137636
533380662351706	533380689072613	533380669260479
533380679115785	533380705709861	533380685998109
533380695690818	533380722355409	533380702597882
533380712090476	533380738983746	533380720330954
533380729349957	533380755643251	533380738833559
533380745787091	533380772231060	533380754084372
533380761982932	533380788927593	533380769424786
533380778583274	533380805671164	533380786466168

533380329639629	533380356386252	533380335825136
533380346792380	533380373021913	533380352839418
533380363320009	533380389683127	533380368856141
533380380819073	533380406298158	533380388440655
533380397442933	533380422932110	533380404002056
533380413763124	533380439654522	533380419903505
533380430342551	533380456189109	533380436552756
533380446799135	533380472834698	533380453893292
533380463751080	533380489475974	533380471055035
533380480324932	533380506126242	533380488829571
533380497070741	533380522737571	533380504343975
533380513310609	533380539357851	533380519911114
533380530161968	533380555986391	533380537468487
533380546595318	533380572684307	533380554449444
533380563378806	533380589265687	533380570927471
533380580364727	533380605905255	533380586094504
533380596660097	533380622630556	533380603712221
533380613007061	533380639175681	533380620721254
533380629875307	533380655803367	533380639179953
533380645728415	533380672435243	533380654137636
533380662351706	533380689072613	533380669260479
533380679115785	533380705709861	533380685998109
533380695690818	533380722355409	533380702597882
533380712090476	533380738983746	533380720330954
533380729349957	533380755643251	533380738833559
533380745787091	533380772231060	533380754084372
533380761982932	533380788927593	533380769424786
533380778583274	533380805671164	533380786466168
533380795248679	533380822154929	533380803335105
533380812111024	533380838788271	533380822472190
533380828440940	533380855434918	533380837969789
533380845426902	533380872043886	533380854385357
533380862623598	533380888681174	533380871077984
533380878927390	533380905326763	533380882940655
533380895580914	533380921953391	533380902407371
533380912170798	533380938580873	533380917469748
533380928747377	533380955227520	533380934462831
533380945966290	533380971855450	533380952794171
533380962748761	533380988488425	533380969843894
533380979635683	533381005130149	533380986665956
533380996123516	533381021763572	533381002547751
533381012497906	533381038396181	533381019260357
533381029894757	533381055051658	533381035999819
533381045749371	533381071663108	533381053143210
533381062375307	533381088292055	533381069211326
533381078838320	533381104935854	533381085941469
533381095091127	533381121575624	533381102216005
533381111602113	533381138190289	533381118635642
533381128689231	533381154854962	533381135436505
533381144989524	533381171466738	533381153277000
533381161529644	533381188092795	533381168631695
533381177935894	533381204724265	533381185150128
533381194281516	533381221405906	533381203306012
533381210742128	533381238015525	533381218503074
533381227311057	533381254672711	533381236649273
533381244163393	533381271301414	533381252827699
533381261038800	533381287927634	533381269420269
533381277379295	533381304589622	533381284977195
533381294354433	533381321174298	533381300379742
533381310875632	533381337808494	533381316955141
533381328491559	533381354467592	533381333488303
533381344470847	533381371066347	533381352334902
533381360890729	533381387702903	533381368446881

533380962748761	533380988488425	533380969843894
533380979635683	533381005130149	533380986665956
533380996123516	533381021763572	533381002547751
533381012497906	533381038396181	533381019260357
533381029894757	533381055051658	533381035999819
533381045749371	533381071663108	533381053143210
533381062375307	533381088292055	533381069211326
533381078838320	533381104935854	533381085941469
533381095091127	533381121575624	533381102216005
533381111602113	533381138190289	533381118635642
533381128689231	533381154854962	533381135436505
533381144989524	533381171466738	533381153277000
533381161529644	533381188092795	533381168631695
533381177935894	533381204724265	533381185150128
533381194281516	533381221405906	533381203306012
533381210742128	533381238015525	533381218503074
533381227311057	533381254672711	533381236649273
533381244163393	533381271301414	533381252827699
533381261038800	533381287927634	533381269420269
533381277379295	533381304589622	533381284977195
533381294354433	533381321174298	533381300379742
533381310875632	533381337808494	533381316955141
533381328491559	533381354467592	533381333488303
533381344470847	533381371066347	533381352334902
533381360890729	533381387702903	533381368446881
533381378442527	533381404338442	533381381929913
533381394815289	533381420970156	533381397912986
533381411082908	533381437615094	533381414440859
533381428249330	533381454248517	533381431313906
533381444719830	533381470889386	533381449831647
533381461431663	533381487644676	533381466208315
533381479013165	533381504145286	533381482722597
533381494706402	533381520772809	533381497895978
533381512002952	533381537413556	533381514318341
533381528399151	533381554045880	533381531095156
533381544882957	533381570684389	533381548284283
533381561064028	533381587307761	533381565956606
533381578465151	533381603966982	533381582609479
533381594582867	533381620622133	533381600708925
533381611643862	533381637257021	533381617928041
533381628850405	533381653847516	533381634862042
533381644601829	533381670551861	533381649272320
533381660988710	533381687117861	533381666917381
533381677720685	533381703752301	533381684488181
533381694131980	533381720406720	533381700990501
533381710864158	533381737017519	533381719051333
533381727769554	533381753656150	533381735102928
533381743827049	533381770302187	533381750704327
533381759749046	533381786935651	533381768415916
533381776941632	533381803630109	533381784311749
533381793320782	533381820210024	533381803937726
533381809535748	533381836853416	533381818943138
533381826093610	533381853459373	533381835376406
533381842541038	533381870104962	533381850489524
533381859693585	533381886725446	533381867767560
533381876484194	533381903366437	533381883758364
533381893095970	533381920018903	533381900324323
533381910014834	533381936625551	533381917418439
533381927014386	533381953257835	533381937556704
533381943812400	533381969902529	533381951238385
533381960735048	533381986546206	533381967819440
533381977399111	533382003165184	533381983883486
533381993561464	533382019808942	533382000206443

533381561064028	533381587307761	533381565956606
533381578465151	533381603966982	533381582609479
533381594582867	533381620622133	533381600708925
533381611643862	533381637257021	533381617928041
533381628850405	533381653847516	533381634862042
533381644601829	533381670551861	533381649272320
533381660988710	533381687117861	533381666917381
533381677720685	533381703752301	533381684488181
533381694131980	533381720406720	533381700990501
533381710864158	533381737017519	533381719051333
533381727769554	533381753656150	533381735102928
533381743827049	533381770302187	533381750704327
533381759749046	533381786935651	533381768415916
533381776941632	533381803630109	533381784311749
533381793320782	533381820210024	533381803937726
533381809535748	533381836853416	533381818943138
533381826093610	533381853459373	533381835376406
533381842541038	533381870104962	533381850489524
533381859693585	533381886725446	533381867767560
533381876484194	533381903366437	533381883758364
533381893095970	533381920018903	533381900324323
533381910014834	533381936625551	533381917418439
533381927014386	533381953257835	533381937556704
533381943812400	533381969902529	533381951238385
533381960735048	533381986546206	533381967819440
533381977399111	533382003165184	533381983883486
533381993561464	533382019808942	533382000206443
533382010330711	533382036434186	533382017014020
533382027395205	533382053066429	533382033912620
533382043731549	533382069717186	533382050072085
533382060791486	533382086342999	533382067155215
533382077220441	533382102967267	533382083544293
533382093410789	533382119620302	533382101921328
533382110057884	533382136245262	533382116982526
533382126621116	533382152895286	533382133582176
533382143387311	533382169529808	533382149979230
533382159599144	533382186158144	533382167710716
533382177129254	533382202771385	533382185747622
533382192697654	533382219412254	533382199878725
533382209646385	533382236058820	533382216185122
533382226198305	533382252717593	533382233043480
533382242638898	533382269334536	533382249639183
533382259312441	533382285954653	533382268062197
533382275743227	533382302655540	533382284565412
533382291995099	533382319224673	533382299942080
533382308988222	533382335844668	533382316382062
533382325773867	533382352490501	533382333676048
533382341838564	533382369133568	533382349545880
533382358669904	533382385756696	533382366515810
533382375170229	533382402398297	533382382798403
533382391997947	533382419025169	533382401317405
533382408701479	533382435696108	533382415542381
533382425768944	533382452317975	533382432692324
533382442255597	533382468934756	533382448992617
533382458914411	533382485574933	533382465455793
533382475699526	533382502194318	533382482295758
533382492943911	533382518834495	533382499952781
533382509166567	533382535462913	533382515171613
533382525960309	533382552099591	533382532157575
533382542790998	533382568734723	533382548683535
533382561349795	533382585403343	533382565106631
533382578495832	533382602013573	533382582308535
533382592658592	533382618643781	533382598348533

533382192697654	533382219412254	533382199878725
533382209646385	533382236058820	533382216185122
533382226198305	533382252717593	533382233043480
533382242638898	533382269334536	533382249639183
533382259312441	533382285954653	533382268062197
533382275743227	533382302655540	533382284565412
533382291995099	533382319224673	533382299942080
533382308988222	533382335844668	533382316382062
533382325773867	533382352490501	533382333676048
533382341838564	533382369133568	533382349545880
533382358669904	533382385756696	533382366515810
533382375170229	533382402398297	533382382798403
533382391997947	533382419025169	533382401317405
533382408701479	533382435696108	533382415542381
533382425768944	533382452317975	533382432692324
533382442255597	533382468934756	533382448992617
533382458914411	533382485574933	533382465455793
533382475699526	533382502194318	533382482295758
533382492943911	533382518834495	533382499952781
533382509166567	533382535462913	533382515171613
533382525960309	533382552099591	533382532157575
533382542790998	533382568734723	533382548683535
533382561349795	533382585403343	533382565106631
533382578495832	533382602013573	533382582308535
533382592658592	533382618643781	533382598348533
533382609117821	533382635269920	533382614990827
533382626861880	533382651901471	533382639122866
533382642144391	533382668622215	533382651872866
533382658736229	533382685181623	533382666034528
533382675666649	533382701814557	533382680333031
533382691906517	533382718443993	533382699429995
533382708397321	533382735083153	533382714402936
533382725419985	533382751717837	533382731124982
533382741716576	533382768352033	533382748667015
533382758288312	533382784986270	533382765281883
533382774819928	533382801643903	533382783262393
533382791573102	533382818242617	533382800849429
533382807996483	533382834879580	533382814876813
533382824563906	533382851509341	533382831661318
533382841249860	533382868150861	533382848072248
533382858213483	533382884782860	533382864996564
533382874790428	533382901419985	533382881806175
533382891044416	533382918055077	533382897996524
533382908175194	533382934684675	533382914897199
533382924640851	533382951339053	533382931536563
533382940604678	533382967956159	533382948064110
533382957239199	533382984601219	533382966532209
533382973981997	533383001228416	533382983652652
533382990613101	533383017860537	533382997940127
533383007680931	533383034543358	533383016208804
533383024366397	533383051138573	533383031452619
533383041209251	533383067848534	533383048694929
533383058386782	533383084380679	533383066865542
533383075052676	533383101025292	533383083463036
533383091553937	533383117654727	533383098073957
533383108275821	533383134292341	533383114702578
533383125718976	533383150961408	533383131387718
533383141989850	533383167672590	533383149029483
533383158454491	533383184192528	533383166971947
533383174911074	533383200821760	533383183192569
533383191444278	533383217459170	533383197789248
533383207999128	533383234101260	533383214658552
533383225184309	533383250729719	533383231286400

533382774819928	533382801643903	533382783262393
533382791573102	533382818242617	533382800849429
533382807996483	533382834879580	533382814876813
533382824563906	533382851509341	533382831661318
533382841249860	533382868150861	533382848072248
533382858213483	533382884782860	533382864996564
533382874790428	533382901419985	533382881806175
533382891044416	533382918055077	533382897996524
533382908175194	533382934684675	533382914897199
533382924640851	533382951339053	533382931536563
533382940604678	533382967956159	533382948064110
533382957239199	533382984601219	533382966532209
533382973981997	533383001228416	533382983652652
533382990613101	533383017860537	533382997940127
533383007680931	533383034543358	533383016208804
533383024366397	533383051138573	533383031452619
533383041209251	533383067848534	533383048694929
533383058386782	533383084380679	533383066865542
533383075052676	533383101025292	533383083463036
533383091553937	533383117654727	533383098073957
533383108275821	533383134292341	533383114702578
533383125718976	533383150961408	533383131387718
533383141989850	533383167672590	533383149029483
533383158454491	533383184192528	533383166971947
533383174911074	533383200821760	533383183192569
533383191444278	533383217459170	533383197789248
533383207999128	533383234101260	533383214658552
533383225184309	533383250729719	533383231286400
533383241102562	533383267361555	533383247850853
533383257593570	533383284000349	533383264486595
533383274320742	533383300961245	533383282458316
533383290722964	533383317310285	533383301847028
533383307392276	533383333901919	533383317890770
533383324466088	533383350626976	533383332543155
533383340626813	533383367163028	533383344820173
533383357342227	533383383801577	533383360133853
533383373478457	533383400435244	533383378208479
533383389992984	533383417085798	533383394727237
533383406724144	533383433716047	533383411620832
533383423883283	533383450331973	533383429306582
533383440498558	533383467007917	533383447014875
533383456921410	533383483607648	533383463336897
533383473561831	533383500242577	533383481154157
533383489743798	533383516875878	533383497235985
533383506392561	533383533603742	533383513763207
533383523088036	533383550160586	533383532207380
533383541000145	533383566795271	533383549777652
533383556833519	533383583418928	533383563913516
533383573494489	533383600044335	533383579116234
533383590056094	533383616675560	533383597063500
533383606635114	533383633320987	533383612385033
533383623389387	533383649958194	533383628958682
533383640327497	533383666583560	533383647765241
533383656871198	533383683212995	533383663630191
533383673361229	533383699854719	533383679732771
533383690213931	533383716504459	533383695253523
533383707194074	533383733111311	533383712001814
533383723795271	533383749764061	533383728639143
533383740435774	533383766394595	533383747155500
533383757105940	533383783019229	533383764526879
533383773395328	533383799657413	533383780423322
533383790260481	533383816299462	533383795816552
533383807002139	533383832925479	533383812592512

533383373478457	533383400435244	533383378208479
533383389992984	533383417085798	533383394727237
533383406724144	533383433716047	533383411620832
533383423883283	533383450331973	533383429306582
533383440498558	533383467007917	533383447014875
533383456921410	533383483607648	533383463336897
533383473561831	533383500242577	533383481154157
533383489743798	533383516875878	533383497235985
533383506392561	533383533603742	533383513763207
533383523088036	533383550160586	533383532207380
533383541000145	533383566795271	533383549777652
533383556833519	533383583418928	533383563913516
533383573494489	533383600044335	533383579116234
533383590056094	533383616675560	533383597063500
533383606635114	533383633320987	533383612385033
533383623389387	533383649958194	533383628958682
533383640327497	533383666583560	533383647765241
533383656871198	533383683212995	533383663630191
533383673361229	533383699854719	533383679732771
533383690213931	533383716504459	533383695253523
533383707194074	533383733111311	533383712001814
533383723795271	533383749764061	533383728639143
533383740435774	533383766394595	533383747155500
533383757105940	533383783019229	533383764526879
533383773395328	533383799657413	533383780423322
533383790260481	533383816299462	533383795816552
533383807002139	533383832925479	533383812592512
533383823762556	533383849584822	533383829381656
533383839822533	533383866200870	533383845954898
533383856340803	533383882839257	533383862908267
533383872874657	533383899461571	533383880265648
533383890775048	533383916133283	533383896523827
533383906245100	533383932750023	533383916893253
533383922585554	533383949359765	533383930649722
533383939120344	533383965986026	533383942713199
533383955708967	533383982634138	533383960179670
533383972456159	533383999261254	533383977643985
533383989169660	533384015929955	533383994779035
533384005800845	533384032610985	533384011888451
533384022621321	533384049216251	533384030673038
533384039717919	533384065807600	533384046181298
533384055803246	533384082452660	533384063352400
533384072478824	533384099212711	533384080761498
533384088929914	533384115699486	533384095443342
533384105510969	533384132366112	533384112340071
533384122996361	533384148968773	533384130257999
533384138891462	533384165621402	533384145502261
533384155372134	533384182262434	533384162146671
533384173051049	533384198890852	533384181637800
533384188962873	533384215500105	533384196207828
533384205628523	533384232146996	533384213636091
533384222332421	533384248779768	533384228905582
533384239008039	533384265405012	533384245353865
533384255856265	533384282054345	533384262143456
533384272499779	533384298693871	533384280476871
533384289416487	533384315329125	533384297157698
533384305656884	533384331976179	533384313232445
533384322081851	533384348688622	533384329488997
533384338853621	533384365248599	533384347347192
533384355368554	533384381854231	533384362428368
533384372087670	533384398498640	533384378805077
533384389038028	533384415113590	533384395293847
533384405664371	533384431764184	533384412048241

533383989169660	533384015929955	533383994779035
533384005800845	533384032610985	533384011888451
533384022621321	533384049216251	533384030673038
533384039717919	533384065807600	533384046181298
533384055803246	533384082452660	533384063352400
533384072478824	533384099212711	533384080761498
533384088929914	533384115699486	533384095443342
533384105510969	533384132366112	533384112340071
533384122996361	533384148968773	533384130257999
533384138891462	533384165621402	533384145502261
533384155372134	533384182262434	533384162146671
533384173051049	533384198890852	533384181637800
533384188962873	533384215500105	533384196207828
533384205628523	533384232146996	533384213636091
533384222332421	533384248779768	533384228905582
533384239008039	533384265405012	533384245353865
533384255856265	533384282054345	533384262143456
533384272499779	533384298693871	533384280476871
533384289416487	533384315329125	533384297157698
533384305656884	533384331976179	533384313232445
533384322081851	533384348688622	533384329488997
533384338853621	533384365248599	533384347347192
533384355368554	533384381854231	533384362428368
533384372087670	533384398498640	533384378805077
533384389038028	533384415113590	533384395293847
533384405664371	533384431764184	533384412048241
533384422270613	533384448380598	533384428702864
533384438494368	533384465023461	533384445287011
533384455400333	533384481651228	533384461862491
533384472265689	533384498299218	533384478733015
533384488375308	533384514940250	533384497114322
533384504658878	533384531614119	533384512637882
533384521497867	533384548200463	533384529569685
533384538211653	533384564844628	533384546612654
533384554681298	533384581453922	533384563234765
533384571439477	533384598088850	533384578963565
533384587718367	533384614730899	533384594910139
533384604461449	533384631363956	533384611335392
533384621651879	533384647992496	533384627859887
533384638029199	533384664751204	533384644464094
533384654640811	533384681282169	533384662273746
533384671115177	533384697914249	533384680082096
533384687684024	533384714536441	533384695644718
533384704305118	533384731165673	533384711301863
533384721382511	533384747807885	533384729093041
533384737929996	533384764450667	533384745652652
533384754661930	533384781084496	533384763458439
533384771144107	533384797716983	533384780706689
533384788279524	533384814360660	533384795963037
533384805203963	533384830999291	533384813405379
533384821014306	533384847643945	533384828183211
533384837888655	533384864235782	533384844679589
533384854644555	533384880872908	533384861331160
533384871236067	533384897521468	533384877793522
533384888443383	533384914146508	533384896798120
533384904810652	533384930787906	533384911723535
533384920957340	533384947403263	533384926529321
533384937714135	533384964104068	533384943063948
533384954839746	533384980701847	533384959640161
533384971034814	533384997424625	533384978736230
533384987927473	533385013957950	533384994969750
533385004614973	533385030576033	533385012303979
533385020743351	533385047209619	533385029080305

533384604461449	533384631363956	533384611335392
533384621651879	533384647992496	533384627859887
533384638029199	533384664751204	533384644464094
533384654640811	533384681282169	533384662273746
533384671115177	533384697914249	533384680082096
533384687684024	533384714536441	533384695644718
533384704305118	533384731165673	533384711301863
533384721382511	533384747807885	533384729093041
533384737929996	533384764450667	533384745652652
533384754661930	533384781084496	533384763458439
533384771144107	533384797716983	533384780706689
533384788279524	533384814360660	533384795963037
533384805203963	533384830999291	533384813405379
533384821014306	533384847643945	533384828183211
533384837888655	533384864235782	533384844679589
533384854644555	533384880872908	533384861331160
533384871236067	533384897521468	533384877793522
533384888443383	533384914146508	533384896798120
533384904810652	533384930787906	533384911723535
533384920957340	533384947403263	533384926529321
533384937714135	533384964104068	533384943063948
533384954839746	533384980701847	533384959640161
533384971034814	533384997424625	533384978736230
533384987927473	533385013957950	533384994969750
533385004614973	533385030576033	533385012303979
533385020743351	533385047209619	533385029080305
533385037377750	533385063859033	533385043661238
533385053978946	533385080492374	533385059965397
533385070714583	533385097120874	533385078066512
533385087160302	533385113765893	533385096263045
533385103833927	533385130407454	533385111074161
533385120670678	533385147057641	533385128113549
533385137662418	533385163708724	533385144777083
533385155965682	533385180362858	533385162037866
533385171022729	533385196973698	533385181815657
533385187503035	533385213608300	533385197937198
533385203647404	533385230206119	533385211758854
533385220330875	533385246818383	533385228157129
533385236814721	533385263459659	533385244945337
533385253260726	533385280092391	533385259910140
533385270427880	533385296722436	533385276547143
533385287596622	533385313424300	533385294236271
533385303507674	533385330024560	533385311565372
533385320329817	533385346634057	533385329371321
533385336452457	533385363265690	533385344348901
533385352998641	533385379901920	533385359173934
533385369708764	533385396539412	533385375700382
533385386564111	533385413172469	533385392761132
533385402628157	533385429812077	533385410677311
533385419463769	533385446444238	533385427091984
533385436110294	533385463079085	533385443318994
533385452806339	533385479714909	533385460318872
533385469641707	533385496346785	533385477871891
533385486138737	533385512968408	533385493288639
533385503191512	533385529603499	533385508822941
533385519426172	533385546243961	533385525405949
533385536445581	533385562873112	533385543201318
533385552869043	533385579526595	533385560962304
533385569821720	533385596158878	533385577924910
533385586164778	533385612795190	533385595759953
533385602798567	533385629413029	533385611185164
533385619691390	533385646047876	533385626581933
533385637117619	533385662694686	533385642917220

533385187503035	533385213608300	533385197937198
533385203647404	533385230206119	533385211758854
533385220330875	533385246818383	533385228157129
533385236814721	533385263459659	533385244945337
533385253260726	533385280092391	533385259910140
533385270427880	533385296722436	533385276547143
533385287596622	533385313424300	533385294236271
533385303507674	533385330024560	533385311565372
533385320329817	533385346634057	533385329371321
533385336452457	533385363265690	533385344348901
533385352998641	533385379901920	533385359173934
533385369708764	533385396539412	533385375700382
533385386564111	533385413172469	533385392761132
533385402628157	533385429812077	533385410677311
533385419463769	533385446444238	533385427091984
533385436110294	533385463079085	533385443318994
533385452806339	533385479714909	533385460318872
533385469641707	533385496346785	533385477871891
533385486138737	533385512968408	533385493288639
533385503191512	533385529603499	533385508822941
533385519426172	533385546243961	533385525405949
533385536445581	533385562873112	533385543201318
533385552869043	533385579526595	533385560962304
533385569821720	533385596158878	533385577924910
533385586164778	533385612795190	533385595759953
533385602798567	533385629413029	533385611185164
533385619691390	533385646047876	533385626581933
533385637117619	533385662694686	533385642917220
533385653388940	533385679317204	533385661290104
533385669459660	533385695949772	533385675646264
533385686271956	533385712589054	533385694091333
533385703026229	533385729242537	533385709552108
533385719798242	533385745861068	533385727522973
533385736600000	533385762487899	533385741453841
533385753013289	533385779140120	533385757165796
533385770291894	533385795745386	533385774180404
533385787032780	533385812400537	533385790911564
533385803057560	533385829026880	533385808413151
533385819783472	533385845680810	533385825639673
533385836947738	533385862286279	533385840732650
533385852613184	533385878956445	533385856212630
533385869528385	533385895571232	533385873291610
533385886360579	533385912208968	533385890832056
533385902405786	533385928831486	533385908172225
533385919374821	533385945461491	533385924848739
533385935594995	533385962097436	533385940550317
533385951876164	533385978730290	533385956852645
533385968294906	533385995425846	533385973600366
533385985240910	533386012040633	533385990992863
533386001519515	533386028637272	533386008698877
533386018097070	533386045271183	533386025773258
533386034671370	533386061916325	533386042384139
533386051809513	533386078560042	533386059082951
533386068650781	533386095157210	533386077876896
533386085851180	533386111816797	533386092861312
533386101696965	533386128457218	533386108400903
533386118158350	533386145072005	533386124849552
533386135005558	533386161734847	533386141330509
533386151609359	533386178334212	533386157715519
533386169255925	533386194981917	533386176129053
533386185336654	533386211685449	533386193414046
533386202674504	533386228251937	533386210774642
533386219187443	533386244887557	533386227250147

533385770291894	533385795745386	533385774180404
533385787032780	533385812400537	533385790911564
533385803057560	533385829026880	533385808413151
533385819783472	533385845680810	533385825639673
533385836947738	533385862286279	533385840732650
533385852613184	533385878956445	533385856212630
533385869528385	533385895571232	533385873291610
533385886360579	533385912208968	533385890832056
533385902405786	533385928831486	533385908172225
533385919374821	533385945461491	533385924848739
533385935594995	533385962097436	533385940550317
533385951876164	533385978730290	533385956852645
533385968294906	533385995425846	533385973600366
533385985240910	533386012040633	533385990992863
533386001519515	533386028637272	533386008698877
533386018097070	533386045271183	533386025773258
533386034671370	533386061916325	533386042384139
533386051809513	533386078560042	533386059082951
533386068650781	533386095157210	533386077876896
533386085851180	533386111816797	533386092861312
533386101696965	533386128457218	533386108400903
533386118158350	533386145072005	533386124849552
533386135005558	533386161734847	533386141330509
533386151609359	533386178334212	533386157715519
533386169255925	533386194981917	533386176129053
533386185336654	533386211685449	533386193414046
533386202674504	533386228251937	533386210774642
533386219187443	533386244887557	533386227250147
533386235612085	533386261543156	533386239632837
533386252166650	533386278134546	533386258633447
533386268499862	533386294770166	533386273055811
533386285284448	533386311406275	533386290429264
533386301884302	533386328066268	533386307113387
533386318697331	533386344674341	533386324677922
533386335626693	533386361323104	533386341302108
533386352577824	533386377962956	533386358286198
533386368510726	533386394612533	533386375669743
533386386493107	533386411231633	533386393468856
533386401718449	533386427846908	533386408930770
533386418521021	533386444477320	533386424485580
533386435291569	533386461119247	533386441276758
533386451880355	533386477762028	533386457966740
533386467739974	533386494380925	533386475473495
533386485046249	533386511040104	533386493205632
533386501506250	533386527672388	533386508423934
533386518025090	533386544292749	533386524325627
533386534552962	533386560922958	533386541132796
533386551224268	533386577683496	533386559645288
533386567119613	533386594235742	533386574283594
533386583710189	533386610827865	533386593172388
533386600410588	533386627455713	533386608455713
533386617095240	533386644082748	533386623938786
533386634001896	533386660721664	533386640631169
533386650863347	533386677363387	533386657215194
533386668625269	533386694010034	533386675590886
533386684583562	533386710635767	533386692544336
533386701055689	533386727273299	533386708287378
533386717600773	533386743906519	533386723914820
533386734154240	533386760526189	533386740342351
533386750588322	533386777177189	533386756788436
533386767705266	533386793809921	533386775141870
533386784430648	533386810438339	533386791104029
533386800299911	533386827086695	533386807839665

533386352577824	533386377962956	533386358286198
533386368510726	533386394612533	533386375669743
533386386493107	533386411231633	533386393468856
533386401718449	533386427846908	533386408930770
533386418521021	533386444477320	533386424485580
533386435291569	533386461119247	533386441276758
533386451880355	533386477762028	533386457966740
533386467739974	533386494380925	533386475473495
533386485046249	533386511040104	533386493205632
533386501506250	533386527672388	533386508423934
533386518025090	533386544292749	533386524325627
533386534552962	533386560922958	533386541132796
533386551224268	533386577683496	533386559645288
533386567119613	533386594235742	533386574283594
533386583710189	533386610827865	533386593172388
533386600410588	533386627455713	533386608455713
533386617095240	533386644082748	533386623938786
533386634001896	533386660721664	533386640631169
533386650863347	533386677363387	533386657215194
533386668625269	533386694010034	533386675590886
533386684583562	533386710635767	533386692544336
533386701055689	533386727273299	533386708287378
533386717600773	533386743906519	533386723914820
533386734154240	533386760526189	533386740342351
533386750588322	533386777177189	533386756788436
533386767705266	533386793809921	533386775141870
533386784430648	533386810438339	533386791104029
533386800299911	533386827086695	533386807839665
533386817146306	533386843711369	533386823911117
533386833395044	533386860348129	533386839985905
533386850196802	533386876986963	533386858086247
533386866820500	533386893637232	533386872965275
533386883444401	533386910275660	533386890563420
533386901220362	533386926896224	533386910354924
533386917518213	533386943531478	533386925525415
533386935238835	533386960156845	533386938471216
533386950561141	533386976811752	533386955042994
533386967420638	533386993439437	533386972088160
533386984707300	533387010121444	533386989938461
533387001135279	533387026684839	533387012404891
533387017168319	533387043310897	533387025788721
533387034109603	533387059961654	533387039514836
533387050932154	533387076585393	533387055923853
533387067210230	533387093225041	533387072668075
533387084651555	533387109866195	533387089696843
533387101645858	533387126501449	533387106653264
533387117086410	533387143118230	533387122212142
533387133539128	533387159755477	533387140966618
533387149957422	533387176386093	533387154665390
533387166499537	533387193027084	533387171649195
533387183618515	533387209670232	533387188138860
533387200276311	533387226289494	533387205768783
533387217146428	533387242923487	533387222451604
533387233403183	533387259632960	533387242572291
533387249632309	533387276202011	533387257512761
533387266251531	533387293061996	533387275771265
533387283321111	533387309465927	533387293442977
533387299546778	533387326096461	533387308416895
533387316283716	533387342724634	533387323312077
533387332695460	533387359356104	533387339268824
533387349466781	533387375994898	533387355850326
533387366052027	533387392627426	533387372400863
533387383112615	533387409270085	533387390606267

533386984707300	533387010121444	533386989938461
533387001135279	533387026684839	533387012404891
533387017168319	533387043310897	533387025788721
533387034109603	533387059961654	533387039514836
533387050932154	533387076585393	533387055923853
533387067210230	533387093225041	533387072668075
533387084651555	533387109866195	533387089696843
533387101645858	533387126501449	533387106653264
533387117086410	533387143118230	533387122212142
533387133539128	533387159755477	533387140966618
533387149957422	533387176386093	533387154665390
533387166499537	533387193027084	533387171649195
533387183618515	533387209670232	533387188138860
533387200276311	533387226289494	533387205768783
533387217146428	533387242923487	533387222451604
533387233403183	533387259632960	533387242572291
533387249632309	533387276202011	533387257512761
533387266251531	533387293061996	533387275771265
533387283321111	533387309465927	533387293442977
533387299546778	533387326096461	533387308416895
533387316283716	533387342724634	533387323312077
533387332695460	533387359356104	533387339268824
533387349466781	533387375994898	533387355850326
533387366052027	533387392627426	533387372400863
533387383112615	533387409270085	533387390606267
533387399172836	533387425926295	533387407908961
533387415950871	533387442565984	533387424045557
533387432325424	533387459190007	533387437133082
533387449141464	533387475805282	533387450939804
533387465929631	533387492449244	533387469491195
533387482553777	533387509079493	533387489300196
533387499110133	533387525737615	533387505299423
533387515765487	533387542328028	533387521924342
533387532491521	533387558975530	533387538264470
533387549331365	533387575617172	533387554987818
533387566093694	533387592238428	533387571698878
533387582642074	533387608875351	533387588535019
533387599536199	533387625539088	533387607540919
533387616391016	533387642179916	533387625040268
533387632777084	533387658778630	533387641215194
533387649387029	533387675424789	533387655827214
533387665879582	533387692055038	533387671505885
533387682708562	533387708701807	533387689760686
533387699216008	533387725307683	533387706225733
533387715328516	533387741934473	533387720885727
533387732211207	533387758622950	533387736932317
533387749129989	533387775218857	533387755587265
533387764979273	533387791886785	533387771288396
533387781751205	533387808492172	533387789460352
533387798637232	533387825149765	533387808147283
533387814896103	533387841780136	533387823348129
533387831535548	533387858379949	533387837199529
533387848761907	533387875015121	533387852744003
533387865450221	533387891674464	533387869896347
533387882403305	533387908324854	533387887671615
533387899343287	533387924917424	533387907136419
533387915209010	533387941648137	533387921981430
533387932315414	533387958188950	533387937917465
533387948710312	533387974815414	533387954261297
533387965377304	533387991458318	533387970912216
533387981874985	533388008090317	533387987727483
533387998591456	533388024745468	533388005903386
533388015982081	533388041361231	533388023289129

533387549331365	533387575617172	533387554987818
533387566093694	533387592238428	533387571698878
533387582642074	533387608875351	533387588535019
533387599536199	533387625539088	533387607540919
533387616391016	533387642179916	533387625040268
533387632777084	533387658778630	533387641215194
533387649387029	533387675424789	533387655827214
533387665879582	533387692055038	533387671505885
533387682708562	533387708701807	533387689760686
533387699216008	533387725307683	533387706225733
533387715328516	533387741934473	533387720885727
533387732211207	533387758622950	533387736932317
533387749129989	533387775218857	533387755587265
533387764979273	533387791886785	533387771288396
533387781751205	533387808492172	533387789460352
533387798637232	533387825149765	533387808147283
533387814896103	533387841780136	533387823348129
533387831535548	533387858379949	533387837199529
533387848761907	533387875015121	533387852744003
533387865450221	533387891674464	533387869896347
533387882403305	533387908324854	533387887671615
533387899343287	533387924917424	533387907136419
533387915209010	533387941648137	533387921981430
533387932315414	533387958188950	533387937917465
533387948710312	533387974815414	533387954261297
533387965377304	533387991458318	533387970912216
533387981874985	533388008090317	533387987727483
533387998591456	533388024745468	533388005903386
533388015982081	533388041361231	533388023289129
533388031482569	533388057994939	533388040811549
533388047917465	533388074667628	533388057120549
533388063926702	533388091268784	533388071763657
533388083409083	533388107906886	533388089434677
533388097591578	533388124545354	533388104942042
533388114977524	533388141182561	533388123746933
533388130978093	533388157816188	533388139786850
533388147935613	533388174464544	533388154918645
533388164536891	533388191081975	533388171449204
533388181098618	533388207706894	533388190994899
533388197767400	533388224361679	533388207051132
533388214878118	533388240962753	533388226915960
533388231147080	533388257660141	533388239439967
533388248342636	533388274241399	533388253316228
533388265039129	533388290871282	533388270225205
533388281585597	533388307522202	533388286933050
533388299563828	533388324138291	533388304609523
533388314769150	533388340784897	533388322710922
533388331289332	533388357411484	533388338568426
533388347975611	533388374061061	533388356357325
533388364709986	533388390690252	533388370851710
533388381223699	533388407310776	533388387963771
533388397892360	533388423940211	533388404276271
533388414216538	533388440640203	533388420863225
533388430932480	533388457227931	533388438848292
533388448278671	533388473843938	533388455668849
533388463881170	533388490488348	533388472770615
533388480659205	533388507144882	533388489166855
533388497701523	533388523766017	533388505237697
533388513675156	533388540379624	533388521112168
533388530177516	533388557016993	533388537936264
533388547466538	533388573670029	533388554098007
533388563451971	533388590293239	533388570726792
533388580463282	533388606937973	533388589830307

533388181098618	533388207706894	533388190994899
533388197767400	533388224361679	533388207051132
533388214878118	533388240962753	533388226915960
533388231147080	533388257660141	533388239439967
533388248342636	533388274241399	533388253316228
533388265039129	533388290871282	533388270225205
533388281585597	533388307522202	533388286933050
533388299563828	533388324138291	533388304609523
533388314769150	533388340784897	533388322710922
533388331289332	533388357411484	533388338568426
533388347975611	533388374061061	533388356357325
533388364709986	533388390690252	533388370851710
533388381223699	533388407310776	533388387963771
533388397892360	533388423940211	533388404276271
533388414216538	533388440640203	533388420863225
533388430932480	533388457227931	533388438848292
533388448278671	533388473843938	533388455668849
533388463881170	533388490488348	533388472770615
533388480659205	533388507144882	533388489166855
533388497701523	533388523766017	533388505237697
533388513675156	533388540379624	533388521112168
533388530177516	533388557016993	533388537936264
533388547466538	533388573670029	533388554098007
533388563451971	533388590293239	533388570726792
533388580463282	533388606937973	533388589830307
533388596738429	533388623555934	533388601893540
533388612888128	533388640209214	533388619154445
533388629673854	533388656829738	533388636215236
533388646048935	533388673465887	533388654751084
533388662874334	533388690096950	533388670003403
533388679855413	533388706742539	533388686558172
533388696437322	533388723350123	533388704727117
533388713213160	533388739991440	533388721614324
533388729835882	533388756620021	533388737862534
533388746526800	533388773258530	533388754100368
533388763257635	533388789895574	533388770648138
533388779779607	533388806545029	533388787378606
533388796859401	533388823182887	533388805107203
533388813247055	533388839807155	533388822825994
533388829783758	533388856437282	533388838858506
533388846555283	533388873060451	533388853898178
533388863258937	533388889708522	533388870567490
533388880693629	533388906352280	533388887329819
533388896777573	533388922996974	533388904302272
533388913938624	533388939655543	533388923145371
533388931590276	533388956255071	533388938109808
533388946970526	533388972866969	533388953299261
533388963322820	533388989506618	533388966542995
533388979992864	533389006145981	533388983680364
533388997013332	533389022769639	533389001039699
533389013512396	533389039413397	533389018298244
533389029696640	533389056036973	533389035693182
533389046361720	533389072666326	533389052471868
533389062749009	533389089305893	533389070098862
533389079260972	533389105952459	533389086536647
533389096216904	533389122635972	533389103221421
533389112326686	533389139207586	533389119699855
533389128994329	533389155876084	533389137002671
533389145084946	533389172512803	533389152833603
533389161906479	533389189128769	533389169722682
533389178659246	533389205752793	533389186292466
533389195394150	533389222385565	533389202481919
533389211663763	533389239017685	533389219292466

533388779779607	533388806545029	533388787378606
533388796859401	533388823182887	533388805107203
533388813247055	533388839807155	533388822825994
533388829783758	533388856437282	533388838858506
533388846555283	533388873060451	533388853898178
533388863258937	533388889708522	533388870567490
533388880693629	533388906352280	533388887329819
533388896777573	533388922996974	533388904302272
533388913938624	533388939655543	533388923145371
533388931590276	533388956255071	533388938109808
533388946970526	533388972866969	533388953299261
533388963322820	533388989506618	533388966542995
533388979992864	533389006145981	533388983680364
533388997013332	533389022769639	533389001039699
533389013512396	533389039413397	533389018298244
533389029696640	533389056036973	533389035693182
533389046361720	533389072666326	533389052471868
533389062749009	533389089305893	533389070098862
533389079260972	533389105952459	533389086536647
533389096216904	533389122635972	533389103221421
533389112326686	533389139207586	533389119699855
533389128994329	533389155876084	533389137002671
533389145084946	533389172512803	533389152833603
533389161906479	533389189128769	533389169722682
533389178659246	533389205752793	533389186292466
533389195394150	533389222385565	533389202481919
533389211663763	533389239017685	533389219292466
533389228228745	533389255654852	533389236343491
533389244764837	533389272289211	533389254441473
533389261578192	533389288949123	533389270049464
533389278236232	533389305596136	533389284402451
533389295019598	533389322205389	533389300992173
533389312183742	533389338848333	533389317467799
533389328623236	533389355484808	533389334003037
533389345094631	533389372134425	533389352074652
533389361730820	533389388728867	533389367952174
533389379204779	533389405364365	533389385327093
533389396214219	533389421998236	533389401696803
533389412653428	533389438650824	533389418374009
533389429348374	533389455268499	533389435873968
533389445347642	533389471904120	533389453766465
533389462080633	533389488564561	533389471640936
533389479170151	533389505189723	533389489140285
533389495673244	533389521845892	533389503799017
533389512393093	533389538428045	533389517622178
533389529419256	533389555070420	533389533541774
533389545876654	533389571704860	533389552383937
533389562105536	533389588338893	533389568324082
533389579118068	533389604969753	533389585015529
533389595571071	533389621629990	533389601551499
533389611711411	533389638246486	533389618132635
533389628896266	533389654901231	533389637716131
533389644780055	533389671509466	533389652698187
533389661867051	533389688172878	533389670731065
533389678177313	533389704789577	533389686795070
533389695009059	533389721419094	533389704534206
533389711246934	533389738036118	533389720667181
533389727498968	533389754708685	533389738118597
533389743982245	533389771326524	533389751480495
533389760820339	533389787948960	533389768107936
533389777732204	533389804598211	533389784939276
533389794303290	533389821227280	533389801362819
533389810895371	533389837844102	533389818420558

533389429348374	533389455268499	533389435873968
533389445347642	533389471904120	533389453766465
533389462080633	533389488564561	533389471640936
533389479170151	533389505189723	533389489140285
533389495673244	533389521845892	533389503799017
533389512393093	533389538428045	533389517622178
533389529419256	533389555070420	533389533541774
533389545876654	533389571704860	533389552383937
533389562105536	533389588338893	533389568324082
533389579118068	533389604969753	533389585015529
533389595571071	533389621629990	533389601551499
533389611711411	533389638246486	533389618132635
533389628896266	533389654901231	533389637716131
533389644780055	533389671509466	533389652698187
533389661867051	533389688172878	533389670731065
533389678177313	533389704789577	533389686795070
533389695009059	533389721419094	533389704534206
533389711246934	533389738036118	533389720667181
533389727498968	533389754708685	533389738118597
533389743982245	533389771326524	533389751480495
533389760820339	533389787948960	533389768107936
533389777732204	533389804598211	533389784939276
533389794303290	533389821227280	533389801362819
533389810895371	533389837844102	533389818420558
533389827668239	533389854494126	533389835831000
533389844375881	533389871123806	533389854394029
533389861164862	533389887753159	533389869907375
533389877967230	533389904388251	533389884132554
533389894516913	533389921015936	533389900153265
533389910982977	533389937652167	533389917028794
533389927497015	533389954293524	533389933683742
533389944379055	533389970914577	533389950870469
533389960853786	533389987640244	533389967028957
533389978439683	533390004187486	533389983393622
533389995070868	533390020810777	533390000985012
533390011481919	533390037454698	533390017380438
533390028953843	533390054088934	533390036300686
533390046646022	533390070721096	533390052952175
533390061207342	533390087360256	533390067058986
533390078270331	533390103996975	533390083631700
533390094691921	533390120659287	533390100275458
533390111292548	533390137274400	533390116932277
533390128222601	533390153922430	533390135060370
533390144682603	533390170614244	533390156646918
533390160189032	533390187160183	533390172085435
533390176661322	533390203804877	533390184921332
533390193327460	533390220440090	533390198402777
533390209980821	533390237072780	533390215100287
533390227189927	533390253697984	533390231964056
533390243406399	533390270339626	533390248741278
533390260437649	533390286979641	533390265890733
533390276967149	533390303702582	533390282627020
533390293380804	533390320245673	533390301479763
533390310077338	533390336880357	533390317229478
533390327262722	533390353531358	533390333502468
533390343183295	533390370136583	533390349927476
533390359945868	533390386774970	533390366721177
533390376672064	533390403399929	533390383164252
533390393254096	533390420048692	533390399704698
533390410013698	533390436709987	533390417986843
533390426814887	533390453303412	533390435098985
533390443495713	533390469981635	533390451067491
533390460467515	533390486590725	533390468446519

533390028953843	533390054088934	533390036300686
533390046646022	533390070721096	533390052952175
533390061207342	533390087360256	533390067058986
533390078270331	533390103996975	533390083631700
533390094691921	533390120659287	533390100275458
533390111292548	533390137274400	533390116932277
533390128222601	533390153922430	533390135060370
533390144682603	533390170614244	533390156646918
533390160189032	533390187160183	533390172085435
533390176661322	533390203804877	533390184921332
533390193327460	533390220440090	533390198402777
533390209980821	533390237072780	533390215100287
533390227189927	533390253697984	533390231964056
533390243406399	533390270339626	533390248741278
533390260437649	533390286979641	533390265890733
533390276967149	533390303702582	533390282627020
533390293380804	533390320245673	533390301479763
533390310077338	533390336880357	533390317229478
533390327262722	533390353531358	533390333502468
533390343183295	533390370136583	533390349927476
533390359945868	533390386774970	533390366721177
533390376672064	533390403399929	533390383164252
533390393254096	533390420048692	533390399704698
533390410013698	533390436709987	533390417986843
533390426814887	533390453303412	533390435098985
533390443495713	533390469981635	533390451067491
533390460467515	533390486590725	533390468446519
533390476854112	533390503213812	533390482882391
533390493549791	533390519846015	533390499365953
533390510374172	533390536488186	533390516140733
533390526733100	533390553117214	533390533395860
533390543294867	533390569751491	533390553044338
533390560681098	533390586391099	533390566955186
533390577554836	533390603036363	533390582212795
533390593545559	533390619695502	533390600507066
533390610076768	533390636284328	533390616641872
533390626875637	533390652936550	533390632312649
533390643658799	533390669620103	533390648519883
533390660271186	533390686268337	533390666767808
533390676911444	533390702817328	533390683033759
533390693071234	533390719449734	533390699807807
533390710084133	533390736097886	533390716156968
533390726226671	533390752891140	533390734231187
533390742997545	533390769371975	533390755195095
533390759195950	533390785984931	533390768864203
533390775709215	533390802668362	533390779912258
533390792572170	533390819277411	533390796637559
533390809968980	533390835903876	533390813449652
533390826469102	533390852518744	533390829979641
533390842324897	533390869167914	533390847322618
533390858933987	533390885805609	533390864490098
533390875563747	533390902445543	533390881807156
533390892331366	533390919074978	533390899411933
533390908952582	533390935708197	533390915729519
533390925891099	533390952367011	533390932939683
533390942415391	533390968972073	533390950157009
533390958898139	533390985648586	533390968110541
533390975462307	533391002246650	533390983625515
533390992557278	533391018914211	533391000055650
533391008800401	533391035515042	533391016590033
533391025842760	533391052143134	533391033639513
533391042202501	533391068782701	533391051487657
533391058896511	533391085408433	533391067023464

533390660271186	533390686268337	533390666767808
533390676911444	533390702817328	533390683033759
533390693071234	533390719449734	533390699807807
533390710084133	533390736097886	533390716156968
533390726226671	533390752891140	533390734231187
533390742997545	533390769371975	533390755195095
533390759195950	533390785984931	533390768864203
533390775709215	533390802668362	533390779912258
533390792572170	533390819277411	533390796637559
533390809968980	533390835903876	533390813449652
533390826469102	533390852518744	533390829979641
533390842324897	533390869167914	533390847322618
533390858933987	533390885805609	533390864490098
533390875563747	533390902445543	533390881807156
533390892331366	533390919074978	533390899411933
533390908952582	533390935708197	533390915729519
533390925891099	533390952367011	533390932939683
533390942415391	533390968972073	533390950157009
533390958898139	533390985648586	533390968110541
533390975462307	533391002246650	533390983625515
533390992557278	533391018914211	533391000055650
533391008800401	533391035515042	533391016590033
533391025842760	533391052143134	533391033639513
533391042202501	533391068782701	533391051487657
533391058896511	533391085408433	533391067023464
533391075657823	533391102082262	533391082859036
533391093358507	533391118681057	533391099238390
533391108877875	533391135316311	533391115719998
533391126794583	533391151950304	533391133665310
533391142953925	533391168650336	533391148415351
533391159101427	533391185239976	533391165784491
533391177153632	533391201856187	533391183673001
533391192778551	533391218482693	533391199028632
533391209605536	533391235118354	533391214617011
533391225929796	533391251745022	533391230987861
533391242570055	533391268395209	533391247470567
533391260945868	533391285015652	533391265797227
533391276356676	533391301652086	533391282678005
533391291582628	533391318280463	533391298470364
533391308300076	533391334929796	533391314917914
533391324861843	533391351561062	533391331684435
533391341545844	533391368196031	533391349995144
533391357934597	533391384842068	533391365389472
533391374485623	533391401491645	533391382503811
533391391589586	533391418091051	533391399740790
533391408149685	533391434717190	533391415596015
533391424807685	533391451361599	533391431239041
533391441029568	533391467989326	533391447682359
533391457874946	533391484621080	533391465253242
533391474602241	533391501265286	533391481084703
533391492882473	533391517891507	533391497638536
533391507653551	533391534525255	533391514390164
533391524178819	533391551181993	533391530972724
533391540784899	533391567812934	533391548960151
533391557605577	533391584445950	533391565712145
533391574138007	533391601075670	533391581192532
533391590764798	533391617726630	533391597816596
533391607746406	533391634364977	533391614677070
533391625202786	533391651014187	533391632144233
533391641820136	533391667605862	533391649756578
533391657739285	533391684249091	533391666858507
533391674615262	533391700877102	533391680970812
533391691218208	533391717554755	533391697523709

533391242570055	533391268395209	533391247470567
533391260945868	533391285015652	533391265797227
533391276356676	533391301652086	533391282678005
533391291582628	533391318280463	533391298470364
533391308300076	533391334929796	533391314917914
533391324861843	533391351561062	533391331684435
533391341545844	533391368196031	533391349995144
533391357934597	533391384842068	533391365389472
533391374485623	533391401491645	533391382503811
533391391589586	533391418091051	533391399740790
533391408149685	533391434717190	533391415596015
533391424807685	533391451361599	533391431239041
533391441029568	533391467989326	533391447682359
533391457874946	533391484621080	533391465253242
533391474602241	533391501265286	533391481084703
533391492882473	533391517891507	533391497638536
533391507653551	533391534525255	533391514390164
533391524178819	533391551181993	533391530972724
533391540784899	533391567812934	533391548960151
533391557605577	533391584445950	533391565712145
533391574138007	533391601075670	533391581192532
533391590764798	533391617726630	533391597816596
533391607746406	533391634364977	533391614677070
533391625202786	533391651014187	533391632144233
533391641820136	533391667605862	533391649756578
533391657739285	533391684249091	533391666858507
533391674615262	533391700877102	533391680970812
533391691218208	533391717554755	533391697523709
533391708298326	533391734150703	533391714086697
533391725059231	533391750784695	533391730846015
533391741395209	533391767401394	533391747161689
533391757870429	533391784049832	533391764051053
533391774637519	533391800681831	533391780888089
533391791226224	533391817305366	533391797127306
533391807911201	533391833949327	533391813647447
533391824601061	533391850667833	533391831456733
533391840931871	533391867246650	533391848068712
533391857986681	533391883861722	533391865424059
533391874447903	533391900479031	533391880667833
533391891069648	533391917146186	533391896713325
533391907027249	533391933787869	533391913747098
533391924154975	533391950395413	533391930443549
533391940896512	533391967030301	533391950492907
533391957368883	533391983646837	533391964963406
533391973279568	533392000290148	533391978616442
533391989782295	533392016937365	533391993878934
533392007113390	533392033569811	533392011058011
533392024158597	533392050191108	533392028790636
533392040850166	533392066837023	533392045501533
533392056710802	533392083467150	533392062622789
533392073394233	533392100096219	533392081303169
533392090162300	533392116718574	533392097699490
533392106725939	533392133364733	533392113019559
533392123365994	533392149988878	533392129738593
533392139916206	533392166640490	533392146120470
533392156572944	533392183334581	533392162808499
533392173383287	533392199980740	533392184051663
533392190225735	533392216544013	533392200168484
533392206721585	533392233161160	533392214912259
533392223421943	533392249799059	533392227832669
533392240106513	533392266437039	533392243620063
533392256622505	533392283067248	533392260095364
533392273201321	533392299707588	533392277667752

533391874447903	533391900479031	533391880667833
533391891069648	533391917146186	533391896713325
533391907027249	533391933787869	533391913747098
533391924154975	533391950395413	533391930443549
533391940896512	533391967030301	533391950492907
533391957368883	533391983646837	533391964963406
533391973279568	533392000290148	533391978616442
533391989782295	533392016937365	533391993878934
533392007113390	533392033569811	533392011058011
533392024158597	533392050191108	533392028790636
533392040850166	533392066837023	533392045501533
533392056710802	533392083467150	533392062622789
533392073394233	533392100096219	533392081303169
533392090162300	533392116718574	533392097699490
533392106725939	533392133364733	533392113019559
533392123365994	533392149988878	533392129738593
533392139916206	533392166640490	533392146120470
533392156572944	533392183334581	533392162808499
533392173383287	533392199980740	533392184051663
533392190225735	533392216544013	533392200168484
533392206721585	533392233161160	533392214912259
533392223421943	533392249799059	533392227832669
533392240106513	533392266437039	533392243620063
533392256622505	533392283067248	533392260095364
533392273201321	533392299707588	533392277667752
533392290056139	533392316335395	533392294270250
533392306700101	533392332983670	533392313017443
533392323044339	533392349718533	533392328483385
533392339784655	533392366242744	533392346235379
533392357228909	533392382880154	533392364847806
533392373373685	533392399522163	533392379841987
533392389736600	533392416135200	533392395687202
533392406765937	533392432771146	533392412496406
533392423698066	533392449401191	533392428973945
533392440159126	533392466034858	533392445864652
533392456426582	533392482690579	533392462638740
533392472771471	533392499312243	533392481926745
533392489500923	533392515943021	533392498033516
533392506306099	533392532572781	533392512619250
533392522638496	533392549221870	533392529523506
533392539006050	533392565842760	533392547839464
533392555547757	533392582496528	533392562679796
533392572314684	533392599117785	533392581379259
533392589109118	533392615741279	533392598191556
533392605303861	533392632398180	533392612598783
533392622224678	533392649045478	533392629255277
533392638538561	533392665666043	533392645905993
533392655098498	533392682295194	533392662765653
533392671800890	533392698927274	533392680996895
533392688871813	533392715553210	533392698179593
533392705389880	533392732180041	533392713206123
533392722303332	533392748827461	533392728873807
533392739209093	533392765455106	533392745562161
533392755702746	533392782127795	533392761900785
533392772729235	533392798721056	533392780299263
533392789945747	533392815350410	533392797577583
533392805528185	533392831997464	533392811728665
533392822952990	533392848651883	533392828503079
533392838910143	533392865255806	533392846640531
533392856261869	533392881957832	533392861562772
533392873221423	533392898534330	533392880477119
533392889066068	533392915175443	533392897362007
533392905764066	533392931804430	533392912304756

533392472771471	533392499312243	533392481926745
533392489500923	533392515943021	533392498033516
533392506306099	533392532572781	533392512619250
533392522638496	533392549221870	533392529523506
533392539006050	533392565842760	533392547839464
533392555547757	533392582496528	533392562679796
533392572314684	533392599117785	533392581379259
533392589109118	533392615741279	533392598191556
533392605303861	533392632398180	533392612598783
533392622224678	533392649045478	533392629255277
533392638538561	533392665666043	533392645905993
533392655098498	533392682295194	533392662765653
533392671800890	533392698927274	533392680996895
533392688871813	533392715553210	533392698179593
533392705389880	533392732180041	533392713206123
533392722303332	533392748827461	533392728873807
533392739209093	533392765455106	533392745562161
533392755702746	533392782127795	533392761900785
533392772729235	533392798721056	533392780299263
533392789945747	533392815350410	533392797577583
533392805528185	533392831997464	533392811728665
533392822952990	533392848651883	533392828503079
533392838910143	533392865255806	533392846640531
533392856261869	533392881957832	533392861562772
533392873221423	533392898534330	533392880477119
533392889066068	533392915175443	533392897362007
533392905764066	533392931804430	533392912304756
533392922256457	533392948437080	533392928242663
533392938996651	533392965069079	533392944957873
533392955371813	533392981708646	533392961509020
533392971931668	533392998349393	533392980095080
533392989361193	533393014974108	533392995818509
533393005383776	533393031709094	533393013581774
533393022365710	533393048238106	533393030874702
533393038613513	533393064891385	533393043407214
533393055729723	533393081673408	533393059966133
533393072103543	533393098147326	533393079069608
533393089095202	533393114775907	533393096739489
533393104697375	533393131408882	533393110768420
533393121249092	533393148073718	533393127656319
533393138299833	533393164673937	533393145402046
533393154584297	533393181328153	533393161345487
533393171178373	533393197954658	533393180312569
533393188078804	533393214677274	533393197427966
533393204974922	533393231234647	533393214479398
533393221439766	533393247870267	533393229469795
533393238155179	533393264524442	533393242549304
533393254787626	533393281117378	533393258749580
533393271211291	533393297754341	533393275338407
533393288725980	533393314377062	533393292102038
533393304992582	533393331009387	533393309683215
533393321994209	533393347651883	533393326311307
533393337942289	533393364282621	533393344360827
533393354204699	533393380917875	533393361824043
533393370888781	533393397636014	533393377224190
533393387254911	533393414195829	533393394452014
533393404245267	533393430824532	533393411556913
533393420893705	533393447466703	533393428132759
533393437168648	533393464096993	533393447051786
533393453625231	533393480727120	533393461148750
533393470288928	533393497365466	533393477727079
533393486931140	533393514000638	533393493367256
533393503763944	533393530713855	533393509908190

533393072103543	533393098147326	533393079069608
533393089095202	533393114775907	533393096739489
533393104697375	533393131408882	533393110768420
533393121249092	533393148073718	533393127656319
533393138299833	533393164673937	533393145402046
533393154584297	533393181328153	533393161345487
533393171178373	533393197954658	533393180312569
533393188078804	533393214677274	533393197427966
533393204974922	533393231234647	533393214479398
533393221439766	533393247870267	533393229469795
533393238155179	533393264524442	533393242549304
533393254787626	533393281117378	533393258749580
533393271211291	533393297754341	533393275338407
533393288725980	533393314377062	533393292102038
533393304992582	533393331009387	533393309683215
533393321994209	533393347651883	533393326311307
533393337942289	533393364282621	533393344360827
533393354204699	533393380917875	533393361824043
533393370888781	533393397636014	533393377224190
533393387254911	533393414195829	533393394452014
533393404245267	533393430824532	533393411556913
533393420893705	533393447466703	533393428132759
533393437168648	533393464096993	533393447051786
533393453625231	533393480727120	533393461148750
533393470288928	533393497365466	533393477727079
533393486931140	533393514000638	533393493367256
533393503763944	533393530713855	533393509908190
533393520466540	533393547275378	533393527707059
533393537178576	533393563893705	533393544887683
533393553579821	533393580595080	533393560582792
533393570293282	533393597172025	533393577612251
533393587311226	533393613807198	533393594537748
533393604262072	533393630449410	533393610788562
533393620553088	533393647072985	533393627663195
533393637129260	533393663697701	533393644184314
533393653820056	533393680339831	533393660495308
533393670560453	533393697010079	533393677246651
533393687491768	533393713645333	533393695019315
533393704125679	533393730239286	533393711023832
533393721065621	533393746877592	533393727692574
533393736797636	533393763505888	533393743825834
533393753502795	533393780147896	533393760570219
533393770156807	533393796779569	533393779197375
533393786701241	533393813416898	533393795752185
533393803333809	533393830050809	533393810703601
533393819890124	533393846673449	533393827230009
533393836541207	533393863309843	533393844141955
533393853304309	533393879942452	533393860705513
533393869918851	533393896613513	533393876881946
533393886418160	533393913205473	533393894928454
533393903133980	533393929863594	533393910307768
533393919712838	533393946475777	533393926789660
533393936430001	533393963179431	533393943524768
533393952901721	533393979759102	533393961869128
533393970454048	533393996404610	533393979005115
533393986169218	533394013018868	533393996758614
533394003088855	533394029655261	533394010481352
533394019685168	533394046275460	533394026623645
533394036456653	533394062934314	533394043312040
533394052809110	533394079633614	533394061951688
533394069663847	533394096218412	533394079398547
533394086157784	533394112841337	533394095856474
533394102700142	533394129456653	533394110632068

533393670560453	533393697010079	533393677246651
533393687491768	533393713645333	533393695019315
533393704125679	533393730239286	533393711023832
533393721065621	533393746877592	533393727692574
533393736797636	533393763505888	533393743825834
533393753502795	533393780147896	533393760570219
533393770156807	533393796779569	533393779197375
533393786701241	533393813416898	533393795752185
533393803333809	533393830050809	533393810703601
533393819890124	533393846673449	533393827230009
533393836541207	533393863309843	533393844141955
533393853304309	533393879942452	533393860705513
533393869918851	533393896613513	533393876881946
533393886418160	533393913205473	533393894928454
533393903133980	533393929863594	533393910307768
533393919712838	533393946475777	533393926789660
533393936430001	533393963179431	533393943524768
533393952901721	533393979759102	533393961869128
533393970454048	533393996404610	533393979005115
533393986169218	533394013018868	533393996758614
533394003088855	533394029655261	533394010481352
533394019685168	533394046275460	533394026623645
533394036456653	533394062934314	533394043312040
533394052809110	533394079633614	533394061951688
533394069663847	533394096218412	533394079398547
533394086157784	533394112841337	533394095856474
533394102700142	533394129456653	533394110632068
533394119421496	533394146096830	533394126959949
533394136490588	533394162744047	533394143639351
533394153657580	533394179350289	533394161740548
533394171587349	533394195989083	533394177919177
533394186684843	533394212650175	533394193885160
533394203248238	533394229248523	533394209928536
533394219566516	533394245902169	533394226508329
533394236575753	533394262579211	533394244326607
533394253752104	533394279218046	533394262678170
533394270595203	533394295791329	533394279824654
533394286510852	533394312433500	533394294346952
533394303572050	533394329061796	533394306373157
533394319811104	533394345698555	533394323875883
533394336736763	533394362323433	533394340937935
533394352824410	533394378966296	533394359587878
533394369457589	533394395607125	533394374859892
533394386389107	533394412256213	533394393039376
533394402941760	533394428893665	533394410253731
533394419909086	533394445606840	533394428811959
533394435648425	533394462164905	533394445913765
533394451966785	533394478803984	533394462199817
533394468399605	533394495419299	533394475236153
533394485290881	533394512110502	533394492179757
533394502292794	533394528702584	533394508337756
533394518708036	533394545324044	533394525848417
533394535891101	533394561942004	533394545128894
533394552204456	533394578581287	533394559866362
533394568473254	533394595216948	533394574852242
533394585293933	533394611849719	533394591972441
533394601859444	533394628491809	533394608106759
533394618893339	533394645124866	533394625830798
533394635736438	533394661778674	533394644766467
533394652354236	533394678375965	533394661817330
533394668496041	533394695018909	533394675029285
533394685894885	533394711656604	533394691178414
533394701807361	533394728289091	533394707510527

533394286510852	533394312433500	533394294346952
533394303572050	533394329061796	533394306373157
533394319811104	533394345698555	533394323875883
533394336736763	533394362323433	533394340937935
533394352824410	533394378966296	533394359587878
533394369457589	533394395607125	533394374859892
533394386389107	533394412256213	533394393039376
533394402941760	533394428893665	533394410253731
533394419909086	533394445606840	533394428811959
533394435648425	533394462164905	533394445913765
533394451966785	533394478803984	533394462199817
533394468399605	533394495419299	533394475236153
533394485290881	533394512110502	533394492179757
533394502292794	533394528702584	533394508337756
533394518708036	533394545324044	533394525848417
533394535891101	533394561942004	533394545128894
533394552204456	533394578581287	533394559866362
533394568473254	533394595216948	533394574852242
533394585293933	533394611849719	533394591972441
533394601859444	533394628491809	533394608106759
533394618893339	533394645124866	533394625830798
533394635736438	533394661778674	533394644766467
533394652354236	533394678375965	533394661817330
533394668496041	533394695018909	533394675029285
533394685894885	533394711656604	533394691178414
533394701807361	533394728289091	533394707510527
533394718637317	533394744920602	533394725252999
533394735307849	533394761561186	533394741634021
533394751637765	533394778210274	533394758597644
533394768795073	533394794823800	533394775266061
533394785932931	533394811461536	533394795082019
533394802144845	533394828090646	533394809150867
533394818511503	533394844727242	533394825987333
533394834773588	533394861380359	533394842115263
533394851287545	533394877994820	533394859167997
533394868701567	533394894695382	533394876532540
533394884955717	533394911277901	533394890686715
533394901670886	533394927917957	533394907654529
533394917876982	533394944556710	533394923939848
533394934483753	533394961211007	533394941703072
533394951100330	533394977795520	533394958296415
533394968128406	533394994433989	533394977853422
533394984226022	533395011060332	533394993823027
533395000709339	533395027702340	533395009475330
533395017469755	533395044353138	533395024319324
533395034047962	533395060965808	533395040883045
533395050762439	533395077630481	533395057620349
533395067398873	533395094340402	533395074624541
533395084745268	533395110879383	533395094797880
533395100669137	533395127501779	533395111275623
533395117421090	533395144138457	533395122326486
533395134914742	533395160768380	533395138652006
533395150940174	533395177410755	533395155247750
533395167792347	533395194104196	533395172000639
533395184998930	533395210674630	533395190166777
533395201041573	533395227302845	533395207212879
533395217972848	533395243944243	533395224104318
533395234863310	533395260613392	533395240730254
533395251112618	533395277219552	533395259130481
533395267390084	533395293847726	533395273829415
533395284701364	533395310487374	533395290972767
533395300926909	533395327111235	533395308303740
533395317653349	533395343753203	533395324997303

533394884955717	533394911277901	533394890686715
533394901670886	533394927917957	533394907654529
533394917876982	533394944556710	533394923939848
533394934483753	533394961211007	533394941703072
533394951100330	533394977795520	533394958296415
533394968128406	533394994433989	533394977853422
533394984226022	533395011060332	533394993823027
533395000709339	533395027702340	533395009475330
533395017469755	533395044353138	533395024319324
533395034047962	533395060965808	533395040883045
533395050762439	533395077630481	533395057620349
533395067398873	533395094340402	533395074624541
533395084745268	533395110879383	533395094797880
533395100669137	533395127501779	533395111275623
533395117421090	533395144138457	533395122326486
533395134914742	533395160768380	533395138652006
533395150940174	533395177410755	533395155247750
533395167792347	533395194104196	533395172000639
533395184998930	533395210674630	533395190166777
533395201041573	533395227302845	533395207212879
533395217972848	533395243944243	533395224104318
533395234863310	533395260613392	533395240730254
533395251112618	533395277219552	533395259130481
533395267390084	533395293847726	533395273829415
533395284701364	533395310487374	533395290972767
533395300926909	533395327111235	533395308303740
533395317653349	533395343753203	533395324997303
533395334421253	533395360379139	533395339218535
533395350433948	533395377019153	533395355628406
533395366896269	533395393650867	533395372891875
533395383765451	533395410283842	533395390383818
533395400652088	533395426923410	533395407996570
533395416796334	533395443550525	533395423369495
533395433706124	533395460194813	533395440201852
533395450112700	533395476820748	533395456667713
533395466822335	533395493460112	533395473110787
533395482831979	533395510100452	533395490519682
533395499475737	533395526730905	533395509410755
533395516517770	533395543358550	533395524641386
533395532924956	533395559995675	533395541293771
533395549450346	533395576626290	533395559664987
533395566375314	533395593393950	533395574077747
533395582809437	533395609901925	533395590869373
533395599661447	533395626523873	533395608351429
533395616399769	533395643158965	533395624075957
533395632914539	533395659800119	533395640874093
533395649709420	533395676429391	533395657078235
533395666291492	533395693079416	533395673725086
533395683045724	533395709694080	533395691793974
533395700997140	533395726337228	533395709096505
533395716639678	533395742966948	533395723096180
533395732796497	533395759640329	533395739725005
533395749947010	533395776242339	533395756201649
533395766696033	533395792906727	533395772793446
533395784262236	533395809506092	533395790950509
533395800307484	533395826136219	533395807276274
533395816354684	533395842787139	533395822538156
533395860358509	533395892703887	533395873978341
533395884886016	533395909329700	533395888876209
533395899474923	533395925957630	533395906494902
533395916338286	533395942609608	533395918775216
533395933860421	533395959208078	533395937331898

533395499475737	533395526730905	533395509410755
533395516517770	533395543358550	533395524641386
533395532924956	533395559995675	533395541293771
533395549450346	533395576626290	533395559664987
533395566375314	533395593393950	533395574077747
533395582809437	533395609901925	533395590869373
533395599661447	533395626523873	533395608351429
533395616399769	533395643158965	533395624075957
533395632914539	533395659800119	533395640874093
533395649709420	533395676429391	533395657078235
533395666291492	533395693079416	533395673725086
533395683045724	533395709694080	533395691793974
533395700997140	533395726337228	533395709096505
533395716639678	533395742966948	533395723096180
533395732796497	533395759640329	533395739725005
533395749947010	533395776242339	533395756201649
533395766696033	533395792906727	533395772793446
533395784262236	533395809506092	533395790950509
533395800307484	533395826136219	533395807276274
533395816354684	533395842787139	533395822538156
533395860358509	533395892703887	533395873978341
533395884886016	533395909329700	533395888876209
533395899474923	533395925957630	533395906494902
533395916338286	533395942609608	533395918775216
533395933860421	533395959208078	533395937331898
533395949730742	533395975848377	533395952399525
533395966348825	533395992478830	533395969022612
533395983645741	533396009114572	533395985774159
533395999495879	533396025769764	533396003382353
533396016291696	533396042381621	533396019641997
533396033277373	533396059024891	533396038353911
533396049348743	533396075710885	533396055748117
533396066584380	533396092300689	533396072635975
533396082919341	533396108922637	533396088263416
533396099491769	533396125551950	533396105848337
533396115953032	533396142185210	533396121952829
533396132379180	533396158824736	533396139292754
533396149550973	533396175460316	533396157277617
533396165333119	533396192099435	533396173172230
533396182114979	533396208743844	533396191876128
533396198759754	533396225350656	533396207146432
533396215243722	533396241983753	533396221815296
533396231877634	533396258668975	533396238287993
533396248451242	533396275266997	533396254819976
533396264843006	533396291928333	533396273206288
533396282109567	533396308539377	533396291473052
533396298788197	533396325176462	533396307967518
533396315144561	533396341791574	533396323054839
533396331541737	533396358432931	533396338986195
533396348336537	533396375060658	533396354826283
533396365344024	533396391702625	533396371519154
533396382664011	533396408333607	533396388264108
533396398912464	533396424962473	533396404877023
533396415624419	533396441599964	533396420670643
533396431462391	533396458237171	533396436174549
533396448220855	533396474869740	533396454782012
533396464967640	533396491508493	533396470286040
533396481431467	533396508174671	533396489331003
533396498187814	533396524779571	533396507409453
533396515044300	533396541414377	533396523544829
533396531360300	533396558038278	533396538142770
533396548106597	533396574677479	533396556645985

533396115953032	533396142185210	533396121952829
533396132379180	533396158824736	533396139292754
533396149550973	533396175460316	533396157277617
533396165333119	533396192099435	533396173172230
533396182114979	533396208743844	533396191876128
533396198759754	533396225350656	533396207146432
533396215243722	533396241983753	533396221815296
533396231877634	533396258668975	533396238287993
533396248451242	533396275266997	533396254819976
533396264843006	533396291928333	533396273206288
533396282109567	533396308539377	533396291473052
533396298788197	533396325176462	533396307967518
533396315144561	533396341791574	533396323054839
533396331541737	533396358432931	533396338986195
533396348336537	533396375060658	533396354826283
533396365344024	533396391702625	533396371519154
533396382664011	533396408333607	533396388264108
533396398912464	533396424962473	533396404877023
533396415624419	533396441599964	533396420670643
533396431462391	533396458237171	533396436174549
533396448220855	533396474869740	533396454782012
533396464967640	533396491508493	533396470286040
533396481431467	533396508174671	533396489331003
533396498187814	533396524779571	533396507409453
533396515044300	533396541414377	533396523544829
533396531360300	533396558038278	533396538142770
533396548106597	533396574677479	533396556645985
533396564681670	533396591308664	533396571053171
533396581462147	533396607940459	533396587753651
533396598272694	533396624640939	533396604789336
533396615088205	533396641231068	533396621645008
533396631993397	533396657882801	533396639487334
533396648275095	533396674502023	533396654537587
533396665290313	533396691110422	533396670993519
533396682425607	533396707740305	533396688117583
533396698420847	533396724397938	533396705640410
533396715291249	533396741021351	533396724371083
533396731754912	533396757648182	533396740924916
533396747911040	533396774275624	533396755641062
533396764340362	533396790911081	533396765919097
533396781470814	533396807608998	533396782577829
533396799887684	533396824181345	533396800972116
533396814029652	533396840839833	533396818810048
533396830480254	533396857475249	533396833975534
533396847095204	533396874103220	533396849367787
533396863903147	533396890716908	533396867127797
533396880980905	533396907349110	533396884072539
533396897088612	533396924004668	533396901349802
533396913716949	533396940635162	533396918970489
533396931161040	533396957253895	533396937380604
533396946736236	533396973885446	533396952393747
533396963368804	533396990547596	533396968669992
533396980530547	533397007164621	533396986676666
533396997235137	533397023802398	533397003111968
533397013691599	533397040434641	533397021186350
533397030276926	533397057073557	533397038706369
533397046741281	533397073706776	533397056741444
533397063506581	533397090335642	533397070817657
533397080405263	533397106991037	533397086568348
533397097054026	533397123628285	533397102975738
533397113664336	533397140234649	533397121228220
533397130473785	533397156885731	533397136623931
533397147709340	533397173521311	533397150771636

533396731754912	533396757648182	533396740924916
533396747911040	533396774275624	533396755641062
533396764340362	533396790911081	533396765919097
533396781470814	533396807608998	533396782577829
533396799887684	533396824181345	533396800972116
533396814029652	533396840839833	533396818810048
533396830480254	533396857475249	533396833975534
533396847095204	533396874103220	533396849367787
533396863903147	533396890716908	533396867127797
533396880980905	533396907349110	533396884072539
533396897088612	533396924004668	533396901349802
533396913716949	533396940635162	533396918970489
533396931161040	533396957253895	533396937380604
533396946736236	533396973885446	533396952393747
533396963368804	533396990547596	533396968669992
533396980530547	533397007164621	533396986676666
533396997235137	533397023802398	533397003111968
533397013691599	533397040434641	533397021186350
533397030276926	533397057073557	533397038706369
533397046741281	533397073706776	533397056741444
533397063506581	533397090335642	533397070817657
533397080405263	533397106991037	533397086568348
533397097054026	533397123628285	533397102975738
533397113664336	533397140234649	533397121228220
533397130473785	533397156885731	533397136623931
533397147709340	533397173521311	533397150771636
533397164463775	533397190138905	533397169731272
533397181602935	533397206770538	533397185732859
533397197593495	533397223410796	533397202486358
533397214162994	533397240074859	533397220908436
533397232311960	533397256680084	533397237379953
533397247760731	533397273305409	533397253150461
533397265220733	533397289950388	533397270993682
533397281691477	533397306584503	533397286778879
533397297498362	533397323210072	533397303160512
533397314243113	533397339842681	533397320475046
533397330516225	533397356478179	533397336731150
533397347198313	533397373150095	533397354782989
533397363536488	533397389773386	533397369493642
533397380088734	533397406414866	533397386827260
533397396727488	533397423052439	533397403495595
533397413216501	533397439642364	533397420161244
533397429936513	533397456296539	533397436223622
533397445777130	533397472932159	533397453468088
533397462119659	533397489735544	533397469418202
533397478667063	533397506205149	533397487753896
533397495218780	533397522822092	533397503324981
533397511765899	533397539457753	533397519663441
533397528532297	533397556087677	533397535431671
533397545147735	533397572726064	533397551964996
533397562028350	533397589382192	533397568648183
533397578944366	533397605986806	533397587699127
533397595949615	533397622711741	533397604426503
533397612393137	533397639284047	533397619956899
533397629192494	533397655924469	533397637455922
533397646264353	533397672520212	533397654021799
533397662396637	533397689161041	533397670767812
533397679230784	533397705844350	533397685808420
533397697150787	533397722440094	533397702485626
533397713154530	533397739080881	533397719133534
533397730327382	533397755717519	533397736143056
533397746476796	533397772335805	533397752623484
533397762996897	533397788970733	533397768799998

533397314243113	533397339842681	533397320475046
533397330516225	533397356478179	533397336731150
533397347198313	533397373150095	533397354782989
533397363536488	533397389773386	533397369493642
533397380088734	533397406414866	533397386827260
533397396727488	533397423052439	533397403495595
533397413216501	533397439642364	533397420161244
533397429936513	533397456296539	533397436223622
533397445777130	533397472932159	533397453468088
533397462119659	533397489735544	533397469418202
533397478667063	533397506205149	533397487753896
533397495218780	533397522822092	533397503324981
533397511765899	533397539457753	533397519663441
533397528532297	533397556087677	533397535431671
533397545147735	533397572726064	533397551964996
533397562028350	533397589382192	533397568648183
533397578944366	533397605986806	533397587699127
533397595949615	533397622711741	533397604426503
533397612393137	533397639284047	533397619956899
533397629192494	533397655924469	533397637455922
533397646264353	533397672520212	533397654021799
533397662396637	533397689161041	533397670767812
533397679230784	533397705844350	533397685808420
533397697150787	533397722440094	533397702485626
533397713154530	533397739080881	533397719133534
533397730327382	533397755717519	533397736143056
533397746476796	533397772335805	533397752623484
533397762996897	533397788970733	533397768799998
533397779975779	533397805600738	533397786019277
533397796557932	533397822242258	533397802286000
533397813140086	533397838886098	533397819113515
533397829754587	533397855539540	533397836666738
533397846396921	533397872137359	533397853873281
533397862883168	533397888777374	533397869284495
533397879576202	533397905397044	533397886051707
533397895739044	533397922066721	533397902656199
533397912649363	533397938700429	533397919213979
533397928574005	533397955327870	533397936400828
533397945896352	533397971953074	533397954457835
533397961782704	533397988578481	533397971523834
533397978139109	533398005219798	533397985721710
533397994664500	533398021848012	533398001643219
533398011040965	533398038520335	533398018063385
533398027680369	533398055126943	533398038938548
533398044304148	533398071763255	533398054891917
533398061728302	533398088381093	533398071044952
533398077705841	533398105010610	533398083113474
533398094326487	533398121638987	533398099752228
533398110949249	533398138310781	533398116338084
533398128403351	533398154903554	533398135258982
533398145117136	533398171570750	533398153100250
533398161315501	533398188190175	533398167160716
533398177875112	533398204822784	533398183862376
533398195009186	533398221448557	533398200292348
533398212324330	533398238095856	533398217507477
533398228920034	533398254814524	533398236130930
533398245491323	533398271371857	533398255177276
533398261821604	533398287995188	533398268234039
533398278747670	533398304640208	533398281990590
533398295159658	533398321258128	533398298856801
533398311892934	533398337899200	533398316285553
533398328716502	533398354581492	533398333644480
533398345245066	533398371170766	533398350334340

533397912649363	533397938700429	533397919213979
533397928574005	533397955327870	533397936400828
533397945896352	533397971953074	533397954457835
533397961782704	533397988578481	533397971523834
533397978139109	533398005219798	533397985721710
533397994664500	533398021848012	533398001643219
533398011040965	533398038520335	533398018063385
533398027680369	533398055126943	533398038938548
533398044304148	533398071763255	533398054891917
533398061728302	533398088381093	533398071044952
533398077705841	533398105010610	533398083113474
533398094326487	533398121638987	533398099752228
533398110949249	533398138310781	533398116338084
533398128403351	533398154903554	533398135258982
533398145117136	533398171570750	533398153100250
533398161315501	533398188190175	533398167160716
533398177875112	533398204822784	533398183862376
533398195009186	533398221448557	533398200292348
533398212324330	533398238095856	533398217507477
533398228920034	533398254814524	533398236130930
533398245491323	533398271371857	533398255177276
533398261821604	533398287995188	533398268234039
533398278747670	533398304640208	533398281990590
533398295159658	533398321258128	533398298856801
533398311892934	533398337899200	533398316285553
533398328716502	533398354581492	533398333644480
533398345245066	533398371170766	533398350334340
533398361814321	533398387807566	533398367788401
533398378585317	533398404434438	533398384621775
533398394882599	533398421061391	533398400844187
533398412313710	533398437703278	533398417967234
533398428766917	533398454358103	533398437284943
533398445968699	533398470959340	533398452349640
533398461641510	533398487641998	533398468275421
533398478200429	533398504236562	533398484901723
533398493969228	533398520865143	533398501395701
533398510697703	533398537530263	533398518015371
533398527504303	533398554149933	533398537629547
533398544157420	533398571017365	533398551802806
533398560939402	533398587430613	533398571992503
533398577155263	533398604057485	533398587067047
533398593790477	533398620711497	533398599061025
533398610346222	533398637303131	533398615207428
533398627036896	533398653969228	533398632979686
533398643692006	533398670565582	533398649321279
533398660289215	533398687212718	533398665808787
533398677364980	533398703890818	533398683775665
533398693918569	533398720483348	533398701090892
533398711727366	533398737126211	533398717150340
533398727583934	533398753754710	533398733456492
533398743621735	533398770383087	533398748237376
533398760469798	533398787017975	533398764465770
533398777581940	533398803648590	533398782026194
533398794172679	533398820313344	533398798631093
533398812069285	533398836931427	533398816539907
533398827992177	533398853585276	533398835694163
533398844290924	533398870188060	533398851726675
533398860576935	533398886821279	533398865739655
533398877884471	533398903461863	533398882534292
533398893949494	533398920120392	533398898958079
533398910418244	533398936725983	533398916484039
533398927652293	533398953362580	533398935811147
533398944594228	533398969992381	533398951142568

533398544157420	533398571017365	533398551802806
533398560939402	533398587430613	533398571992503
533398577155263	533398604057485	533398587067047
533398593790477	533398620711497	533398599061025
533398610346222	533398637303131	533398615207428
533398627036896	533398653969228	533398632979686
533398643692006	533398670565582	533398649321279
533398660289215	533398687212718	533398665808787
533398677364980	533398703890818	533398683775665
533398693918569	533398720483348	533398701090892
533398711727366	533398737126211	533398717150340
533398727583934	533398753754710	533398733456492
533398743621735	533398770383087	533398748237376
533398760469798	533398787017975	533398764465770
533398777581940	533398803648590	533398782026194
533398794172679	533398820313344	533398798631093
533398812069285	533398836931427	533398816539907
533398827992177	533398853585276	533398835694163
533398844290924	533398870188060	533398851726675
533398860576935	533398886821279	533398865739655
533398877884471	533398903461863	533398882534292
533398893949494	533398920120392	533398898958079
533398910418244	533398936725983	533398916484039
533398927652293	533398953362580	533398935811147
533398944594228	533398969992381	533398951142568
533398960256256	533398986627960	533398966596100
533398977069611	533399003255361	533398983581045
533398993325958	533399019892324	533399000003205
533399009900625	533399036540558	533399016655508
533399026455475	533399053162832	533399033823476
533399043183950	533399069793081	533399052237458
533399059749746	533399086425364	533399066635854
533399076465648	533399103067698	533399083142853
533399093087718	533399119725861	533399099754751
533399109428498	533399136344961	533399116391144
533399126424795	533399152991811	533399134031362
533399143334381	533399169666372	533399153196767
533399159341787	533399186235911	533399167668000
533399176172028	533399202885610	533399183172394
533399192824738	533399219522451	533399199413890
533399209368236	533399236139842	533399214121857
533399226502228	533399252778148	533399230392446
533399242897655	533399269393463	533399246597524
533399259458161	533399286036937	533399264273997
533399276335643	533399302675894	533399281007030
533399292914826	533399319319774	533399298459259
533399309981680	533399335953400	533399315862580
533399327360301	533399352628530	533399333288076
533399342900381	533399369210765	533399349687246
533399359267690	533399385859854	533399365590648
533399376318675	533399402516877	533399382492788
533399392621165	533399419119660	533399399522248
533399409117056	533399435759634	533399415973379
533399425952546	533399452391510	533399433021353
533399442681509	533399469022899	533399452481110
533399459047435	533399485648184	533399464101553
533399475792227	533399502273468	533399477720287
533399492519155	533399518906810	533399494401886
533399509315013	533399535630809	533399512125357
533399525907787	533399552187124	533399530146515
533399542108796	533399568823680	533399547443228
533399558634756	533399585460643	533399564734691
533399575269644	533399602106517	533399581258413

533399143334381	533399169666372	533399153196767
533399159341787	533399186235911	533399167668000
533399176172028	533399202885610	533399183172394
533399192824738	533399219522451	533399199413890
533399209368236	533399236139842	533399214121857
533399226502228	533399252778148	533399230392446
533399242897655	533399269393463	533399246597524
533399259458161	533399286036937	533399264273997
533399276335643	533399302675894	533399281007030
533399292914826	533399319319774	533399298459259
533399309981680	533399335953400	533399315862580
533399327360301	533399352628530	533399333288076
533399342900381	533399369210765	533399349687246
533399359267690	533399385859854	533399365590648
533399376318675	533399402516877	533399382492788
533399392621165	533399419119660	533399399522248
533399409117056	533399435759634	533399415973379
533399425952546	533399452391510	533399433021353
533399442681509	533399469022899	533399452481110
533399459047435	533399485648184	533399464101553
533399475792227	533399502273468	533399477720287
533399492519155	533399518906810	533399494401886
533399509315013	533399535630809	533399512125357
533399525907787	533399552187124	533399530146515
533399542108796	533399568823680	533399547443228
533399558634756	533399585460643	533399564734691
533399575269644	533399602106517	533399581258413
533399592204539	533399618733633	533399599913565
533399608619538	533399635352855	533399616421540
533399625120108	533399651994497	533399632493521
533399641645905	533399668694611	533399648798330
533399658353506	533399685261302	533399666219107
533399674954051	533399701943024	533399682676056
533399691608918	533399718527945	533399699372101
533399709312083	533399735159170	533399717268220
533399725293081	533399751799836	533399733001333
533399741607860	533399768421662	533399750315257
533399758092276	533399785063548	533399764726390
533399774860871	533399801732941	533399781658356
533399791656729	533399818344229	533399798290192
533399808496410	533399834971752	533399816584544
533399825690461	533399851599030	533399835072297
533399841894969	533399868242178	533399850841828
533399858259919	533399884862987	533399862525381
533399874933991	533399901495881	533399880062368
533399891698029	533399918138011	533399896610505
533399908838085	533399934761953	533399913533072
533399925360423	533399951398998	533399930912547
533399942074698	533399968038768	533399948475047
533399958547232	533399984679963	533399965822419
533399975281851	533400001304230	533399984377717
533399991389069	533400017937694	533399998138988
533400008483877	533400034625601	533400014456208
533400025123444	533400051208161	533400030920035
533400041533316	533400067873566	533400049366161
533400057669953	533400084477163	533400066331615
533400074503612	533400101107819	533400082323680
533400091054068	533400117747020	533400095279247
533400107698314	533400134376333	533400111980500
533400124366039	533400151027538	533400128627310
533400141478872	533400167659984	533400146539989
533400158756216	533400184288361	533400164355744
533400173930614	533400200911246	533400179177196

533399741607860	533399768421662	533399750315257
533399758092276	533399785063548	533399764726390
533399774860871	533399801732941	533399781658356
533399791656729	533399818344229	533399798290192
533399808496410	533399834971752	533399816584544
533399825690461	533399851599030	533399835072297
533399841894969	533399868242178	533399850841828
533399858259919	533399884862987	533399862525381
533399874933991	533399901495881	533399880062368
533399891698029	533399918138011	533399896610505
533399908838085	533399934761953	533399913533072
533399925360423	533399951398998	533399930912547
533399942074698	533399968038768	533399948475047
533399958547232	533399984679963	533399965822419
533399975281851	533400001304230	533399984377717
533399991389069	533400017937694	533399998138988
533400008483877	533400034625601	533400014456208
533400025123444	533400051208161	533400030920035
533400041533316	533400067873566	533400049366161
533400057669953	533400084477163	533400066331615
533400074503612	533400101107819	533400082323680
533400091054068	533400117747020	533400095279247
533400107698314	533400134376333	533400111980500
533400124366039	533400151027538	533400128627310
533400141478872	533400167659984	533400146539989
533400158756216	533400184288361	533400164355744
533400173930614	533400200911246	533400179177196
533400190720938	533400217552928	533400194773632
533400207161530	533400234189973	533400211970816
533400223661612	533400250814159	533400228411327
533400240656892	533400267459992	533400246327343
533400257382071	533400284082836	533400262664379
533400273971955	533400300726757	533400280398510
533400290701936	533400317362458	533400296823233
533400307265778	533400333995027	533400313652212
533400324921947	533400350755687	533400333378897
533400341263378	533400367255240	533400351148835
533400357194449	533400383890819	533400362021353
533400373797598	533400400529247	533400378341543
533400390597362	533400417186270	533400395060049
533400407036205	533400433807567	533400412475292
533400424475088	533400450427725	533400429607820
533400441050650	533400467067089	533400447640860
533400457195222	533400483703563	533400464710196
533400474142691	533400500331656	533400481298412
533400490243806	533400516954011	533400497618440
533400506861197	533400533659944	533400513444245
533400523543814	533400550275992	533400530636343
533400540395580	533400566873241	533400547507437
533400556733186	533400583493033	533400564105134
533400573445181	533400600189281	533400580543489
533400590120189	533400616764192	533400597834789
533400607240591	533400633422029	533400614024201
533400624208812	533400650051545	533400630271801
533400639869335	533400666676098	533400647291658
533400657046174	533400683306184	533400665150422
533400673227611	533400699949494	533400679943757
533400689782177	533400716570303	533400696760123
533400706868155	533400733210155	533400713838126
533400723736848	533400749840364	533400730424958
533400739807730	533400766475862	533400746123974
533400757563671	533400783154288	533400762781566
533400772698843	533400799745596	533400779360831

533400390597362	533400417186270	533400395060049
533400407036205	533400433807567	533400412475292
533400424475088	533400450427725	533400429607820
533400441050650	533400467067089	533400447640860
533400457195222	533400483703563	533400464710196
533400474142691	533400500331656	533400481298412
533400490243806	533400516954011	533400497618440
533400506861197	533400533659944	533400513444245
533400523543814	533400550275992	533400530636343
533400540395580	533400566873241	533400547507437
533400556733186	533400583493033	533400564105134
533400573445181	533400600189281	533400580543489
533400590120189	533400616764192	533400597834789
533400607240591	533400633422029	533400614024201
533400624208812	533400650051545	533400630271801
533400639869335	533400666676098	533400647291658
533400657046174	533400683306184	533400665150422
533400673227611	533400699949494	533400679943757
533400689782177	533400716570303	533400696760123
533400706868155	533400733210155	533400713838126
533400723736848	533400749840364	533400730424958
533400739807730	533400766475862	533400746123974
533400757563671	533400783154288	533400762781566
533400772698843	533400799745596	533400779360831
533400789074006	533400816381217	533400795440421
533400806552278	533400833023917	533400812130891
533400822535229	533400849720369	533400830078564
533400839341177	533400866303173	533400846877148
533400856176057	533400882916739	533400865581697
533400872718456	533400899550569	533400880685253
533400889385733	533400916180859	533400895872916
533400906122061	533400932822541	533400912514192
533400923576936	533400949478507	533400929226065
533400941072786	533400966137117	533400952422354
533400957911042	533400982746858	533400966920523
533400973335318	533400999393057	533400980745352
533400990069083	533401016004711	533400997125154
533401006251130	533401032708650	533401013692740
533401023189485	533401049248201	533401028724478
533401039911938	533401065889233	533401044699413
533401056566438	533401082520092	533401061914583
533401073355256	533401099165193	533401077826977
533401089755118	533401115794465	533401094830883
533401106413199	533401132427888	533401112673534
533401123302970	533401149067130	533401129659415
533401140190868	533401165710847	533401146127229
533401156492667	533401182328157	533401163969433
533401172548738	533401198966951	533401179519238
533401188891633	533401215605012	533401195969921
533401205845125	533401232249137	533401212592073
533401222756908	533401248877270	533401230724275
533401239761995	533401265556021	533401246032462
533401255429312	533401282135042	533401264300406
533401271858268	533401298790315	533401278573884
533401288733756	533401315420605	533401295076855
533401305198478	533401332070385	533401313135326
533401321886791	533401348752921	533401331031607
533401338428010	533401365298250	533401347575756
533401355132519	533401381945792	533401363658235
533401371456005	533401398640413	533401378180004
533401388307120	533401415208080	533401394913159
533401404758699	533401431860139	533401411598176
533401422137036	533401448494539	533401428592561

533400990069083	533401016004711	533400997125154
533401006251130	533401032708650	533401013692740
533401023189485	533401049248201	533401028724478
533401039911938	533401065889233	533401044699413
533401056566438	533401082520092	533401061914583
533401073355256	533401099165193	533401077826977
533401089755118	533401115794465	533401094830883
533401106413199	533401132427888	533401112673534
533401123302970	533401149067130	533401129659415
533401140190868	533401165710847	533401146127229
533401156492667	533401182328157	533401163969433
533401172548738	533401198966951	533401179519238
533401188891633	533401215605012	533401195969921
533401205845125	533401232249137	533401212592073
533401222756908	533401248877270	533401230724275
533401239761995	533401265556021	533401246032462
533401255429312	533401282135042	533401264300406
533401271858268	533401298790315	533401278573884
533401288733756	533401315420605	533401295076855
533401305198478	533401332070385	533401313135326
533401321886791	533401348752921	533401331031607
533401338428010	533401365298250	533401347575756
533401355132519	533401381945792	533401363658235
533401371456005	533401398640413	533401378180004
533401388307120	533401415208080	533401394913159
533401404758699	533401431860139	533401411598176
533401422137036	533401448494539	533401428592561
533401438329174	533401465115999	533401446236441
533401454943229	533401481743522	533401462653352
533401471968538	533401498422924	533401480455110
533401488371085	533401515045198	533401496378979
533401505233024	533401531757193	533401514062166
533401522618806	533401548305859	533401531450675
533401538630525	533401564931998	533401547797477
533401555180737	533401581577791	533401562041455
533401572067537	533401598179353	533401578207348
533401588864859	533401614823315	533401593775016
533401606107495	533401631445467	533401610514355
533401622730745	533401648113435	533401630485872
533401639178417	533401664745841	533401646172477
533401655906811	533401681355826	533401660761140
533401672848299	533401697996655	533401680258862
533401689028393	533401714624462	533401693616650
533401705709952	533401731260530	533401709979646
533401721535839	533401747908927	533401727673128
533401738411897	533401764560864	533401744292146
533401755027010	533401781179150	533401760690299
533401771227368	533401797829296	533401778478548
533401787768790	533401814478182	533401795990389
533401804073030	533401831089021	533401812641430
533401824376863	533401847702343	533401829807283
533401838006665	533401864344067	533401845919059
533401854088777	533401880999462	533401864581168
533401870625073	533401897637158	533401879018912
533401887217317	533401914261466	533401895034578
533401903966219	533401930876049	533401911705802
533401921162019	533401947501985	533401928432649
533401938089632	533401964165397	533401944734733
533401955053987	533401980782666	533401962323152
533401971013012	533402014033846	533401979725211
533401988619539	533402030676302	533401996337923
533402004263419	533402047322094	533402027664502
533402037613761	533402063958162	533402044311637

533402336426465	533402363371452	533402343175610
533402353001701	533402379993766	533402360311759
533402369708528	533402396618074	533402377901929
533402386222648	533402413276969	533402393968457
533402402927645	533402429928662	533402411916984
533402419033805	533402446543286	533402426617627
533402435694287	533402463156527	533402445013786
533402452154411	533402479814038	533402461129752
533402468613639	533402496431795	533402476590934
533402485407991	533402513066805	533402492908724
533402502188753	533402529698356	533402508973096
533402519041089	533402546329704	533402525609774
533402535986971	533402562972648	533402542349113
533402553065666	533402579590934	533402558790967
533402570061271	533402596246452	533402576074292
533402589256787	533402612881991	533402593497428
533402603858879	533402629521964	533402610172396
533402619832755	533402646135368	533402625750806
533402636118644	533402662773836	533402644609285
533402652957756	533402679403923	533402659089469
533402669646476	533402696034049	533402676358634
533402686505037	533402712662305	533402692442497
533402703187492	533402729302116	533402710893424
533402719487948	533402745959831	533402725511914
533402735992424	533402762567537	533402742305656
533402752555168	533402779235750	533402758964063
533402769390007	533402795832349	533402776240755
533402786310417	533402812497428	533402792546419
533402802499341	533402829124992	533402810397046
533402819326164	533402845751538	533402826505363
533402835392896	533402862384676	533402842262606
533402851996208	533402879011263	533402859294466
533402868647860	533402895733472	533402876308016
533402885433301	533402912284904	533402893597241
533402902112337	533402928912223	533402910391065
533402918688794	533402945552726	533402925729972
533402935699089	533402962187451	533402942048942
533402952118929	533402978821932	533402958466463
533402969185417	533402995477938	533402975873771
533402986384676	533403012092765	533402992967603
533403003309074	533403028725985	533403011495150
533403018605664	533403045360140	533403028664868
533403035031974	533403062022372	533403041340446
533403051497388	533403078686597	533403057822583
533403068371371	533403095254631	533403074905469
533403084964103	533403111897901	533403091444206
533403102318473	533403128649854	533403110461581
533403118574455	533403145183586	533403126770581
533403135493522	533403161792269	533403144984937
533403151963127	533403178427604	533403161246289
533403168453117	533403195081779	533403175473218
533403185490145	533403211691846	533403191206210
533403201908277	533403228320589	533403207620353
533403218943921	533403244966870	533403224361849
533403235473544	533403261726677	533403243218620
533403252074129	533403278279737	533403260174675
533403269496737	533403294871696	533403278558952
533403285187736	533403311500236	533403292484611
533403302060173	533403328127149	533403310713493
533403318293937	533403344775993	533403325321078
533403334907748	533403361441195	533403343339266
533403351315340	533403378038322	533403361144117
533403368421542	533403394684359	533403378685091

533402952118929	533402978821932	533402958466463
533402969185417	533402995477938	533402975873771
533402986384676	533403012092765	533402992967603
533403003309074	533403028725985	533403011495150
533403018605664	533403045360140	533403028664868
533403035031974	533403062022372	533403041340446
533403051497388	533403078686597	533403057822583
533403068371371	533403095254631	533403074905469
533403084964103	533403111897901	533403091444206
533403102318473	533403128649854	533403110461581
533403118574455	533403145183586	533403126770581
533403135493522	533403161792269	533403144984937
533403151963127	533403178427604	533403161246289
533403168453117	533403195081779	533403175473218
533403185490145	533403211691846	533403191206210
533403201908277	533403228320589	533403207620353
533403218943921	533403244966870	533403224361849
533403235473544	533403261726677	533403243218620
533403252074129	533403278279737	533403260174675
533403269496737	533403294871696	533403278558952
533403285187736	533403311500236	533403292484611
533403302060173	533403328127149	533403310713493
533403318293937	533403344775993	533403325321078
533403334907748	533403361441195	533403343339266
533403351315340	533403378038322	533403361144117
533403368421542	533403394684359	533403378685091
533403384488924	533403411305575	533403392852165
533403400939608	533403427943392	533403407697909
533403417905917	533403444568433	533403424375033
533403434343579	533403461242790	533403441109896
533403450994214	533403477838615	533403458146355
533403467790682	533403494482984	533403475455437
533403484675936	533403511115959	533403492087191
533403501828809	533403527744987	533403510746289
533403517992465	533403544370028	533403522715243
533403534380038	533403561009229	533403539281161
533403551243604	533403577655062	533403556125481
533403568578199	533403594280957	533403572861809
533403584901197	533403610931918	533403590550855
533403601648633	533403627646680	533403609810905
533403617268669	533403644197990	533403625379550
533403633821119	533403660872347	533403641295036
533403650585889	533403677465975	533403655816561
533403667139926	533403694087395	533403673872063
533403684737297	533403710716626	533403691277051
533403701281609	533403727347730	533403706353305
533403717988762	533403743992058	533403722121737
533403734666171	533403760630770	533403738788404
533403751111687	533403777261264	533403755902255
533403767993726	533403793892448	533403773114332
533403784636019	533403810529696	533403791730990
533403800989128	533403827220899	533403806906771
533403818252068	533403843792432	533403825521477
533403834027662	533403860418694	533403840455844
533403850352043	533403877052239	533403856117505
533403866959140	533403893715284	533403872735141
533403884644971	533403910333936	533403889762932
533403900269320	533403926993604	533403908944410
533403916845574	533403943661980	533403924789380
533403933993075	533403960238640	533403938521640
533403950131910	533403976867709	533403953864983
533403966766309	533403993508578	533403971042392
533403983592400	533404010134433	533403989454745

533403551243604	533403577655062	533403556125481
533403568578199	533403594280957	533403572861809
533403584901197	533403610931918	533403590550855
533403601648633	533403627646680	533403609810905
533403617268669	533403644197990	533403625379550
533403633821119	533403660872347	533403641295036
533403650585889	533403677465975	533403655816561
533403667139926	533403694087395	533403673872063
533403684737297	533403710716626	533403691277051
533403701281609	533403727347730	533403706353305
533403717988762	533403743992058	533403722121737
533403734666171	533403760630770	533403738788404
533403751111687	533403777261264	533403755902255
533403767993726	533403793892448	533403773114332
533403784636019	533403810529696	533403791730990
533403800989128	533403827220899	533403806906771
533403818252068	533403843792432	533403825521477
533403834027662	533403860418694	533403840455844
533403850352043	533403877052239	533403856117505
533403866959140	533403893715284	533403872735141
533403884644971	533403910333936	533403889762932
533403900269320	533403926993604	533403908944410
533403916845574	533403943661980	533403924789380
533403933993075	533403960238640	533403938521640
533403950131910	533403976867709	533403953864983
533403966766309	533403993508578	533403971042392
533403983592400	533404010134433	533403989454745
533403999989535	533404026767571	533404004996737
533404016526238	533404043425652	533404021687777
533404033289787	533404060069898	533404040344271
533404049972730	533404076677198	533404056423210
533404066752190	533404093318596	533404074192497
533404083189324	533404109946811	533404090637851
533404099865675	533404126601596	533404106305535
533404116875359	533404143232659	533404122822624
533404134488111	533404159848992	533404139644524
533404150619825	533404176488925	533404155978468
533404166743767	533404209771925	533404172729241
533404183756177	533404226407219	533404193892815
533404199677117	533404243029981	533404223983798
533404233122714	533404259773593	533404240454420
533404250229281	533404276284376	533404256843946
533404267206373	533404292917392	533404272728020
533404283968783	533404309558546	533404289883904
533404300102613	533404326194410	533404305977735
533404316616773	533404342827833	533404322503573
533404333184604	533404359444736	533404340230055
533404349704013	533404376116895	533404355895297
533404366955111	533404392942498	533404373037672
533404384149529	533404409379347	533404393849643
533404399911614	533404425980828	533404408120435
533404416335198	533404442676954	533404420711337
533404432386467	533404459252190	533404436310092
533404448952385	533404475896599	533404453302279
533404466298902	533404492535068	533404470066602
533404482439242	533404509166293	533404489088372
533404498998162	533404525787875	533404509288770
533404515383497	533404542419060	533404521785597
533404532704989	533404559089104	533404536664544
533404548587476	533404575694451	533404552770826
533404565636915	533404592354241	533404569821729
533404581756666	533404608969068	533404588490186
533404598551466	533404625597364	533404604640658

533404166743767	533404209771925	533404172729241
533404183756177	533404226407219	533404193892815
533404199677117	533404243029981	533404223983798
533404233122714	533404259773593	533404240454420
533404250229281	533404276284376	533404256843946
533404267206373	533404292917392	533404272728020
533404283968783	533404309558546	533404289883904
533404300102613	533404326194410	533404305977735
533404316616773	533404342827833	533404322503573
533404333184604	533404359444736	533404340230055
533404349704013	533404376116895	533404355895297
533404366955111	533404392942498	533404373037672
533404384149529	533404409379347	533404393849643
533404399911614	533404425980828	533404408120435
533404416335198	533404442676954	533404420711337
533404432386467	533404459252190	533404436310092
533404448952385	533404475896599	533404453302279
533404466298902	533404492535068	533404470066602
533404482439242	533404509166293	533404489088372
533404498998162	533404525787875	533404509288770
533404515383497	533404542419060	533404521785597
533404532704989	533404559089104	533404536664544
533404548587476	533404575694451	533404552770826
533404565636915	533404592354241	533404569821729
533404581756666	533404608969068	533404588490186
533404598551466	533404625597364	533404604640658
533404615100213	533404642244459	533404620909864
533404631833774	533404658883253	533404638010165
533404648501132	533404675496738	533404655807691
533404665245476	533404692136712	533404671469719
533404682040520	533404708771030	533404689738030
533404698756381	533404725417717	533404704990024
533404715325229	533404742037916	533404722370720
533404731974114	533404758683058	533404738537916
533404748647779	533404775339715	533404756438754
533404765316562	533404791970248	533404772303093
533404782049065	533404808657545	533404789813673
533404798845696	533404825205600	533404807394036
533404815266757	533404841843092	533404821321323
533404832915968	533404858512037	533404838147942
533404849632032	533404875118889	533404854788404
533404866186435	533404891786329	533404873089511
533404883512037	533404908394687	533404892180006
533404898979526	533404925009555	533404907875115
533404915866041	533404941699090	533404919910637
533404932850009	533404958278964	533404936569288
533404948646681	533404974923374	533404953383863
533404965551059	533404991616652	533404970048414
533404981722486	533405008186679	533404986868727
533404998236077	533405024836704	533405009889519
533405015866041	533405041461012	533405024491407
533405031363193	533405058118361	533405038207024
533405047859287	533405074742832	533405054269524
533405064567498	533405091353834	533405070777662
533405081275506	533405108010369	533405088067132
533405097960971	533405124638990	533405108250563
533405114733920	533405141246494	533405123854445
533405131193637	533405157942864	533405136597202
533405147821323	533405174526197	533405151737054
533405164932041	533405191219231	533405169638339
533405181158725	533405207819085	533405187163079
533405197534091	533405224419223	533405205279412
533405215037428	533405241069980	533405222514845

533404798845696	533404825205600	533404807394036
533404815266757	533404841843092	533404821321323
533404832915968	533404858512037	533404838147942
533404849632032	533404875118889	533404854788404
533404866186435	533404891786329	533404873089511
533404883512037	533404908394687	533404892180006
533404898979526	533404925009555	533404907875115
533404915866041	533404941699090	533404919910637
533404932850009	533404958278964	533404936569288
533404948646681	533404974923374	533404953383863
533404965551059	533404991616652	533404970048414
533404981722486	533405008186679	533404986868727
533404998236077	533405024836704	533405009889519
533405015866041	533405041461012	533405024491407
533405031363193	533405058118361	533405038207024
533405047859287	533405074742832	533405054269524
533405064567498	533405091353834	533405070777662
533405081275506	533405108010369	533405088067132
533405097960971	533405124638990	533405108250563
533405114733920	533405141246494	533405123854445
533405131193637	533405157942864	533405136597202
533405147821323	533405174526197	533405151737054
533405164932041	533405191219231	533405169638339
533405181158725	533405207819085	533405187163079
533405197534091	533405224419223	533405205279412
533405215037428	533405241069980	533405222514845
533405231431919	533405257728590	533405237585971
533405247404290	533405274333164	533405254354485
533405263852532	533405290973667	533405270720289
533405281060255	533405307719964	533405287544183
533405297435092	533405324240756	533405306581862
533405314038567	533405340864210	533405324506056
533405330912591	533405357491123	533405339243849
533405347668247	533405374137526	533405354857374
533405364491408	533405390773878	533405370805576
533405381607618	533405407435988	533405387400099
533405397660963	533405424041497	533405407515537
533405414332391	533405440666782	533405423491733
533405430941969	533405457334751	533405435987461
533405447543450	533405473931919	533405451209222
533405464969679	533405490607944	533405467248203
533405481574415	533405507201206	533405484594394
533405497849725	533405523833652	533405501373284
533405514840814	533405540475823	533405518330804
533405531756544	533405557104485	533405536241692
533405547736321	533405573750685	533405552802361
533405564412672	533405590372715	533405570510044
533405581454583	533405607049513	533405587501173
533405597854485	533405623693556	533405604737135
533405614149489	533405640298455	533405620287469
533405630858270	533405656924269	533405636980055
533405647231805	533405673683017	533405655316155
533405663237339	533405690179925	533405671279290
533405680231642	533405706816522	533405686774774
533405696654168	533405723443434	533405705327386
533405713168735	533405740112990	533405719810255
533405729800286	533405756735101	533405738308872
533405746509189	533405773360915	533405754519647
533405763197829	533405789982293	533405772989373
533405779726190	533405806617710	533405788684686
533405796595208	533405823252679	533405803834792
533405813004876	533405839892978	533405820100376
533405830577142	533405856541538	533405836705478

533405397660963	533405424041497	533405407515537
533405414332391	533405440666782	533405423491733
533405430941969	533405457334751	533405435987461
533405447543450	533405473931919	533405451209222
533405464969679	533405490607944	533405467248203
533405481574415	533405507201206	533405484594394
533405497849725	533405523833652	533405501373284
533405514840814	533405540475823	533405518330804
533405531756544	533405557104485	533405536241692
533405547736321	533405573750685	533405552802361
533405564412672	533405590372715	533405570510044
533405581454583	533405607049513	533405587501173
533405597854485	533405623693556	533405604737135
533405614149489	533405640298455	533405620287469
533405630858270	533405656924269	533405636980055
533405647231805	533405673683017	533405655316155
533405663237339	533405690179925	533405671279290
533405680231642	533405706816522	533405686774774
533405696654168	533405723443434	533405705327386
533405713168735	533405740112990	533405719810255
533405729800286	533405756735101	533405738308872
533405746509189	533405773360915	533405754519647
533405763197829	533405789982293	533405772989373
533405779726190	533405806617710	533405788684686
533405796595208	533405823252679	533405803834792
533405813004876	533405839892978	533405820100376
533405830577142	533405856541538	533405836705478
533405846291090	533405873207594	533405854096348
533405863312900	533405889792637	533405873400303
533405879522414	533405906423252	533405886747755
533405896387526	533405923054274	533405902471632
533405913033074	533405939688389	533405918670363
533405930912266	533405956328729	533405935480788
533405947017490	533405972971632	533405953168288
533405963691237	533405989644565	533405970470778
533405980560418	533406006227533	533405986622430
533405996509108	533406022860671	533406004950107
533406012875034	533406039631911	533406019260776
533406029509312	533406056126499	533406036099440
533406046106113	533406072804844	533406052725335
533406063191969	533406089430536	533406069911167
533406080200230	533406106032220	533406087218499
533406096367140	533406122669915	533406103731805
533406112591506	533406139296136	533406119367222
533406129110549	533406155939772	533406137321486
533406146480747	533406172564976	533406153740676
533406163013177	533406189214715	533406171019362
533406179474847	533406205835972	533406188169834
533406195966017	533406222465855	533406204543695
533406212484287	533406239127232	533406219868565
533406229674758	533406255742018	533406236540562
533406246066441	533406272370518	533406253160760
533406262833530	533406289018019	533406269848748
533406279184767	533406305654779	533406287687575
533406295650669	533406322276524	533406305133294
533406311939325	533406338921869	533406319108962
533406329163202	533406355567458	533406335826613
533406344976719	533406372205723	533406352325840
533406361651524	533406388820062	533406369109084
533406378465936	533406405449457	533406385605462
533406395714634	533406422078892	533406404271681
533406411805129	533406438736810	533406419984247
533406429004348	533406455353672	533406437076857

533406046106113	533406072804844	533406052725335
533406063191969	533406089430536	533406069911167
533406080200230	533406106032220	533406087218499
533406096367140	533406122669915	533406103731805
533406112591506	533406139296136	533406119367222
533406129110549	533406155939772	533406137321486
533406146480747	533406172564976	533406153740676
533406163013177	533406189214715	533406171019362
533406179474847	533406205835972	533406188169834
533406195966017	533406222465855	533406204543695
533406212484287	533406239127232	533406219868565
533406229674758	533406255742018	533406236540562
533406246066441	533406272370518	533406253160760
533406262833530	533406289018019	533406269848748
533406279184767	533406305654779	533406287687575
533406295650669	533406322276524	533406305133294
533406311939325	533406338921869	533406319108962
533406329163202	533406355567458	533406335826613
533406344976719	533406372205723	533406352325840
533406361651524	533406388820062	533406369109084
533406378465936	533406405449457	533406385605462
533406395714634	533406422078892	533406404271681
533406411805129	533406438736810	533406419984247
533406429004348	533406455353672	533406437076857
533406445055576	533406471990676	533406453572992
533406461588535	533406488618402	533406469987095
533406478473708	533406505260126	533406486389479
533406495369501	533406521895176	533406503631748
533406515538527	533406538589146	533406519266514
533406529032261	533406555171258	533406536417474
533406545833490	533406571805007	533406551925002
533406562773513	533406588436192	533406570198928
533406579069208	533406605084588	533406586606765
533406596197951	533406621731276	533406606313959
533406612052606	533406638345738	533406619519566
533406628856480	533406654960606	533406634753900
533406645788771	533406671591831	533406651151890
533406662125238	533406688236810	533406667657180
533406679348260	533406704870884	533406684499628
533406695965000	533406721522902	533406702726353
533406712136590	533406738148106	533406718520542
533406729081944	533406754777582	533406735464838
533406744838739	533406771419143	533406751359125
533406762014235	533406788070957	533406768959304
533406778998326	533406804698846	533406784198399
533406794709914	533406821299148	533406800399367
533406811362665	533406837942133	533406817355218
533406828082269	533406854567539	533406834013788
533406844804641	533406871212803	533406850421299
533406864215163	533406887848179	533406868353672
533406877479608	533406904489862	533406886803176
533406893888584	533406921111851	533406900190749
533406910057855	533406937731724	533406918976678
533406926787429	533406954409133	533406934678542
533406943399652	533406971039463	533406951148716
533406960152460	533406987690057	533406969047520
533406977639276	533407004298171	533406986826247
533406994412958	533407020904901	533407003929600
533407010412876	533407037615554	533407019647211
533407026943882	533407054204665	533407034475783
533407043757847	533407070813877	533407051224847
533407060652216	533407087468174	533407067582676
533407078040114	533407104086135	533407084375604

533406679348260	533406704870884	533406684499628
533406695965000	533406721522902	533406702726353
533406712136590	533406738148106	533406718520542
533406729081944	533406754777582	533406735464838
533406744838739	533406771419143	533406751359125
533406762014235	533406788070957	533406768959304
533406778998326	533406804698846	533406784198399
533406794709914	533406821299148	533406800399367
533406811362665	533406837942133	533406817355218
533406828082269	533406854567539	533406834013788
533406844804641	533406871212803	533406850421299
533406864215163	533406887848179	533406868353672
533406877479608	533406904489862	533406886803176
533406893888584	533406921111851	533406900190749
533406910057855	533406937731724	533406918976678
533406926787429	533406954409133	533406934678542
533406943399652	533406971039463	533406951148716
533406960152460	533406987690057	533406969047520
533406977639276	533407004298171	533406986826247
533406994412958	533407020904901	533407003929600
533407010412876	533407037615554	533407019647211
533407026943882	533407054204665	533407034475783
533407043757847	533407070813877	533407051224847
533407060652216	533407087468174	533407067582676
533407078040114	533407104086135	533407084375604
533407094688308	533407120715570	533407101470575
533407111020665	533407137361770	533407118523472
533407127897780	533407153983759	533407136124262
533407144529779	533407170642287	533407151832839
533407161713943	533407187267735	533407168876378
533407180610753	533407203903152	533407185859898
533407195214716	533407220553420	533407203070795
533407211730300	533407237169184	533407221148106
533407227716018	533407253794550	533407234724278
533407244670079	533407270456618	533407250559971
533407261698277	533407287068760	533407267363845
533407278320144	533407303701492	533407283947707
533407294179966	533407320336216	533407302572463
533407310880487	533407336986119	533407318492914
533407327588373	533407353649286	533407333973668
533407343901117	533407370224848	533407350525832
533407360754226	533407386854771	533407366829096
533407376869949	533407403498285	533407383711501
533407395457310	533407420134516	533407401431269
533407409995111	533407436794631	533407418693191
533407426768264	533407453399856	533407436401646
533407442641677	533407470056594	533407450533848
533407459184280	533407486665725	533407466513829
533407476208246	533407503313796	533407483277541
533407492987462	533407519982660	533407501571121
533407509524449	533407536587966	533407517185460
533407525561233	533407553240717	533407534437860
533407542454706	533407569843948	533407551422764
533407559143630	533407586493280	533407567319941
533407575852737	533407603209508	533407583075067
533407592760207	533407619739903	533407599825434
533407609371658	533407636403233	533407616843093
533407626165033	533407653020868	533407633028070
533407643389399	533407669656570	533407651088007
533407660503331	533407686278070	533407666728103
533407678047398	533407702948155	533407683450027
533407693651361	533407719579381	533407701089024
533407710350133	533407736184687	533407719717076

533407294179966	533407320336216	533407302572463
533407310880487	533407336986119	533407318492914
533407327588373	533407353649286	533407333973668
533407343901117	533407370224848	533407350525832
533407360754226	533407386854771	533407366829096
533407376869949	533407403498285	533407383711501
533407395457310	533407420134516	533407401431269
533407409995111	533407436794631	533407418693191
533407426768264	533407453399856	533407436401646
533407442641677	533407470056594	533407450533848
533407459184280	533407486665725	533407466513829
533407476208246	533407503313796	533407483277541
533407492987462	533407519982660	533407501571121
533407509524449	533407536587966	533407517185460
533407525561233	533407553240717	533407534437860
533407542454706	533407569843948	533407551422764
533407559143630	533407586493280	533407567319941
533407575852737	533407603209508	533407583075067
533407592760207	533407619739903	533407599825434
533407609371658	533407636403233	533407616843093
533407626165033	533407653020868	533407633028070
533407643389399	533407669656570	533407651088007
533407660503331	533407686278070	533407666728103
533407678047398	533407702948155	533407683450027
533407693651361	533407719579381	533407701089024
533407710350133	533407736184687	533407719717076
533407726496943	533407752813390	533407733827143
533407743277338	533407769461664	533407748867060
533407760611648	533407786089919	533407765635085
533407776875686	533407802735549	533407782379796
533407793527013	533407819365798	533407807442865
533407810164952	533407835993321	533407821963617
533407826753250	533407852613845	533407834847651
533407843561925	533407869275141	533407845754755
533407860332962	533407885893264	533407860681513
533407876888300	533407902520462	533407878129877
533407892868809	533407919154373	533407894658767
533407909324946	533407935803705	533407911688268
533407925991978	533407952434565	533407928729893
533407942659988	533407969063471	533407946782953
533407959739496	533407985757197	533407963099563
533407975355870	533408002320307	533407979622065
533407991317581	533408018972895	533407996598017
533408008300369	533408035707840	533408013517084
533408025083409	533408052227534	533408032777826
533408041891555	533408068872105	533408049283523
533408057892003	533408085511062	533408063693883
533408074915563	533408102164138	533408080521682
533408091585932	533408118863764	533408097844965
533408108390904	533408135416661	533408115211420
533408124990107	533408152044265	533408132877151
533408141510452	533408168727371	533408147407954
533408158301142	533408185310867	533408163920527
533408175142898	533408201947097	533408182493525
533408191914138	533408218567906	533408197673456
533408208545974	533408235207718	533408213480789
533408225211583	533408251834996	533408230403885
533408241863276	533408268485061	533408247653762
533408259212193	533408285123815	533408264412267
533408276261551	533408301770218	533408282827265
533408292579829	533408318380651	533408298804438
533408309049637	533408335016962	533408316728307
533408325689407	533408351700109	533408332523880

533407909324946	533407935803705	533407911688268
533407925991978	533407952434565	533407928729893
533407942659988	533407969063471	533407946782953
533407959739496	533407985757197	533407963099563
533407975355870	533408002320307	533407979622065
533407991317581	533408018972895	533407996598017
533408008300369	533408035707840	533408013517084
533408025083409	533408052227534	533408032777826
533408041891555	533408068872105	533408049283523
533408057892003	533408085511062	533408063693883
533408074915563	533408102164138	533408080521682
533408091585932	533408118863764	533408097844965
533408108390904	533408135416661	533408115211420
533408124990107	533408152044265	533408132877151
533408141510452	533408168727371	533408147407954
533408158301142	533408185310867	533408163920527
533408175142898	533408201947097	533408182493525
533408191914138	533408218567906	533408197673456
533408208545974	533408235207718	533408213480789
533408225211583	533408251834996	533408230403885
533408241863276	533408268485061	533408247653762
533408259212193	533408285123815	533408264412267
533408276261551	533408301770218	533408282827265
533408292579829	533408318380651	533408298804438
533408309049637	533408335016962	533408316728307
533408325689407	533408351700109	533408332523880
533408342536575	533408368284215	533408347880284
533408359241368	533408384929072	533408365294062
533408376235672	533408401596959	533408382910070
533408392149612	533408418167150	533408398503168
533408410613642	533408434860835	533408415389684
533408425083084	533408451438960	533408426269526
533408441859939	533408468083654	533408443946691
533408458917109	533408484713007	533408461365473
533408475204259	533408501352005	533408479251297
533408492108149	533408517981603	533408496395299
533408508746007	533408534703201	533408513265864
533408525678990	533408551251256	533408530801549
533408541749913	533408567889969	533408547534581
533408558597325	533408584560786	533408563993362
533408575060786	533408601165278	533408581137690
533408591025833	533408617799840	533408597933670
533408607407099	533408634498693	533408615751256
533408624342890	533408651093175	533408635004796
533408640434565	533408667760737	533408649936111
533408657098383	533408684325963	533408666217361
533408673743200	533408700958776	533408681584142
533408690316157	533408717588821	533408698894404
533408707197830	533408734229528	533408713795690
533408724080805	533408750898229	533408731077509
533408740753901	533408767487218	533408747125198
533408758122431	533408784139358	533408763800939
533408774351191	533408800771479	533408782063634
533408790781611	533408817427119	533408797420242
533408807503250	533408834038976	533408815494217
533408824149368	533408850686233	533408831575109
533408840759598	533408867293615	533408846843460
533408857903315	533408883947301	533408863498123
533408875019485	533408900672887	533408880473180
533408890687047	533408917231115	533408898030675
533408907529088	533408933848994	533408915508092
533408924167191	533408950476720	533408931843908
533408940995845	533408967114904	533408947440547

533408541749913	533408567889969	533408547534581
533408558597325	533408584560786	533408563993362
533408575060786	533408601165278	533408581137690
533408591025833	533408617799840	533408597933670
533408607407099	533408634498693	533408615751256
533408624342890	533408651093175	533408635004796
533408640434565	533408667760737	533408649936111
533408657098383	533408684325963	533408666217361
533408673743200	533408700958776	533408681584142
533408690316157	533408717588821	533408698894404
533408707197830	533408734229528	533408713795690
533408724080805	533408750898229	533408731077509
533408740753901	533408767487218	533408747125198
533408758122431	533408784139358	533408763800939
533408774351191	533408800771479	533408782063634
533408790781611	533408817427119	533408797420242
533408807503250	533408834038976	533408815494217
533408824149368	533408850686233	533408831575109
533408840759598	533408867293615	533408846843460
533408857903315	533408883947301	533408863498123
533408875019485	533408900672887	533408880473180
533408890687047	533408917231115	533408898030675
533408907529088	533408933848994	533408915508092
533408924167191	533408950476720	533408931843908
533408940995845	533408967114904	533408947440547
533408957514114	533408983738846	533408964309809
533408973954178	533409000376053	533408981288122
533408990516841	533409017024694	533408999842443
533409007151444	533409033660680	533409015986445
533409023747025	533409050273880	533409032148555
533409040291946	533409066908524	533409047022212
533409057003983	533409083554438	533409063689041
533409074017695	533409100185867	533409080389521
533409090301509	533409116820389	533409097011510
533409107808182	533409133466263	533409115631180
533409124116654	533409150098099	533409132178787
533409140309280	533409166732295	533409148927363
533409156492956	533409183360143	533409164528885
533409175407466	533409200029862	533409180323644
533409189632441	533409216649613	533409196920120
533409206518428	533409233242467	533409213703161
533409224195552	533409249904536	533409233340531
533409239951208	533409266536413	533409248425817
533409256587194	533409283160762	533409264117589
533409273357336	533409299789058	533409282243037
533409289593379	533409316421382	533409298905309
533409306279536	533409333063187	533409313160395
533409323162145	533409349736812	533409331291580
533409339707515	533409366328690	533409347224320
533409356457230	533409382977534	533409364866898
533409372782100	533409399669510	533409379328201
533409390324336	533409416234004	533409397134964
533409406183630	533409432873530	533409413429479
533409422688390	533409449494421	533409428251786
533409439456457	533409466134273	533409445665563
533409456364945	533409482778438	533409456704463
533409472692297	533409499390579	533409473067581
533409489662186	533409516029455	533409489984940
533409506595129	533409532706538	533409511013871
533409523350500	533409549298498	533409530623001
533409539663447	533409565958817	533409547094966
533409556207271	533409582896642	533409564834468
533409573020829	533409599216955	533409583147944

