528710917732686	528710949305888	528710931072693
528710934228373	528710965955546	528710947501811
528710951295064	528710982611064	528710964906311
528710967508931	528710999245707	528710980864807
528710983651672	528711015881816	528710999543437
528711017084574	528711049157450	528711017588562
528711033832499	528711065758158	528711034310038
528711050229024	528711082386332	528711063130025
528711067205424	528711099008280	528711080597961
528711082801778	528711115645121	528711096679179
528711099326599	528711132279317	528711113169291
528711115808533	528711148919495	528711129396668
528711132716288	528711165591573	528711145310649
528711148968892	528711182200419	528711161864685
528711166394267	528711198818095	528711178815003
528711182422587	528711215463074	528711195012675
528711199144999	528711232122945	528711212301738
528711215652242	528711248752177	528711230810364
528711232619120	528711265399109	528711247370097
528711248902161	528711282104024	528711264744894
528711265688253	528711298698263	528711282319601
528711298780579	528711331887268	528711299194438
528711315450908	528711348608989	528711316044820
528711332408915	528711365168274	528711345590637
528711349263774	528711381839010	528711362569438
528711366507304	528711398440165	528711381244405
528711383194438	528711415071147	528711397328023
528711399534282	528711431721293	528711413773946
528711416755961	528711448362854	528711430410095
528711433276957	528711465005392	528711446513814
528711449637187	528711481661926	528711464246928
528711466518331	528711498278219	528711480488017
528711482931946	528711514878845	528711496259705
528711499659485	528711531514872	528711512622172
528711516511454	528711548132630	528711529418396
528711532634542	528711564778382	528711545858826
528711549288880	528711581414368	528711563976909
528711566669698	528711598040060	528711580298605
528711582398865	528711614701274	528711595680400
528711598781271	528711631320943	528711612443339
528711615891337	528711647966451	528711629176860
528711631970195	528711664618470	528711645732687
528711648670024	528711681235576	528711662293885
528711664500794	528711697867045	528711680504822
528711681371074	528711714473816	528711698091289
528711714651632	528711747753357	528711715137309
528711731233663	528711764403870	528711739428528
528711747796489	528711781040426	528711760389099
528711764869650	528711797730978	528711778882915
528711781055156	528711814288188	528711795334982
528711797779928	528711830960673	528711812323711
528711814686788	528711847638448	528711828426494
528711831797791	528711864192037	528711844738750
528711848139791	528711880840068	528711861308370
528711864712911	528711897467469	528711878824565
528711881467265	528711914100973	528711896930970
528711900213033	528711930731303	528711910713847
528711918784770	528711947379293	528711926334087
528711932653097	528711964006002	528711942784892
528711949127462	528711980627299	528711959927918
528711966495748	528711997290467	528711977977112
528711983373678	528712013905783	528711993813742

528712186668356	528712213512879	528712196525900
528712202925680	528712230153463	528712211298483
528712218898662	528712246800843	528712227497335
528712234537008	528712263424704	528712243018454
528712250486268	528712280053325	528712259894756
528712266229391	528712296685080	528712276195781
528712281602031	528712313316346	528712292792339
528712297041891	528712329971741	528712309248109
528712312909038	528712346671245	528712326681865
528712327946351	528712363231019	528712343901388
528712359843120	528712379850729	528712360661683
528712375646953	528712396486878	528712378231385
528712391853577	528712413144878	528712394005189
528712408405417	528712429758362	528712411008078
528712425246807	528712446393698	528712427442241
528712442232117	528712463033916	528712444719178
528712459313091	528712479678976	528712460753642
528712476873922	528712496287904	528712477777853
528712494047466	528712512975770	528712496400697
528712511367290	528712529581198	528712513002747
528712529106182	528712562838115	528712529587423
528712547115988	528712579473979	528712548106588
528712563948548	528712596095114	528712577477397
528712581798280	528712612737611	528712594540752
528712598695456	528712629377300	528712610712668
528712615679180	528712645999655	528712627325990
528712632537130	528712662631450	528712643823467
528712649534567	528712679263205	528712660564800
528712666376771	528712695895000	528712677018942
528712682716370	528712712528260	528712693716289
528712699195334	528712729173198	528712709955221
528712715645570	528712745798442	528712726833477
528712732267314	528712762426006	528712743637432
528712748646709	528712779070863	528712760377137
528712764600404	528712795846620	528712777049175
528712780656597	528712812351584	528712796211650
528712796751527	528712828973776	528712810886414
528712812795350	528712845655295	528712825481426
528712828896221	528712862238302	528712838022604
528712844947165	528712878881206	528712855891948
528712861418031	528712895515077	528712873286154
528712877585999	528712912143372	528712890781312
528712893898784	528712928779725	528712907039653
528712910420553	528712945426331	528712924577861
528712926984559	528712962052389	528712941363099
528712943619772	528712978682842	528712958072124
528712960341452	528712995320619	528712976175965
528712977187806	528713011962668	528712993242697
528712994109193	528713028655702	528713009325013
528713011094260	528713045223491	528713026455018
528713027961773	528713061848003	528713043384868
528713044766257	528713078485698	528713059370627
528713061732240	528713095115256	528713076234640
528713078515972	528713111769308	528713093305767
528713095924134	528713128385519	528713111749614
528713112297792	528713145034160	528713126763286
528713129537863	528713161649313	528713142636862
528713146359641	528713178289084	528713160185487
528713163451112	528713194940573	528713177002219
528713180595399	528713211624615	528713194530417
528713196937359	528713228192282	528713210996644
528713213514914	528713244841615	528713226282167
528713230135845	528713261456890	528713243099875

528712780656597	528712812351584	528712796211650
528712796751527	528712828973776	528712810886414
528712812795350	528712845655295	528712825481426
528712828896221	528712862238302	528712838022604
528712844947165	528712878881206	528712855891948
528712861418031	528712895515077	528712873286154
528712877585999	528712912143372	528712890781312
528712893898784	528712928779725	528712907039653
528712910420553	528712945426331	528712924577861
528712926984559	528712962052389	528712941363099
528712943619772	528712978682842	528712958072124
528712960341452	528712995320619	528712976175965
528712977187806	528713011962668	528712993242697
528712994109193	528713028655702	528713009325013
528713011094260	528713045223491	528713026455018
528713027961773	528713061848003	528713043384868
528713044766257	528713078485698	528713059370627
528713061732240	528713095115256	528713076234640
528713078515972	528713111769308	528713093305767
528713095924134	528713128385519	528713111749614
528713112297792	528713145034160	528713126763286
528713129537863	528713161649313	528713142636862
528713146359641	528713178289084	528713160185487
528713163451112	528713194940573	528713177002219
528713180595399	528713211624615	528713194530417
528713196937359	528713228192282	528713210996644
528713213514914	528713244841615	528713226282167
528713230135845	528713261456890	528713243099875
528713246852845	528713278113506	528713259375184
528713263276551	528713294747987	528713275666118
528713280223858	528713311368674	528713292567974
528713296744894	528713328005067	528713308798809
528713312588726	528713344642152	528713325102723
528713329515606	528713361273378	528713341842144
528713345956849	528713377902040	528713358382753
528713361768658	528713394659527	528713375227235
528713378312074	528713411172507	528713394100241
528713394612326	528713427814800	528713408204327
528713410931825	528713444449891	528713424880271
528713427402691	528713461088929	528713441323508
528713443858827	528713477706442	528713459392600
528713460572287	528713494342347	528713474568544
528713476937725	528713510988872	528713491385438
528713493708355	528713527651633	528713507754131
528713510517559	528713544257224	528713524161927
528713527320090	528713560869895	528713541220521
528713544158998	528713577526063	528713556859478
528713560867209	528713594172995	528713573679587
528713577789776	528713610781150	528713591467754
528713594557191	528713627412294	528713607473980
528713611685406	528713644047588	528713623688620
528713628780580	528713660678041	528713640840232
528713645681459	528713677312237	528713657498191
528713661942282	528713693960105	528713674130149
528713679075583	528713710664857	528713693251324
528713695518373	528713727211529	528713707409161
528713712726462	528713743871522	528713724193178
528713729413637	528713760478049	528713740757793
528713746394024	528713777113303	528713756931988
528713762611350	528713793763978	528713773192160
528713779473695	528713810388938	528713789865907
528713795719097	528713827022971	528713807036724
528713811958477	528713843692242	528713823875876

528713427402691	528713461088929	528713441323508
528713443858827	528713477706442	528713459392600
528713460572287	528713494342347	528713474568544
528713476937725	528713510988872	528713491385438
528713493708355	528713527651633	528713507754131
528713510517559	528713544257224	528713524161927
528713527320090	528713560869895	528713541220521
528713544158998	528713577526063	528713556859478
528713560867209	528713594172995	528713573679587
528713577789776	528713610781150	528713591467754
528713594557191	528713627412294	528713607473980
528713611685406	528713644047588	528713623688620
528713628780580	528713660678041	528713640840232
528713645681459	528713677312237	528713657498191
528713661942282	528713693960105	528713674130149
528713679075583	528713710664857	528713693251324
528713695518373	528713727211529	528713707409161
528713712726462	528713743871522	528713724193178
528713729413637	528713760478049	528713740757793
528713746394024	528713777113303	528713756931988
528713762611350	528713793763978	528713773192160
528713779473695	528713810388938	528713789865907
528713795719097	528713827022971	528713807036724
528713811958477	528713843692242	528713823875876
528713828239605	528713860294130	528713839653139
528713844618471	528713876925722	528713856918031
528713860936627	528713893603863	528713872972800
528713877494000	528713910193910	528713889511944
528713894208314	528713926817405	528713906872255
528713910594748	528713943456239	528713923110577
528713926902406	528713960123313	528713939313458
528713943277894	528713976727154	528713956731589
528713959641257	528713993369325	528713973278586
528713976394716	528714009992657	528713991584047
528713992990175	528714026657899	528714006563458
528714009814312	528714043257102	528714023058127
528714026319398	528714059893088	528714039571555
528714042988262	528714076550030	528714055999005
528714059820253	528714093164857	528714072773581
528714076323590	528714109816387	528714089518292
528714094276430	528714126430320	528714106319439
528714110725079	528714143065085	528714122963319
528714127007550	528714159719911	528714139406353
528714143981955	528714176346824	528714156483787
528714161134096	528714192970196	528714174451072
528714177852032	528714209652650	528714189710268
528714193809877	528714226261497	528714205877585
528714214984600	528714242881573	528714223750958
528714227541038	528714259529359	528714240182029
528714244528383	528714276150942	528714256111309
528714260967795	528714292782533	528714272485333
528714278013897	528714309411318	528714290984356
528714294148012	528714326041607	528714306371848
528714312480816	528714342684796	528714322340639
528714327319765	528714359317934	528714338981752
528714343823427	528714375960512	528714355710634
528714362230328	528714392573142	528714374029319
528714376852236	528714409223085	528714388973370
528714393273785	528714425860496	528714406227887
528714409687970	528714442484356	528714422474672
528714427505515	528714459135479	528714438811790
528714442472515	528714475767071	528714456146059
528714456616355	528714492432110	528714472213360

528713976394716	528714009992657	528713991584047
528713992990175	528714026657899	528714006563458
528714009814312	528714043257102	528714023058127
528714026319398	528714059893088	528714039571555
528714042988262	528714076550030	528714055999005
528714059820253	528714093164857	528714072773581
528714076323590	528714109816387	528714089518292
528714094276430	528714126430320	528714106319439
528714110725079	528714143065085	528714122963319
528714127007550	528714159719911	528714139406353
528714143981955	528714176346824	528714156483787
528714161134096	528714192970196	528714174451072
528714177852032	528714209652650	528714189710268
528714193809877	528714226261497	528714205877585
528714214984600	528714242881573	528714223750958
528714227541038	528714259529359	528714240182029
528714244528383	528714276150942	528714256111309
528714260967795	528714292782533	528714272485333
528714278013897	528714309411318	528714290984356
528714294148012	528714326041607	528714306371848
528714312480816	528714342684796	528714322340639
528714327319765	528714359317934	528714338981752
528714343823427	528714375960512	528714355710634
528714362230328	528714392573142	528714374029319
528714376852236	528714409223085	528714388973370
528714393273785	528714425860496	528714406227887
528714409687970	528714442484356	528714422474672
528714427505515	528714459135479	528714438811790
528714442472515	528714475767071	528714456146059
528714456616355	528714492432110	528714472213360
528714475557273	528714509021181	528714489590232
528714492151959	528714525714988	528714506379294
528714508770082	528714542322613	528714523448183
528714525350120	528714558914532	528714539398419
528714541857566	528714575566388	528714555886171
528714558604636	528714592245017	528714572908551
528714575473655	528714608850567	528714592511537
528714608996604	528714642116803	528714609396181
528714625724835	528714658799664	528714627829856
528714642957623	528714675367088	528714655782411
528714659773826	528714692000551	528714672311342
528714676504335	528714708709210	528714688689719
528714692968691	528714725291648	528714706088035
528714709745587	528714741895571	528714723711651
528714726780865	528714758530418	528714739043154
528714743735659	528714775171734	528714758092633
528714759977968	528714791794456	528714772136415
528714776515403	528714808436383	528714788324160
528714793779034	528714825082582	528714805762392
528714810144798	528714841722556	528714821900169
528714826623273	528714858328432	528714838569440
528714843341127	528714874974265	528714854902203
528714860249941	528714891653872	528714872048972
528714876232403	528714908232688	528714889813377
528714892380841	528714924944969	528714905602724
528714908907208	528714941525087	528714923152366
528714925411765	528714958139874	528714939410056
528714941931175	528714974786114	528714955237286
528714958291974	528714991419659	528714972386090
528714974871401	528715008041119	528714989042584
528714991461774	528715024675722	528715005564557
528715008747825	528715041305117	528715021597068
528715024997947	528715057945091	528715038137311

528714608996604	528714642116803	528714609396181
528714625724835	528714658799664	528714627829856
528714642957623	528714675367088	528714655782411
528714659773826	528714692000551	528714672311342
528714676504335	528714708709210	528714688689719
528714692968691	528714725291648	528714706088035
528714709745587	528714741895571	528714723711651
528714726780865	528714758530418	528714739043154
528714743735659	528714775171734	528714758092633
528714759977968	528714791794456	528714772136415
528714776515403	528714808436383	528714788324160
528714793779034	528714825082582	528714805762392
528714810144798	528714841722556	528714821900169
528714826623273	528714858328432	528714838569440
528714843341127	528714874974265	528714854902203
528714860249941	528714891653872	528714872048972
528714876232403	528714908232688	528714889813377
528714892380841	528714924944969	528714905602724
528714908907208	528714941525087	528714923152366
528714925411765	528714958139874	528714939410056
528714941931175	528714974786114	528714955237286
528714958291974	528714991419659	528714972386090
528714974871401	528715008041119	528714989042584
528714991461774	528715024675722	528715005564557
528715008747825	528715041305117	528715021597068
528715024997947	528715057945091	528715038137311
528715041364687	528715074639060	528715054211407
528715058039980	528715091227765	528715070819277
528715074563865	528715107866762	528715087546490
528715091239321	528715124482363	528715104673810
528715108122988	528715141145205	528715121565167
528715124673199	528715157792544	528715137568992
528715141703676	528715174405703	528715154419293
528715158831647	528715191017194	528715171352846
528715175553408	528715207659853	528715187601788
528715192443992	528715224282249	528715206836245
528715208560773	528715240917950	528715220960879
528715225286399	528715257643781	528715237382062
528715242586123	528715274202049	528715254028628
528715259497378	528715290842145	528715271149355
528715275944358	528715307453798	528715288458356
528715291967226	528715324118105	528715304120343
528715309195416	528715340750592	528715321135724
528715326106183	528715357368390	528715338096824
528715342039248	528715373990582	528715353862164
528715358525291	528715390839500	528715370676902
528715376086611	528715407272036	528715387512189
528715392408836	528715423892723	528715406697410
528715409198468	528715440525698	528715421845034
528715425263328	528715457179832	528715434598533
528715444001284	528715473821596	528715453502749
528715459320213	528715490450177	528715469695905
528715474381411	528715507083234	528715487350161
528715490681948	528715523716209	528715502949892
528715507540306	528715540346255	528715519729637
528715524319074	528715556960024	528715538080060
528715540766990	528715573612816	528715554843854
528715557484927	528715590220563	528715570545840
528715573977928	528715606875877	528715587066795
528715590306745	528715623507306	528715604220522
528715607274030	528715640181256	528715620819806
528715626582420	528715656772158	528715638502016
528715639743797	528715673429954	528715653944318

528715175553408	528715207659853	528715187601788
528715192443992	528715224282249	528715206836245
528715208560773	528715240917950	528715220960879
528715225286399	528715257643781	528715237382062
528715242586123	528715274202049	528715254028628
528715259497378	528715290842145	528715271149355
528715275944358	528715307453798	528715288458356
528715291967226	528715324118105	528715304120343
528715309195416	528715340750592	528715321135724
528715326106183	528715357368390	528715338096824
528715342039248	528715373990582	528715353862164
528715358525291	528715390839500	528715370676902
528715376086611	528715407272036	528715387512189
528715392408836	528715423892723	528715406697410
528715409198468	528715440525698	528715421845034
528715425263328	528715457179832	528715434598533
528715444001284	528715473821596	528715453502749
528715459320213	528715490450177	528715469695905
528715474381411	528715507083234	528715487350161
528715490681948	528715523716209	528715502949892
528715507540306	528715540346255	528715519729637
528715524319074	528715556960024	528715538080060
528715540766990	528715573612816	528715554843854
528715557484927	528715590220563	528715570545840
528715573977928	528715606875877	528715587066795
528715590306745	528715623507306	528715604220522
528715607274030	528715640181256	528715620819806
528715626582420	528715656772158	528715638502016
528715639743797	528715673429954	528715653944318
528715655817772	528715690052065	528715671062523
528715672835390	528715706672752	528715686899070
528715689609235	528715723318056	528715703634666
528715706411359	528715739993146	528715720540021
528715723390200	528715756736758	528715736873151
528715740120181	528715773228782	528715753957501
528715757766055	528715789884544	528715772415143
528715774399803	528715806483625	528715788377912
528715790613182	528715823144147	528715805656639
528715807236839	528715839748314	528715820929018
528715824083071	528715856429466	528715836813581
528715841178530	528715873033877	528715853815900
528715858740786	528715889652407	528715870265241
528715874491518	528715906308291	528715886838117
528715891296613	528715922915469	528715904662051
528715909264386	528715939553083	528715922250389
528715924428449	528715956188092	528715936518496
528715941172589	528715972821068	528715952470278
528715957387840	528715989467349	528715968826683
528715974162051	528716006096865	528715985289777
528715990829409	528716022732567	528716002299543
528716007338158	528716039353620	528716020955426
528716023272809	528716055995099	528716036494814
528716039807030	528716072632225	528716053751040
528716056211978	528716089275495	528716070378359
528716072401471	528716105901064	528716088435203
528716088803978	528716122528384	528716102941877
528716105375226	528716139187523	528716119735008
528716122355247	528716155817121	528716136956769
528716139012637	528716172475772	528716153814679
528716155866152	528716189108503	528716170207624
528716172120669	528716205709455	528716187032453
528716188746646	528716222345563	528716203511294
528716205496890	528716238971377	528716219451032

528715740120181	528715773228782	528715753957501
528715757766055	528715789884544	528715772415143
528715774399803	528715806483625	528715788377912
528715790613182	528715823144147	528715805656639
528715807236839	528715839748314	528715820929018
528715824083071	528715856429466	528715836813581
528715841178530	528715873033877	528715853815900
528715858740786	528715889652407	528715870265241
528715874491518	528715906308291	528715886838117
528715891296613	528715922915469	528715904662051
528715909264386	528715939553083	528715922250389
528715924428449	528715956188092	528715936518496
528715941172589	528715972821068	528715952470278
528715957387840	528715989467349	528715968826683
528715974162051	528716006096865	528715985289777
528715990829409	528716022732567	528716002299543
528716007338158	528716039353620	528716020955426
528716023272809	528716055995099	528716036494814
528716039807030	528716072632225	528716053751040
528716056211978	528716089275495	528716070378359
528716072401471	528716105901064	528716088435203
528716088803978	528716122528384	528716102941877
528716105375226	528716139187523	528716119735008
528716122355247	528716155817121	528716136956769
528716139012637	528716172475772	528716153814679
528716155866152	528716189108503	528716170207624
528716172120669	528716205709455	528716187032453
528716188746646	528716222345563	528716203511294
528716205496890	528716238971377	528716219451032
528716222089663	528716255638939	528716236083600
528716238867251	528716272270205	528716252533226
528716255811709	528716288885806	528716269706118
528716272645816	528716305499738	528716286197370
528716289417748	528716322143333	528716302682437
528716307479759	528716338765851	528716320540998
528716323413516	528716355409365	528716336377627
528716340315371	528716372036970	528716353515689
528716357545596	528716388690127	528716370669619
528716373714867	528716405309186	528716387273257
528716389729474	528716421939069	528716402107567
528716407176496	528716438569807	528716418877586
528716423244408	528716455219343	528716435758812
528716440493187	528716471846662	528716453083641
528716457431501	528716488483503	528716470933169
528716473092959	528716505124250	528716485661970
528716489915835	528716521751325	528716502336489
528716506556216	528716538394514	528716519256167
528716522291161	528716555020816	528716536146223
528716538510358	528716571645734	528716552603539
528716555196027	528716588347272	528716569256004
528716571666201	528716604917056	528716585903750
528716588263207	528716621571678	528716602453636
528716604964175	528716638212263	528716619470604
528716621471459	528716654846866	528716636790266
528716638121890	528716671461978	528716653530825
528716654856753	528716688103417	528716670419864
528716671371524	528716704744164	528716685736270
528716687887067	528716721375796	528716704310936
528716704560000	528716738023135	528716719116438
528716721375104	528716754728864	528716735042707
528716738496890	528716771267683	528716752184716
528716755452497	528716787908959	528716769229922
528716772343041	528716804537214	528716784402408

528716307479759	528716338765851	528716320540998
528716323413516	528716355409365	528716336377627
528716340315371	528716372036970	528716353515689
528716357545596	528716388690127	528716370669619
528716373714867	528716405309186	528716387273257
528716389729474	528716421939069	528716402107567
528716407176496	528716438569807	528716418877586
528716423244408	528716455219343	528716435758812
528716440493187	528716471846662	528716453083641
528716457431501	528716488483503	528716470933169
528716473092959	528716505124250	528716485661970
528716489915835	528716521751325	528716502336489
528716506556216	528716538394514	528716519256167
528716522291161	528716555020816	528716536146223
528716538510358	528716571645734	528716552603539
528716555196027	528716588347272	528716569256004
528716571666201	528716604917056	528716585903750
528716588263207	528716621571678	528716602453636
528716604964175	528716638212263	528716619470604
528716621471459	528716654846866	528716636790266
528716638121890	528716671461978	528716653530825
528716654856753	528716688103417	528716670419864
528716671371524	528716704744164	528716685736270
528716687887067	528716721375796	528716704310936
528716704560000	528716738023135	528716719116438
528716721375104	528716754728864	528716735042707
528716738496890	528716771267683	528716752184716
528716755452497	528716787908959	528716769229922
528716772343041	528716804537214	528716784402408
528716788824161	528716821174828	528716801107852
528716805252220	528716837811587	528716818773461
528716821952497	528716854430606	528716836676903
528716838967756	528716871061506	528716849657860
528716855454776	528716887691348	528716865981428
528716871946516	528716904333926	528716882391665
528716888915266	528716920964297	528716899102725
528716905471011	528716937613304	528716917056664
528716922105044	528716954231509	528716934081892
528716938603254	528716970872948	528716951736514
528716955113508	528716987541039	528716968415998
528716972133975	528717004143903	528716987255923
528716988190290	528717020773746	528717002775658
528717005009952	528717037408308	528717019280704
528717021212588	528717054036889	528717036288353
528717038128156	528717070682193	528717052456037
528717054555118	528717087320295	528717069331119
528717071234805	528717103965722	528717086546166
528717087271182	528717120665510	528717103883405
528717120540307	528717153828921	528717120992170
528717137048607	528717170492943	528717137528995
528717154317691	528717187099714	528717166735049
528717170810367	528717203739688	528717183414859
528717187745547	528717220381737	528717200884016
528717204229109	528717237045311	528717218117577
528717220868676	528717253644148	528717236143497
528717237790469	528717270285424	528717251645450
528717254366519	528717286921166	528717267920027
528717271294660	528717303605451	528717286263288
528717287363142	528717320181339	528717301300194
528717304763899	528717336822411	528717318065575
528717321195824	528717353452823	528717335046817
528717338413516	528717370086246	528717351253930
528717355076887	528717386723941	528717367934431

528716905471011	528716937613304	528716917056664
528716922105044	528716954231509	528716934081892
528716938603254	528716970872948	528716951736514
528716955113508	528716987541039	528716968415998
528716972133975	528717004143903	528716987255923
528716988190290	528717020773746	528717002775658
528717005009952	528717037408308	528717019280704
528717021212588	528717054036889	528717036288353
528717038128156	528717070682193	528717052456037
528717054555118	528717087320295	528717069331119
528717071234805	528717103965722	528717086546166
528717087271182	528717120665510	528717103883405
528717120540307	528717153828921	528717120992170
528717137048607	528717170492943	528717137528995
528717154317691	528717187099714	528717166735049
528717170810367	528717203739688	528717183414859
528717187745547	528717220381737	528717200884016
528717204229109	528717237045311	528717218117577
528717220868676	528717253644148	528717236143497
528717237790469	528717270285424	528717251645450
528717254366519	528717286921166	528717267920027
528717271294660	528717303605451	528717286263288
528717287363142	528717320181339	528717301300194
528717304763899	528717336822411	528717318065575
528717321195824	528717353452823	528717335046817
528717338413516	528717370086246	528717351253930
528717355076887	528717386723941	528717367934431
528717371831160	528717403357852	528717384870059
528717388603865	528717419986067	528717401193057
528717404258039	528717436621158	528717417651431
528717420972354	528717453257226	528717434748884
528717437642805	528717469908756	528717450926903
528717454209049	528717486517846	528717467859195
528717470461653	528717503160871	528717484367984
528717487586124	528717519784285	528717500927270
528717503846744	528717536427514	528717517698754
528717520400740	528717553095686	528717535992048
528717536723697	528717569696068	528717551180525
528717553471744	528717586318057	528717568353214
528717569757226	528717602960513	528717584324364
528717586547305	528717619599307	528717600514428
528717603091536	528717636223860	528717617416609
528717620191470	528717652871321	528717634145735
528717636739932	528717669513695	528717650915185
528717653073876	528717686132633	528717668523176
528717669536645	528717702763207	528717685207421
528717686377750	528717719390649	528717701865787
528717703123681	528717736031355	528717717904890
528717720357527	528717752661970	528717733986921
528717736579369	528717769300398	528717750366031
528717753427310	528717785932478	528717767132877
528717769514224	528717802608422	528717784371443
528717786721541	528717819204369	528717801381900
528717803042870	528717835875715	528717817934268
528717819772322	528717869144270	528717836399478
528717852662296	528717885734684	528717853063663
528717869493961	528717902374169	528717882130883
528717886129703	528717919007389	528717898441267
528717903200545	528717935641340	528717914840559
528717922316796	528717952279524	528717931375715
528717936356998	528717968918359	528717948735741
528717953247623	528717985540795	528717965803572

528717503846744	528717536427514	528717517698754
528717520400740	528717553095686	528717535992048
528717536723697	528717569696068	528717551180525
528717553471744	528717586318057	528717568353214
528717569757226	528717602960513	528717584324364
528717586547305	528717619599307	528717600514428
528717603091536	528717636223860	528717617416609
528717620191470	528717652871321	528717634145735
528717636739932	528717669513695	528717650915185
528717653073876	528717686132633	528717668523176
528717669536645	528717702763207	528717685207421
528717686377750	528717719390649	528717701865787
528717703123681	528717736031355	528717717904890
528717720357527	528717752661970	528717733986921
528717736579369	528717769300398	528717750366031
528717753427310	528717785932478	528717767132877
528717769514224	528717802608422	528717784371443
528717786721541	528717819204369	528717801381900
528717803042870	528717835875715	528717817934268
528717819772322	528717869144270	528717836399478
528717852662296	528717885734684	528717853063663
528717869493961	528717902374169	528717882130883
528717886129703	528717919007389	528717898441267
528717903200545	528717935641340	528717914840559
528717922316796	528717952279524	528717931375715
528717936356998	528717968918359	528717948735741
528717953247623	528717985540795	528717965803572
528717969738427	528718002174340	528717982696353
528717986647281	528718018849552	528718000645735
528718003531721	528718035458601	528718017869409
528718019745304	528718052082258	528718034692162
528718036390730	528718068726424	528718050626814
528718053471744	528718085355899	528718067274275
528718069939477	528718101985742	528718083764306
528718086654605	528718118625105	528718100405460
528718103261010	528718135268863	528718117077864
528718120517480	528718151882104	528718135356510
528718135998844	528718168539697	528718150204451
528718152437809	528718185171126	528718165381005
528718168835839	528718201793074	528718179750553
528718185775414	528718218418522	528718195628645
528718202254174	528718235051456	528718212101139
528718219447534	528718251689843	528718229161726
528718235520613	528718268323103	528718246485457
528718251685245	528718284966699	528718263190779
528718268875065	528718301682438	528718280403548
528718285988183	528718318226261	528718298477888
528718302355859	528718334893863	528718315323876
528718318978133	528718351498030	528718334103458
528718335530053	528718368177921	528718349689152
528718352650740	528718384782373	528718366480330
528718368340804	528718401428084	528718382805688
528718387490625	528718418059879	528718399104516
528718405062361	528718434756046	528718415446639
528718418226098	528718451323877	528718431915551
528718434791365	528718467980411	528718451157373
528718451592513	528718484725895	528718466805240
528718471721419	528718501244002	528718482858504
528718485252465	528718517895939	528718498920393
528718502193831	528718534469954	528718516121565
528718518678735	528718551110986	528718531664209
528718535145573	528718567755883	528718548408390

528718103261010	528718135268863	528718117077864
528718120517480	528718151882104	528718135356510
528718135998844	528718168539697	528718150204451
528718152437809	528718185171126	528718165381005
528718168835839	528718201793074	528718179750553
528718185775414	528718218418522	528718195628645
528718202254174	528718235051456	528718212101139
528718219447534	528718251689843	528718229161726
528718235520613	528718268323103	528718246485457
528718251685245	528718284966699	528718263190779
528718268875065	528718301682438	528718280403548
528718285988183	528718318226261	528718298477888
528718302355859	528718334893863	528718315323876
528718318978133	528718351498030	528718334103458
528718335530053	528718368177921	528718349689152
528718352650740	528718384782373	528718366480330
528718368340804	528718401428084	528718382805688
528718387490625	528718418059879	528718399104516
528718405062361	528718434756046	528718415446639
528718418226098	528718451323877	528718431915551
528718434791365	528718467980411	528718451157373
528718451592513	528718484725895	528718466805240
528718471721419	528718501244002	528718482858504
528718485252465	528718517895939	528718498920393
528718502193831	528718534469954	528718516121565
528718518678735	528718551110986	528718531664209
528718535145573	528718567755883	528718548408390
528718552483138	528718584398380	528718565027083
528718568759220	528718601020288	528718582167057
528718585665633	528718617654240	528718598069523
528718602906030	528718634288069	528718615221093
528718619177392	528718650916284	528718631721338
528718635957299	528718667558618	528718648777775
528718652795719	528718684184554	528718664724145
528718669481795	528718700815169	528718681058007
528718686561629	528718717454817	528718697551172
528718702690698	528718734089786	528718714280420
528718718527164	528718750728296	528718733116561
528718734805810	528718767352034	528718748470768
528718751087386	528718783985945	528718764578353
528718767511133	528718800682234	528718780901880
528718784412174	528718817270329	528718797654280
528718800303369	528718833902531	528718814388574
528718816754785	528718850550765	528718830811548
528718833499821	528718867196761	528718847856876
528718849933699	528718883833113	528718864132064
528718866637638	528718900432031	528718881001570
528718883524357	528718917076562	528718897101343
528718900559432	528718933697900	528718913943587
528718917059717	528718950325748	528718930468449
528718933906600	528718966964909	528718947523055
528718950603906	528718983657495	528718963854923
528718967118758	528719000237899	528718980325342
528718984880558	528719016879622	528718997009464
528719001014551	528719033505477	528719015225122
528719018666162	528719050161238	528719031535954
528719035004337	528719066835067	528719050375716
528719051284611	528719083435897	528719065099064
528719067766341	528719100061588	528719082236149
528719084727441	528719116678776	528719098765853
528719101749292	528719133307926	528719114889225
528719118426741	528719149945133	528719131149316
528719134574894	528719166648665	528719146606714

528718686561629	528718717454817	528718697551172
528718702690698	528718734089786	528718714280420
528718718527164	528718750728296	528718733116561
528718734805810	528718767352034	528718748470768
528718751087386	528718783985945	528718764578353
528718767511133	528718800682234	528718780901880
528718784412174	528718817270329	528718797654280
528718800303369	528718833902531	528718814388574
528718816754785	528718850550765	528718830811548
528718833499821	528718867196761	528718847856876
528718849933699	528718883833113	528718864132064
528718866637638	528718900432031	528718881001570
528718883524357	528718917076562	528718897101343
528718900559432	528718933697900	528718913943587
528718917059717	528718950325748	528718930468449
528718933906600	528718966964909	528718947523055
528718950603906	528718983657495	528718963854923
528718967118758	528719000237899	528718980325342
528718984880558	528719016879622	528718997009464
528719001014551	528719033505477	528719015225122
528719018666162	528719050161238	528719031535954
528719035004337	528719066835067	528719050375716
528719051284611	528719083435897	528719065099064
528719067766341	528719100061588	528719082236149
528719084727441	528719116678776	528719098765853
528719101749292	528719133307926	528719114889225
528719118426741	528719149945133	528719131149316
528719134574894	528719166648665	528719146606714
528719151551904	528719183216618	528719161822900
528719167668441	528719199859603	528719179166650
528719184140771	528719216497461	528719195521590
528719201029484	528719233114526	528719214281722
528719217318669	528719249756942	528719230165063
528719234061507	528719266373804	528719247894678
528719250304020	528719283027572	528719265211776
528719266700057	528719299645044	528719280640568
528719283103052	528719316280054	528719297190739
528719299973047	528719332913070	528719314710758
528719316440210	528719349591496	528719332767887
528719333222111	528719366181380	528719348235050
528719349391016	528719382854557	528719364424463
528719366602482	528719399493799	528719380955143
528719382378117	528719416081445	528719398112980
528719399374007	528719432741561	528719414332707
528719416897811	528719449374658	528719431451807
528719432853011	528719482633529	528719449817611
528719466042749	528719499283268	528719466459416
528719483196476	528719515923242	528719497357528
528719499183618	528719532551050	528719515229557
528719517059351	528719549152368	528719532470646
528719533108504	528719565785018	528719548291447
528719550374251	528719582419702	528719563532292
528719567420150	528719599059310	528719580239201
528719583775985	528719615696232	528719598077783
528719600120630	528719632347599	528719613329940
528719617193954	528719648975895	528719630689681
528719633916122	528719665684269	528719648499862
528719650032861	528719682268823	528719664395980
528719667222844	528719698861312	528719681056299
528719683435124	528719715493962	528719696602930
528719700647323	528719732128402	528719713021794
528719716815332	528719748947738	528719729610254
528719733575830	528719765416488	528719747647567

528719283103052	528719316280054	528719297190739
528719299973047	528719332913070	528719314710758
528719316440210	528719349591496	528719332767887
528719333222111	528719366181380	528719348235050
528719349391016	528719382854557	528719364424463
528719366602482	528719399493799	528719380955143
528719382378117	528719416081445	528719398112980
528719399374007	528719432741561	528719414332707
528719416897811	528719449374658	528719431451807
528719432853011	528719482633529	528719449817611
528719466042749	528719499283268	528719466459416
528719483196476	528719515923242	528719497357528
528719499183618	528719532551050	528719515229557
528719517059351	528719549152368	528719532470646
528719533108504	528719565785018	528719548291447
528719550374251	528719582419702	528719563532292
528719567420150	528719599059310	528719580239201
528719583775985	528719615696232	528719598077783
528719600120630	528719632347599	528719613329940
528719617193954	528719648975895	528719630689681
528719633916122	528719665684269	528719648499862
528719650032861	528719682268823	528719664395980
528719667222844	528719698861312	528719681056299
528719683435124	528719715493962	528719696602930
528719700647323	528719732128402	528719713021794
528719716815332	528719748947738	528719729610254
528719733575830	528719765416488	528719747647567
528719749885726	528719782045516	528719763844466
528719766964380	528719798675562	528719780504460
528719783139266	528719815316472	528719797174504
528719799635889	528719831949976	528719813497868
528719816291244	528719848621118	528719830552230
528719833174870	528719865259058	528719847007308
528719849747461	528719881846826	528719863166610
528719866412378	528719898473169	528719879700423
528719882558740	528719915111475	528719897490910
528719898834823	528719931745305	528719913141260
528719915445296	528719948451278	528719930236231
528719932000187	528719965012557	528719946879989
528719948393498	528719981667505	528719963354720
528719965079940	528719998296167	528719979495427
528719981753402	528720014908024	528719995753402
528719998230087	528720031678451	528720012368921
528720015444523	528720048202255	528720029459660
528720032191187	528720064826319	528720047105860
528720048782984	528720081453557	528720063269882
528720065414820	528720098114405	528720079406071
528720087095931	528720114724716	528720098421859
528720115647364	528720147994816	528720115986516
528720132323470	528720164625228	528720139702743
528720149100570	528720181261011	528720161416651
528720165782373	528720197901921	528720178889877
528720183021346	528720214556177	528720197681014
528720199226994	528720231154729	528720212643376
528720215505599	528720247827051	528720228825912
528720232371078	528720264453964	528720244923894
528720249396631	528720281073308	528720261625554
528720266148829	528720297722518	528720278113998
528720282520655	528720314327784	528720294415878
528720299017115	528720330964665	528720312640528
528720315832870	528720347638331	528720328419865
528720332355168	528720364242050	528720344904566
528720349172470	528720380881495	528720362338892

528719898834823	528719931745305	528719913141260
528719915445296	528719948451278	528719930236231
528719932000187	528719965012557	528719946879989
528719948393498	528719981667505	528719963354720
528719965079940	528719998296167	528719979495427
528719981753402	528720014908024	528719995753402
528719998230087	528720031678451	528720012368921
528720015444523	528720048202255	528720029459660
528720032191187	528720064826319	528720047105860
528720048782984	528720081453557	528720063269882
528720065414820	528720098114405	528720079406071
528720087095931	528720114724716	528720098421859
528720115647364	528720147994816	528720115986516
528720132323470	528720164625228	528720139702743
528720149100570	528720181261011	528720161416651
528720165782373	528720197901921	528720178889877
528720183021346	528720214556177	528720197681014
528720199226994	528720231154729	528720212643376
528720215505599	528720247827051	528720228825912
528720232371078	528720264453964	528720244923894
528720249396631	528720281073308	528720261625554
528720266148829	528720297722518	528720278113998
528720282520655	528720314327784	528720294415878
528720299017115	528720330964665	528720312640528
528720315832870	528720347638331	528720328419865
528720332355168	528720364242050	528720344904566
528720349172470	528720380881495	528720362338892
528720365641667	528720397512476	528720379211044
528720381654118	528720414130966	528720395133122
528720398644271	528720430772242	528720412534937
528720415115992	528720447435043	528720428633977
528720431188217	528720464070175	528720445971054
528720448160222	528720480688420	528720463026758
528720465166488	528720497325709	528720478463282
528720481001286	528720513977320	528720496122461
528720497411890	528720530657333	528720510906438
528720514046493	528720547225896	528720527698226
528720530623479	528720563849756	528720544082138
528720547476018	528720580504420	528720561751164
528720564550888	528720597141220	528720578369857
528720581530827	528720613761418	528720595272811
528720597665512	528720630390243	528720611291407
528720615095565	528720647040715	528720628428248
528720630988550	528720663679672	528720644575261
528720647952458	528720680276555	528720661306747
528720665093002	528720696925440	528720677672348
528720681469060	528720713582626	528720694297104
528720698201156	528720730213526	528720711718205
528720714629379	528720746823308	528720728367457
528720731096583	528720763457992	528720744252019
528720748098780	528720780090764	528720761125066
528720765345525	528720796727605	528720777512476
528720780753158	528720813360743	528720795538355
528720797286158	528720830012191	528720810389674
528720816668604	528720846748845	528720827259628
528720830562769	528720863259506	528720844263290
528720847550481	528720879920883	528720861280909
528720863955103	528720896522771	528720877740666
528720880787786	528720913159978	528720893846298
528720897546697	528720929795598	528720910161117
528720913902003	528720946435450	528720928246160
528720930648748	528720963072779	528720944309311
528720954585556	528720979703110	528720961325831

528720547476018	528720580504420	528720561751164
528720564550888	528720597141220	528720578369857
528720581530827	528720613761418	528720595272811
528720597665512	528720630390243	528720611291407
528720615095565	528720647040715	528720628428248
528720630988550	528720663679672	528720644575261
528720647952458	528720680276555	528720661306747
528720665093002	528720696925440	528720677672348
528720681469060	528720713582626	528720694297104
528720698201156	528720730213526	528720711718205
528720714629379	528720746823308	528720728367457
528720731096583	528720763457992	528720744252019
528720748098780	528720780090764	528720761125066
528720765345525	528720796727605	528720777512476
528720780753158	528720813360743	528720795538355
528720797286158	528720830012191	528720810389674
528720816668604	528720846748845	528720827259628
528720830562769	528720863259506	528720844263290
528720847550481	528720879920883	528720861280909
528720863955103	528720896522771	528720877740666
528720880787786	528720913159978	528720893846298
528720897546697	528720929795598	528720910161117
528720913902003	528720946435450	528720928246160
528720930648748	528720963072779	528720944309311
528720954585556	528720979703110	528720961325831
528720963683944	528720996334864	528720978146998
528720980747543	528721012969752	528720993672348
528720996989893	528721029614609	528721010275660
528721014490707	528721046235621	528721027030624
528721030565903	528721062870916	528721043662664
528721047176580	528721079499415	528721061013941
528721063704045	528721096142319	528721077382390
528721080419744	528721112770940	528721095688868
528721096723902	528721129440455	528721109888656
528721116184433	528721146093246	528721126383204
528721129920435	528721162679835	528721143094711
528721146931096	528721179304062	528721160191187
528721163998845	528721195936956	528721176103419
528721180669133	528721212576075	528721192465683
528721196645777	528721229222804	528721209473373
528721213893092	528721245865667	528721227011663
528721229901759	528721262528834	528721244110418
528721246415186	528721279102239	528721260989609
528721263896103	528721295740504	528721276720281
528721280447006	528721312379054	528721292997136
528721296360458	528721329004461	528721309500147
528721313647039	528721345649602	528721326201075
528721331565903	528721362307968	528721343158188
528721346710312	528721378954819	528721361398666
528721363429713	528721395547022	528721377926987
528721379423487	528721412192327	528721393946843
528721396004216	528721428820948	528721411598740
528721412927963	528721445491033	528721426509303
528721429126124	528721462091171	528721443421941
528721445947495	528721478742945	528721460086370
528721463886622	528721495362900	528721477330551
528721479002914	528721511999781	528721493413030
528721496324855	528721528710231	528721510239975
528721512583766	528721545255559	528721527184311
528721529201401	528721561909734	528721543429632
528721545935247	528721578522934	528721560844589
528721562136826	528721595190008	528721576369207
528721578731552	528721611798487	528721592481186

528721096723902	528721129440455	528721109888656
528721116184433	528721146093246	528721126383204
528721129920435	528721162679835	528721143094711
528721146931096	528721179304062	528721160191187
528721163998845	528721195936956	528721176103419
528721180669133	528721212576075	528721192465683
528721196645777	528721229222804	528721209473373
528721213893092	528721245865667	528721227011663
528721229901759	528721262528834	528721244110418
528721246415186	528721279102239	528721260989609
528721263896103	528721295740504	528721276720281
528721280447006	528721312379054	528721292997136
528721296360458	528721329004461	528721309500147
528721313647039	528721345649602	528721326201075
528721331565903	528721362307968	528721343158188
528721346710312	528721378954819	528721361398666
528721363429713	528721395547022	528721377926987
528721379423487	528721412192327	528721393946843
528721396004216	528721428820948	528721411598740
528721412927963	528721445491033	528721426509303
528721429126124	528721462091171	528721443421941
528721445947495	528721478742945	528721460086370
528721463886622	528721495362900	528721477330551
528721479002914	528721511999781	528721493413030
528721496324855	528721528710231	528721510239975
528721512583766	528721545255559	528721527184311
528721529201401	528721561909734	528721543429632
528721545935247	528721578522934	528721560844589
528721562136826	528721595190008	528721576369207
528721578731552	528721611798487	528721592481186
528721595417791	528721628436997	528721608806707
528721612283920	528721645081365	528721625602565
528721628973333	528721661702906	528721641788600
528721645615179	528721678369288	528721658768621
528721663480332	528721694990301	528721675979558
528721679150945	528721711659694	528721694175522
528721695670721	528721728238632	528721708769272
528721712765040	528721744868271	528721725708644
528721729014633	528721761514308	528721741985296
528721746063014	528721778151352	528721758800848
528721762965968	528721794790349	528721775998154
528721779412094	528721811404404	528721793115219
528721795570013	528721828503240	528721808951604
528721812914332	528721861314072	528721829300970
528721846098129	528721877942408	528721846670761
528721862447698	528721894633286	528721875472316
528721879325221	528721911216334	528721891823593
528721895982000	528721927860499	528721908456650
528721912385361	528721944486517	528721927371486
528721929199936	528721961126897	528721941980901
528721945308213	528721994380315	528721962898545
528721978294012	528722011013942	528721979050685
528721994621242	528722027659653	528722008252874
528722011420965	528722044318792	528722024636134
528722027951767	528722060925848	528722041965114
528722044483953	528722077558538	528722059215480
528722061690089	528722094190415	528722075751694
528722077842230	528722110824977	528722091992702
528722094226792	528722127449855	528722108484075
528722110896510	528722144108587	528722125073634
528722127719427	528722160714503	528722141691473
528722144461289	528722177369655	528722158770330
528722161217636	528722193998073	528722175511826

528721712765040	528721744868271	528721725708644
528721729014633	528721761514308	528721741985296
528721746063014	528721778151352	528721758800848
528721762965968	528721794790349	528721775998154
528721779412094	528721811404404	528721793115219
528721795570013	528721828503240	528721808951604
528721812914332	528721861314072	528721829300970
528721846098129	528721877942408	528721846670761
528721862447698	528721894633286	528721875472316
528721879325221	528721911216334	528721891823593
528721895982000	528721927860499	528721908456650
528721912385361	528721944486517	528721927371486
528721929199936	528721961126897	528721941980901
528721945308213	528721994380315	528721962898545
528721978294012	528722011013942	528721979050685
528721994621242	528722027659653	528722008252874
528722011420965	528722044318792	528722024636134
528722027951767	528722060925848	528722041965114
528722044483953	528722077558538	528722059215480
528722061690089	528722094190415	528722075751694
528722077842230	528722110824977	528722091992702
528722094226792	528722127449855	528722108484075
528722110896510	528722144108587	528722125073634
528722127719427	528722160714503	528722141691473
528722144461289	528722177369655	528722158770330
528722161217636	528722193998073	528722175511826
528722177873032	528722210629990	528722191785752
528722194608139	528722227269109	528722208183538
528722211208807	528722243895981	528722226153224
528722227773423	528722260530991	528722241555446
528722244513209	528722277158554	528722258187485
528722261308742	528722293781764	528722275353908
528722277988266	528722310444118	528722293438584
528722294381007	528722327057399	528722309111313
528722311603013	528722343725205	528722324915675
528722328320257	528722360324692	528722341758001
528722344350205	528722376963445	528722357727890
528722360333725	528722393723252	528722375348333
528722377088201	528722410237860	528722391639512
528722394005519	528722426883164	528722408269639
528722410920965	528722443509263	528722425250107
528722427364813	528722460150335	528722441859564
528722444174464	528722476776881	528722458232651
528722460754136	528722493419866	528722476844305
528722477271877	528722510039251	528722491560044
528722494382065	528722526730780	528722507470851
528722510718572	528722543305731	528722523945786
528722527550767	528722559943019	528722540842921
528722543610744	528722576669215	528722557090846
528722559937485	528722593228786	528722574408066
528722576496811	528722626492783	528722593663031
528722609839544	528722643106878	528722610112656
528722626572332	528722659742254	528722641614365
528722643293483	528722676384344	528722656952378
528722660241156	528722693013861	528722674141628
528722676765936	528722709646510	528722690327256
528722694012599	528722726282944	528722706488226
528722710367498	528722742937567	528722723099595
528722726661606	528722759553900	528722740454941
528722743416408	528722776196274	528722757470404
528722760241969	528722792828639	528722774027248
528722776534246	528722809526068	528722789454209

528722311603013	528722343725205	528722324915675
528722328320257	528722360324692	528722341758001
528722344350205	528722376963445	528722357727890
528722360333725	528722393723252	528722375348333
528722377088201	528722410237860	528722391639512
528722394005519	528722426883164	528722408269639
528722410920965	528722443509263	528722425250107
528722427364813	528722460150335	528722441859564
528722444174464	528722476776881	528722458232651
528722460754136	528722493419866	528722476844305
528722477271877	528722510039251	528722491560044
528722494382065	528722526730780	528722507470851
528722510718572	528722543305731	528722523945786
528722527550767	528722559943019	528722540842921
528722543610744	528722576669215	528722557090846
528722559937485	528722593228786	528722574408066
528722576496811	528722626492783	528722593663031
528722609839544	528722643106878	528722610112656
528722626572332	528722659742254	528722641614365
528722643293483	528722676384344	528722656952378
528722660241156	528722693013861	528722674141628
528722676765936	528722709646510	528722690327256
528722694012599	528722726282944	528722706488226
528722710367498	528722742937567	528722723099595
528722726661606	528722759553900	528722740454941
528722743416408	528722776196274	528722757470404
528722760241969	528722792828639	528722774027248
528722776534246	528722809526068	528722789454209
528722793597357	528722826093125	528722806238592
528722810354356	528722842726589	528722823282253
528722826466253	528722859361110	528722839374050
528722843240016	528722876000270	528722855918727
528722860160793	528722892665635	528722873622015
528722878314072	528722925894761	528722893382147
528722909857896	528722942523993	528722910162705
528722926549790	528722959172308	528722939316188
528722943613836	528722975804022	528722957626165
528722960118150	528722992443386	528722974600246
528722976615708	528723009057562	528722991043158
528722993273993	528723025700506	528723006929754
528723009752671	528723042334011	528723023784898
528723026400254	528723058960394	528723039703355
528723042874945	528723075638373	528723056961940
528723059648138	528723092245957	528723073883612
528723075983506	528723108873317	528723089906439
528723092632839	528723125508449	528723107586411
528723109402248	528723142145168	528723123618760
528723126775132	528723158768784	528723140549546
528723143208319	528723175411566	528723156611639
528723159299058	528723192037258	528723174610174
528723175253729	528723208677191	528723191661200
528723208892930	528723241943671	528723209333563
528723225353990	528723258625393	528723229970363
528723241909857	528723275259914	528723258510850
528723261162787	528723308485744	528723276810004
528723292190659	528723325123887	528723292756130
528723308611599	528723341758002	528723319385199
528723325002508	528723358381862	528723337148505
528723341879665	528723375017523	528723352907904
528723358694484	528723391647650	528723371247178
528723375540757	528723408286159	528723386966050

528722909857896	528722942523993	528722910162705
528722926549790	528722959172308	528722939316188
528722943613836	528722975804022	528722957626165
528722960118150	528722992443386	528722974600246
528722976615708	528723009057562	528722991043158
528722993273993	528723025700506	528723006929754
528723009752671	528723042334011	528723023784898
528723026400254	528723058960394	528723039703355
528723042874945	528723075638373	528723056961940
528723059648138	528723092245957	528723073883612
528723075983506	528723108873317	528723089906439
528723092632839	528723125508449	528723107586411
528723109402248	528723142145168	528723123618760
528723126775132	528723158768784	528723140549546
528723143208319	528723175411566	528723156611639
528723159299058	528723192037258	528723174610174
528723175253729	528723208677191	528723191661200
528723208892930	528723241943671	528723209333563
528723225353990	528723258625393	528723229970363
528723241909857	528723275259914	528723258510850
528723261162787	528723308485744	528723276810004
528723292190659	528723325123887	528723292756130
528723308611599	528723341758002	528723319385199
528723325002508	528723358381862	528723337148505
528723341879665	528723375017523	528723352907904
528723358694484	528723391647650	528723371247178
528723375540757	528723408286159	528723386966050
528723392266547	528723424938300	528723403375881
528723408960394	528723441629502	528723419836005
528723425723781	528723458191270	528723437462103
528723442588243	528723474813706	528723453947821
528723458916042	528723491450100	528723470763698
528723475621649	528723508098008	528723489285956
528723492311468	528723524722642	528723504085760
528723509625026	528723541358140	528723520647854
528723525662299	528723557986395	528723537485704
528723542654608	528723574649969	528723553961045
528723559475368	528723591261501	528723570954983
528723575490220	528723607896552	528723587304592
528723592254584	528723624524156	528723603555609
528723609144069	528723641164577	528723620910305
528723625316229	528723657791815	528723636960110
528723641931830	528723674430650	528723654554795
528723658521999	528723691122178	528723671294216
528723674901516	528723707802720	528723687891465
528723691503851	528723724545233	528723704528550
528723708300035	528723757624864	528723725840236
528723741549424	528723774233913	528723742018947
528723757471462	528723790909206	528723771753322
528723774460516	528723824137559	528723792570746
528723807466823	528723840768988	528723809117865
528723824489040	528723857394721	528723840479315
528723841079739	528723874042751	528723856624620
528723857447129	528723890707058	528723871909817
528723874468655	528723907307318	528723889047715
528723891255032	528723923961290	528723905062974
528723908326931	528723940579616	528723922704861
528723925015163	528723957225979	528723938431301
528723941937405	528723973863267	528723955732571
528723958129136	528723990491034	528723972473171
528723975072536	528724007119249	528723988554836
528723991748725	528724023759263	528724004912950

528723492311468	528723524722642	528723504085760
528723509625026	528723541358140	528723520647854
528723525662299	528723557986395	528723537485704
528723542654608	528723574649969	528723553961045
528723559475368	528723591261501	528723570954983
528723575490220	528723607896552	528723587304592
528723592254584	528723624524156	528723603555609
528723609144069	528723641164577	528723620910305
528723625316229	528723657791815	528723636960110
528723641931830	528723674430650	528723654554795
528723658521999	528723691122178	528723671294216
528723674901516	528723707802720	528723687891465
528723691503851	528723724545233	528723704528550
528723708300035	528723757624864	528723725840236
528723741549424	528723774233913	528723742018947
528723757471462	528723790909206	528723771753322
528723774460516	528723824137559	528723792570746
528723807466823	528723840768988	528723809117865
528723824489040	528723857394721	528723840479315
528723841079739	528723874042751	528723856624620
528723857447129	528723890707058	528723871909817
528723874468655	528723907307318	528723889047715
528723891255032	528723923961290	528723905062974
528723908326931	528723940579616	528723922704861
528723925015163	528723957225979	528723938431301
528723941937405	528723973863267	528723955732571
528723958129136	528723990491034	528723972473171
528723975072536	528724007119249	528723988554836
528723991748725	528724023759263	528724004912950
528724008217719	528724040390814	528724021352566
528724024414496	528724057015855	528724038464341
528724040932278	528724073645982	528724054548285
528724057586249	528724090284735	528724071191026
528724074243069	528724106944851	528724089787502
528724093099921	528724123594753	528724105269395
528724108582343	528724140191352	528724122449001
528724124471747	528724156823961	528724138936428
528724141644924	528724173452786	528724154455797
528724158133043	528724190086249	528724172180894
528724175206610	528724206724799	528724188487087
528724191335802	528724223355333	528724204585883
528724207806220	528724239976589	528724220913601
528724224737454	528724256872830	528724237817491
528724241409858	528724273268622	528724255393785
528724258379706	528724289903673	528724271777940
528724275026516	528724306520657	528724288937812
528724291483954	528724323212673	528724304321804
528724308241767	528724340297756	528724324105699
528724341610826	528724373068020	528724342191962
528724357172390	528724389821194	528724364841986
528724372937608	528724423009711	528724391786241
528724406725653	528724439664537	528724408975125
528724423219469	528724456263984	528724439432400
528724439935859	528724472864447	528724456271593
528724474091987	528724506177924	528724474516384
528724491375475	528724522759833	528724492372138
528724507659695	528724539418281	528724520895575
528724523318386	528724556040310	528724536394640
528724540737861	528724572699856	528724553431749
528724557680203	528724589338284	528724571023180
528724573395209	528724605964342	528724586829454

528724093099921	528724123594753	528724105269395
528724108582343	528724140191352	528724122449001
528724124471747	528724156823961	528724138936428
528724141644924	528724173452786	528724154455797
528724158133043	528724190086249	528724172180894
528724175206610	528724206724799	528724188487087
528724191335802	528724223355333	528724204585883
528724207806220	528724239976589	528724220913601
528724224737454	528724256872830	528724237817491
528724241409858	528724273268622	528724255393785
528724258379706	528724289903673	528724271777940
528724275026516	528724306520657	528724288937812
528724291483954	528724323212673	528724304321804
528724308241767	528724340297756	528724324105699
528724341610826	528724373068020	528724342191962
528724357172390	528724389821194	528724364841986
528724372937608	528724423009711	528724391786241
528724406725653	528724439664537	528724408975125
528724423219469	528724456263984	528724439432400
528724439935859	528724472864447	528724456271593
528724474091987	528724506177924	528724474516384
528724491375475	528724522759833	528724492372138
528724507659695	528724539418281	528724520895575
528724523318386	528724556040310	528724536394640
528724540737861	528724572699856	528724553431749
528724557680203	528724589338284	528724571023180
528724573395209	528724605964342	528724586829454
528724590306912	528724622589952	528724603855130
528724607278917	528724639211534	528724619590807
528724622903307	528724655870551	528724635367581
528724639535753	528724672495266	528724652517076
528724656330593	528724689126614	528724669046576
528724673727810	528724705744778	528724688271633
528724689426785	528724722379625	528724702329373
528724706394314	528724739023139	528724718966010
528724722849921	528724755792467	528724735546007
528724739526191	528724772286730	528724753463935
528724756505927	528724788914496	528724770006131
528724772770291	528724805540351	528724786217882
528724789287747	528724822231554	528724802396389
528724805925768	528724838818834	528724819178901
528724822702460	528724855453071	528724835418891
528724839322415	528724872099189	528724851928657
528724856319282	528724888711982	528724869961738
528724873277412	528724905359768	528724885300076
528724889127713	528724921988837	528724903244534
528724905954576	528724938677680	528724918705065
528724922349636	528724955270291	528724935331448
528724939362861	528724971895576	528724952741604
528724956298326	528724988522285	528724968869656
528724972188382	528725005203071	528724987460314
528724988445706	528725021795681	528725001754055
528725005269192	528725038467882	528725018751899
528725022181912	528725055067247	528725034891995
528725039295030	528725071713569	528725051687202
528725056304877	528725088341254	528725069693631
528725072403836	528725104989448	528725084952420
528725089071194	528725121732653	528725102730048
528725106047757	528725138226427	528725119318387
528725122543810	528725154862576	528725136450345
528725164529934	528725204782783	528725177080105
528725188874742	528725221413235	528725191331163

528724706394314	528724739023139	528724718966010
528724722849921	528724755792467	528724735546007
528724739526191	528724772286730	528724753463935
528724756505927	528724788914496	528724770006131
528724772770291	528724805540351	528724786217882
528724789287747	528724822231554	528724802396389
528724805925768	528724838818834	528724819178901
528724822702460	528724855453071	528724835418891
528724839322415	528724872099189	528724851928657
528724856319282	528724888711982	528724869961738
528724873277412	528724905359768	528724885300076
528724889127713	528724921988837	528724903244534
528724905954576	528724938677680	528724918705065
528724922349636	528724955270291	528724935331448
528724939362861	528724971895576	528724952741604
528724956298326	528724988522285	528724968869656
528724972188382	528725005203071	528724987460314
528724988445706	528725021795681	528725001754055
528725005269192	528725038467882	528725018751899
528725022181912	528725055067247	528725034891995
528725039295030	528725071713569	528725051687202
528725056304877	528725088341254	528725069693631
528725072403836	528725104989448	528725084952420
528725089071194	528725121732653	528725102730048
528725106047757	528725138226427	528725119318387
528725122543810	528725154862576	528725136450345
528725164529934	528725204782783	528725177080105
528725188874742	528725221413235	528725191331163
528725205746853	528725238054349	528725215341987
528725222073717	528725254677558	528725233327338
528725238630480	528725271308377	528725249896959
528725255146268	528725287949450	528725267483344
528725271670193	528725304629869	528725285870104
528725288513496	528725321220120	528725300817207
528725304881172	528725337852200	528725314822944
528725321949124	528725354483100	528725332184313
528725338574653	528725371131904	528725350390286
528725354888496	528725387747911	528725369032376
528725371474230	528725404384345	528725383979194
528725388408882	528725421006904	528725402274157
528725404836006	528725437640490	528725418187609
528725421617215	528725454285835	528725433907579
528725438164619	528725470927762	528725451321316
528725454777412	528725487608467	528725468286323
528725471636176	528725504185696	528725484460802
528725488178413	528725520814887	528725500739163
528725504817044	528725537476671	528725517075670
528725521538764	528725554082466	528725533582262
528725538098986	528725570724189	528725550349922
528725554580146	528725587370226	528725567317492
528725571132799	528725603997423	528725583980822
528725587915270	528725620623807	528725601962470
528725604139879	528725637267890	528725618008410
528725620659370	528725653936836	528725633986315
528725637476020	528725670516629	528725651190132
528725654105130	528725687170478	528725667018908
528725670902290	528725703783475	528725683407620
528725687759630	528725720442003	528725700551012
528725704746772	528725737085111	528725720526232
528725721198799	528725753724311	528725735306058
528725738036893	528725770325915	528725749267036
528725754493924	528725786956489	528725764086006
528725770904243	528725803605700	528725780532335

528725304881172	528725337852200	528725314822944
528725321949124	528725354483100	528725332184313
528725338574653	528725371131904	528725350390286
528725354888496	528725387747911	528725369032376
528725371474230	528725404384345	528725383979194
528725388408882	528725421006904	528725402274157
528725404836006	528725437640490	528725418187609
528725421617215	528725454285835	528725433907579
528725438164619	528725470927762	528725451321316
528725454777412	528725487608467	528725468286323
528725471636176	528725504185696	528725484460802
528725488178413	528725520814887	528725500739163
528725504817044	528725537476671	528725517075670
528725521538764	528725554082466	528725533582262
528725538098986	528725570724189	528725550349922
528725554580146	528725587370226	528725567317492
528725571132799	528725603997423	528725583980822
528725587915270	528725620623807	528725601962470
528725604139879	528725637267890	528725618008410
528725620659370	528725653936836	528725633986315
528725637476020	528725670516629	528725651190132
528725654105130	528725687170478	528725667018908
528725670902290	528725703783475	528725683407620
528725687759630	528725720442003	528725700551012
528725704746772	528725737085111	528725720526232
528725721198799	528725753724311	528725735306058
528725738036893	528725770325915	528725749267036
528725754493924	528725786956489	528725764086006
528725770904243	528725803605700	528725780532335
528725790182319	528725820228380	528725798425605
528725804516955	528725836873807	528725814888740
528725820860623	528725853500760	528725832605008
528725837353421	528725870143745	528725849068102
528725853994087	528725886776395	528725866671455
528725870627347	528725903407620	528725885508979
528725887231107	528725920056750	528725900660184
528725903787951	528725936664212	528725913971341
528725920503486	528725953294950	528725931200060
528725937189521	528725969991442	528725949323514
528725954186388	528725986562812	528725965663887
528725970792101	528726003217638	528725982431628
528725986854316	528726019863675	528726003199002
528726020328600	528726053134061	528726020844673
528726036854113	528726069749621	528726037324857
528726054032905	528726086396960	528726065525256
528726069971463	528726103014066	528726082458971
528726087086372	528726119658678	528726099724718
528726103758695	528726136274767	528726115882840
528726120500313	528726152922269	528726133101183
528726137711209	528726169539863	528726149557645
528726153807116	528726186217516	528726166366564
528726170585477	528726202820218	528726185299629
528726186878690	528726219451647	528726200971830
528726203488797	528726236094998	528726217364001
528726219735094	528726252723579	528726233695666
528726236632393	528726269343696	528726250219429
528726253807442	528726285979479	528726266727892
528726269895820	528726302621325	528726282458076
528726287054349	528726319273058	528726299608792
528726303854235	528726335881498	528726315788724
528726320729764	528726352532214	528726332562080
528726336814725	528726369176013	528726350443469
528726353139717	528726385806953	528726366679064

528725903787951	528725936664212	528725913971341
528725920503486	528725953294950	528725931200060
528725937189521	528725969991442	528725949323514
528725954186388	528725986562812	528725965663887
528725970792101	528726003217638	528725982431628
528725986854316	528726019863675	528726003199002
528726020328600	528726053134061	528726020844673
528726036854113	528726069749621	528726037324857
528726054032905	528726086396960	528726065525256
528726069971463	528726103014066	528726082458971
528726087086372	528726119658678	528726099724718
528726103758695	528726136274767	528726115882840
528726120500313	528726152922269	528726133101183
528726137711209	528726169539863	528726149557645
528726153807116	528726186217516	528726166366564
528726170585477	528726202820218	528726185299629
528726186878690	528726219451647	528726200971830
528726203488797	528726236094998	528726217364001
528726219735094	528726252723579	528726233695666
528726236632393	528726269343696	528726250219429
528726253807442	528726285979479	528726266727892
528726269895820	528726302621325	528726282458076
528726287054349	528726319273058	528726299608792
528726303854235	528726335881498	528726315788724
528726320729764	528726352532214	528726332562080
528726336814725	528726369176013	528726350443469
528726353139717	528726385806953	528726366679064
528726369595772	528726402422920	528726383011055
528726386764717	528726419054837	528726399902982
528726402426379	528726435704984	528726415953275
528726419151232	528726452343086	528726432658923
528726436545194	528726468955879	528726449321602
528726453141752	528726485682035	528726466271838
528726472189522	528726502259183	528726484759468
528726485379138	528726518892321	528726500184273
528726501806343	528726535522733	528726516261055
528726518647041	528726552142118	528726532412626
528726535543892	528726568777494	528726549362495
528726552544502	528726585449857	528726565671944
528726569776110	528726602069242	528726582753487
528726586561999	528726618685493	528726601027005
528726602935493	528726635315498	528726616640897
528726619749214	528726651931913	528726632238431
528726636521024	528726668572863	528726648826932
528726653723254	528726685208036	528726665561145
528726670346830	528726701845853	528726682552559
528726686763903	528726718470121	528726699487495
528726703109118	528726735110420	528726716131945
528726719698107	528726751737048	528726732275052
528726736611478	528726768373929	528726748936999
528726752873116	528726785018054	528726765859973
528726770637072	528726801647245	528726784286486
528726785429024	528726818308947	528726798951688
528726802481921	528726834939156	528726815969429
528726819200183	528726851602893	528726832610949
528726835720121	528726868190376	528726848880440
528726852703234	528726884822416	528726865625557
528726868578316	528726901446114	528726881811063
528726885844592	528726918092150	528726898480944
528726901878568	528726934713366	528726916277779
528726918800647	528726951363106	528726932055407
528726935212675	528726968007800	528726948753731
528726951821521	528726984632963	528726967076770

528726501806343	528726535522733	528726516261055
528726518647041	528726552142118	528726532412626
528726535543892	528726568777494	528726549362495
528726552544502	528726585449857	528726565671944
528726569776110	528726602069242	528726582753487
528726586561999	528726618685493	528726601027005
528726602935493	528726635315498	528726616640897
528726619749214	528726651931913	528726632238431
528726636521024	528726668572863	528726648826932
528726653723254	528726685208036	528726665561145
528726670346830	528726701845853	528726682552559
528726686763903	528726718470121	528726699487495
528726703109118	528726735110420	528726716131945
528726719698107	528726751737048	528726732275052
528726736611478	528726768373929	528726748936999
528726752873116	528726785018054	528726765859973
528726770637072	528726801647245	528726784286486
528726785429024	528726818308947	528726798951688
528726802481921	528726834939156	528726815969429
528726819200183	528726851602893	528726832610949
528726835720121	528726868190376	528726848880440
528726852703234	528726884822416	528726865625557
528726868578316	528726901446114	528726881811063
528726885844592	528726918092150	528726898480944
528726901878568	528726934713366	528726916277779
528726918800647	528726951363106	528726932055407
528726935212675	528726968007800	528726948753731
528726951821521	528726984632963	528726967076770
528726968584664	528727001295479	528726982171089
528726984607409	528727017915149	528726999332710
528727001402982	528727034529284	528727017492867
528727018073311	528727051177681	528727032406400
528727033893013	528727067962715	528727049732735
528727051178373	528727084456937	528727068280220
528727084668200	528727117696195	528727085094226
528727101296781	528727134386055	528727103856677
528727118147611	528727150965320	528727132299548
528727135800769	528727167582141	528727149898384
528727152819527	528727184235665	528727166098091
528727169332751	528727200851713	528727182040352
528727185401843	528727217496000	528727199131823
528727201903471	528727234131864	528727215798327
528727218400297	528727250774361	528727232941963
528727234947823	528727267402250	528727249853747
528727251969470	528727284028227	528727266220487
528727267948270	528727300666898	528727282113757
528727285026477	528727317314237	528727298850736
528727301599271	528727333943673	528727316069568
528727317591337	528727350658028	528727332985827
528727335156319	528727367213204	528727350846586
528727351613187	528727383854154	528727365661812
528727367694568	528727400492582	528727384111967
528727400495797	528727433762032	528727400894926
528727417082385	528727450380766	528727417472685
528727433722847	528727467073718	528727449455595
528727450574532	528727483641752	528727466764880
528727467647733	528727500274971	528727480935535
528727484436959	528727516916329	528727496569649
528727501208158	528727533594185	528727513680489
528727517423816	528727550187040	528727529672025
528727534216134	528727566822864	528727547316272
528727551110095	528727583458484	528727564419828
528727567672066	528727600079333	528727580836861

528727051178373	528727084456937	528727068280220
528727084668200	528727117696195	528727085094226
528727101296781	528727134386055	528727103856677
528727118147611	528727150965320	528727132299548
528727135800769	528727167582141	528727149898384
528727152819527	528727184235665	528727166098091
528727169332751	528727200851713	528727182040352
528727185401843	528727217496000	528727199131823
528727201903471	528727234131864	528727215798327
528727218400297	528727250774361	528727232941963
528727234947823	528727267402250	528727249853747
528727251969470	528727284028227	528727266220487
528727267948270	528727300666898	528727282113757
528727285026477	528727317314237	528727298850736
528727301599271	528727333943673	528727316069568
528727317591337	528727350658028	528727332985827
528727335156319	528727367213204	528727350846586
528727351613187	528727383854154	528727365661812
528727367694568	528727400492582	528727384111967
528727400495797	528727433762032	528727400894926
528727417082385	528727450380766	528727417472685
528727433722847	528727467073718	528727449455595
528727450574532	528727483641752	528727466764880
528727467647733	528727500274971	528727480935535
528727484436959	528727516916329	528727496569649
528727501208158	528727533594185	528727513680489
528727517423816	528727550187040	528727529672025
528727534216134	528727566822864	528727547316272
528727551110095	528727583458484	528727564419828
528727567672066	528727600079333	528727580836861
528727584669747	528727616721830	528727597676949
528727601248075	528727633343494	528727615127429
528727617755359	528727649991280	528727630792102
528727634723132	528727666692777	528727647409696
528727651461739	528727683263497	528727664435657
528727667773018	528727699912667	528727682992786
528727684089994	528727716528593	528727697953560
528727701264677	528727733151029	528727712215361
528727717303455	528727749783598	528727728662097
528727734344470	528727766425891	528727745241606
528727751219633	528727783052885	528727762510933
528727767756539	528727799698718	528727778951363
528727784353910	528727816322742	528727795673979
528727801070789	528727832972156	528727814803007
528727817264433	528727849645699	528727831154488
528727833957752	528727866223946	528727847862333
528727850360461	528727882867745	528727864053414
528727866967110	528727899510160	528727879928862
528727883132597	528727916141834	528727896988147
528727900350289	528727932779570	528727913990751
528727919436837	528727949411609	528727930550240
528727933482776	528727966076607	528727947869006
528727949067981	528727982671008	528727965963896
528727982398914	528728015935942	528727982697783
528727999188302	528728032600004	528727999656279
528728015864246	528728049196521	528728030261463
528728032571684	528728065887398	528728049171131
528728066347848	528728099110380	528728066823271
528728083659452	528728115742664	528728085400053
528728100392241	528728132455758	528728110968453
528728116513823	528728149009672	528728128970406
528728133556262	528728165639677	528728145364449
528728150046782	528728182283924	528728162777413

528727634723132	528727666692777	528727647409696
528727651461739	528727683263497	528727664435657
528727667773018	528727699912667	528727682992786
528727684089994	528727716528593	528727697953560
528727701264677	528727733151029	528727712215361
528727717303455	528727749783598	528727728662097
528727734344470	528727766425891	528727745241606
528727751219633	528727783052885	528727762510933
528727767756539	528727799698718	528727778951363
528727784353910	528727816322742	528727795673979
528727801070789	528727832972156	528727814803007
528727817264433	528727849645699	528727831154488
528727833957752	528727866223946	528727847862333
528727850360461	528727882867745	528727864053414
528727866967110	528727899510160	528727879928862
528727883132597	528727916141834	528727896988147
528727900350289	528727932779570	528727913990751
528727919436837	528727949411609	528727930550240
528727933482776	528727966076607	528727947869006
528727949067981	528727982671008	528727965963896
528727982398914	528728015935942	528727982697783
528727999188302	528728032600004	528727999656279
528728015864246	528728049196521	528728030261463
528728032571684	528728065887398	528728049171131
528728066347848	528728099110380	528728066823271
528728083659452	528728115742664	528728085400053
528728100392241	528728132455758	528728110968453
528728116513823	528728149009672	528728128970406
528728133556262	528728165639677	528728145364449
528728150046782	528728182283924	528728162777413
528728167129952	528728198919381	528728179337757
528728185928658	528728215553292	528728196710193
528728199490670	528728232201404	528728213812325
528728216346261	528728248911975	528728230117786
528728233081857	528728282084095	528728249460437
528728266671253	528728298723092	528728267088001
528728283168526	528728315367094	528728296681100
528728300300647	528728331992908	528728315154651
528728316842639	528728348640979	528728331493966
528728333259265	528728365252674	528728347085437
528728349736723	528728381887561	528728362883777
528728366024565	528728398520048	528728379494373
528728382347360	528728415168445	528728395930612
528728398801136	528728431805530	528728413705880
528728415269235	528728448438221	528728429644235
528728431707833	528728465071033	528728446662830
528728448463611	528728481703235	528728462730131
528728464795927	528728498345773	528728479503935
528728494130929	528728531616728	528728507540109
528728514710559	528728548279814	528728522427072
528728531288888	528728564865914	528728547786487
528728564668079	528728598127674	528728565022246
528728581482695	528728614898751	528728582408802
528728598138904	528728648021432	528728616248686
528728631753610	528728664671823	528728632249744
528728648410226	528728681297392	528728660274606
528728665247059	528728697932402	528728678123076
528728682498971	528728714566476	528728694669463
528728699017037	528728731215931	528728711714588
528728716215320	528728747846017	528728729362496
528728732364043	528728764476795	528728745462269
528728748674142	528728781109770	528728762082630

528728233081857	528728282084095	528728249460437
528728266671253	528728298723092	528728267088001
528728283168526	528728315367094	528728296681100
528728300300647	528728331992908	528728315154651
528728316842639	528728348640979	528728331493966
528728333259265	528728365252674	528728347085437
528728349736723	528728381887561	528728362883777
528728366024565	528728398520048	528728379494373
528728382347360	528728415168445	528728395930612
528728398801136	528728431805530	528728413705880
528728415269235	528728448438221	528728429644235
528728431707833	528728465071033	528728446662830
528728448463611	528728481703235	528728462730131
528728464795927	528728498345773	528728479503935
528728494130929	528728531616728	528728507540109
528728514710559	528728548279814	528728522427072
528728531288888	528728564865914	528728547786487
528728564668079	528728598127674	528728565022246
528728581482695	528728614898751	528728582408802
528728598138904	528728648021432	528728616248686
528728631753610	528728664671823	528728632249744
528728648410226	528728681297392	528728660274606
528728665247059	528728697932402	528728678123076
528728682498971	528728714566476	528728694669463
528728699017037	528728731215931	528728711714588
528728716215320	528728747846017	528728729362496
528728732364043	528728764476795	528728745462269
528728748674142	528728781109770	528728762082630
528728765140166	528728797746204	528728778949655
528728782120512	528728814380644	528728794960153
528728798234160	528728831013497	528728811499093
528728815045887	528728847667998	528728828637562
528728831411162	528728864279163	528728846357044
528728848235910	528728880912912	528728861329822
528728864883533	528728897631987	528728878135649
528728881331653	528728914177926	528728895127186
528728898163278	528728930829171	528728911709705
528728914828113	528728947442575	528728929007679
528728931390695	528728964079090	528728944868966
528728947846017	528728980721302	528728960929228
528728965277739	528728997345976	528728977971587
528728981360299	528729013980254	528728993961455
528728997987130	528729030671538	528729010584136
528729014735503	528729047254708	528729027642444
528729031280058	528729063880807	528729044775949
528729048274891	528729080514067	528729060837187
528729064595732	528729097149403	528729078022449
528729081242583	528729113778309	528729094645578
528729097754505	528729130430530	528729111181059
528729114332264	528729147111520	528729129368030
528729130926177	528729163742135	528729147220122
528729163706043	528729196963164	528729164281727
528729180600778	528729213673125	528729183929757
528729197715483	528729230288522	528729213010731
528729214225330	528729263520008	528729231019520
528729247437651	528729280133371	528729247939075
528729263682321	528729296778268	528729278226103
528729280379302	528729313460967	528729295346872
528729297175200	528729346689889	528729314221139
528729330557484	528729363306060	528729331260405
528729347095285	528729379949167	528729360552804
528729364360137	528729396714019	528729377260120

528728864883533	528728897631987	528728878135649
528728881331653	528728914177926	528728895127186
528728898163278	528728930829171	528728911709705
528728914828113	528728947442575	528728929007679
528728931390695	528728964079090	528728944868966
528728947846017	528728980721302	528728960929228
528728965277739	528728997345976	528728977971587
528728981360299	528729013980254	528728993961455
528728997987130	528729030671538	528729010584136
528729014735503	528729047254708	528729027642444
528729031280058	528729063880807	528729044775949
528729048274891	528729080514067	528729060837187
528729064595732	528729097149403	528729078022449
528729081242583	528729113778309	528729094645578
528729097754505	528729130430530	528729111181059
528729114332264	528729147111520	528729129368030
528729130926177	528729163742135	528729147220122
528729163706043	528729196963164	528729164281727
528729180600778	528729213673125	528729183929757
528729197715483	528729230288522	528729213010731
528729214225330	528729263520008	528729231019520
528729247437651	528729280133371	528729247939075
528729263682321	528729296778268	528729278226103
528729280379302	528729313460967	528729295346872
528729297175200	528729346689889	528729314221139
528729330557484	528729363306060	528729331260405
528729347095285	528729379949167	528729360552804
528729364360137	528729396714019	528729377260120
528729380528879	528729413225697	528729393796294
528729397483387	528729429848499	528729413141265
528729413690662	528729446473459	528729428608468
528729430411528	528729463105457	528729445425322
528729447231515	528729479745960	528729460226022
528729463868600	528729496408884	528729477701893
528729481221628	528729513054513	528729494698475
528729498369211	528729529650501	528729511705230
528729514902821	528729546275542	528729528533721
528729531250396	528729562910389	528729544534128
528729547734364	528729579686838	528729561121245
528729564692575	528729596178984	528729577949899
528729580846221	528729612817209	528729594665760
528729596741688	528729629483672	528729610993641
528729613425038	528729646086170	528729628457630
528729630136952	528729662747791	528729644249582
528729647393381	528729679338937	528729661237497
528729664115467	528729696015777	528729677925282
528729680447214	528729712622914	528729694648508
528729700512765	528729729252064	528729712580881
528729729484038	528729762520334	528729729844308
528729746276356	528729779185332	528729748601266
528729762965606	528729795785104	528729777799509
528729779431060	528729812510894	528729794114328
528729796591582	528729829093780	528729813401682
528729818091623	528729862366485	528729832410349
528729848395293	528729879009836	528729849414499
528729863410552	528729895647613	528729877561431
528729879891590	528729912228301	528729894346791
528729896500762	528729928867461	528729910623890
528729913277292	528729945498280	528729928419545
528729929975493	528729962131866	528729944529326
528729947020944	528729978778838	528729961247466
528729963200347	528729995412424	528729977440215
528729980215809	528730012041045	528729993315093

528729481221628	528729513054513	528729494698475
528729498369211	528729529650501	528729511705230
528729514902821	528729546275542	528729528533721
528729531250396	528729562910389	528729544534128
528729547734364	528729579686838	528729561121245
528729564692575	528729596178984	528729577949899
528729580846221	528729612817209	528729594665760
528729596741688	528729629483672	528729610993641
528729613425038	528729646086170	528729628457630
528729630136952	528729662747791	528729644249582
528729647393381	528729679338937	528729661237497
528729664115467	528729696015777	528729677925282
528729680447214	528729712622914	528729694648508
528729700512765	528729729252064	528729712580881
528729729484038	528729762520334	528729729844308
528729746276356	528729779185332	528729748601266
528729762965606	528729795785104	528729777799509
528729779431060	528729812510894	528729794114328
528729796591582	528729829093780	528729813401682
528729818091623	528729862366485	528729832410349
528729848395293	528729879009836	528729849414499
528729863410552	528729895647613	528729877561431
528729879891590	528729912228301	528729894346791
528729896500762	528729928867461	528729910623890
528729913277292	528729945498280	528729928419545
528729929975493	528729962131866	528729944529326
528729947020944	528729978778838	528729961247466
528729963200347	528729995412424	528729977440215
528729980215809	528730012041045	528729993315093
528729996837880	528730028667958	528730009856434
528730013253081	528730045299305	528730026415191
528730029775461	528730061942575	528730044801543
528730046667185	528730078587595	528730059373646
528730063495188	528730095203846	528730076118763
528730080712839	528730111860829	528730093322377
528730096647043	528730128494414	528730108130360
528730112928090	528730145120065	528730124507476
528730129094390	528730161767689	528730141414255
528730145664296	528730178412505	528730157724436
528730163817860	528730195007150	528730175812286
528730179431833	528730211643015	528730193176543
528730195368112	528730228277699	528730208235056
528730212088490	528730244914947	528730224932728
528730229455433	528730261653879	528730242409698
528730245266957	528730278193226	528730258162139
528730261771026	528730294814524	528730275341664
528730278566680	528730311447906	528730291196807
528730295201486	528730328084869	528730308183868
528730311849110	528730344722360	528730325070586
528730328674753	528730361355661	528730343785796
528730344865915	528730377989817	528730358689157
528730361856760	528730394638295	528730375128244
528730378489857	528730411312611	528730391639027
528730394996612	528730427896433	528730408600250
528730412382557	528730444521758	528730425234608
528730428481760	528730461161854	528730442283965
528730445047474	528730477799875	528730458297271
528730461817901	528730494427886	528730474846750
528730478343088	528730511054799	528730491484934
528730495219105	528730527686920	528730508143422
528730511845652	528730544335560	528730524936228
528730528422841	528730560989939	528730541917063
528730545545074	528730577645945	528730558140045

528730145664296	528730178412505	528730157724436
528730163817860	528730195007150	528730175812286
528730179431833	528730211643015	528730193176543
528730195368112	528730228277699	528730208235056
528730212088490	528730244914947	528730224932728
528730229455433	528730261653879	528730242409698
528730245266957	528730278193226	528730258162139
528730261771026	528730294814524	528730275341664
528730278566680	528730311447906	528730291196807
528730295201486	528730328084869	528730308183868
528730311849110	528730344722360	528730325070586
528730328674753	528730361355661	528730343785796
528730344865915	528730377989817	528730358689157
528730361856760	528730394638295	528730375128244
528730378489857	528730411312611	528730391639027
528730394996612	528730427896433	528730408600250
528730412382557	528730444521758	528730425234608
528730428481760	528730461161854	528730442283965
528730445047474	528730477799875	528730458297271
528730461817901	528730494427886	528730474846750
528730478343088	528730511054799	528730491484934
528730495219105	528730527686920	528730508143422
528730511845652	528730544335560	528730524936228
528730528422841	528730560989939	528730541917063
528730545545074	528730577645945	528730558140045
528730561427724	528730594237864	528730574735341
528730578305287	528730610865712	528730591115997
528730594905995	528730627510487	528730607387888
528730611503163	528730644138498	528730624499338
528730628184234	528730660768666	528730642953155
528730644602406	528730677403961	528730657758331
528730661446807	528730694053293	528730675100941
528730677872955	528730710743275	528730690976145
528730695159372	528730727308013	528730707742299
528730711594187	528730743954783	528730724627105
528730727971628	528730760702300	528730742648752
528730745150299	528730777223581	528730758332305
528730761507191	528730793888498	528730775153554
528730778238881	528730810506378	528730792304026
528730794390207	528730827100046	528730809032338
528730811773020	528730843740915	528730825156117
528730828546946	528730860428090	528730840988474
528730845114980	528730877013010	528730858240671
528730861337554	528730893784210	528730875223704
528730878395823	528730910273386	528730892865061
528730895439971	528730926929473	528730908857737
528730911979319	528730943622711	528730924943756
528730927891143	528730976844268	528730944448720
528730961348622	528730993457265	528730961777903
528730977723215	528731010090647	528730988656524
528730994786773	528731026900990	528731005276438
528731011779937	528731043371653	528731022444569
528731028948232	528731059983958	528731043502634
528731044719553	528731076637522	528731056883901
528731061625600	528731093253611	528731069973053
528731077691721	528731109892283	528731086337107
528731094648875	528731126516591	528731103210846
528731111408315	528731143162872	528731119846506
528731127763539	528731159809519	528731137670644
528731146960032	528731176427276	528731154412140
528731160990916	528731193062205	528731171725291
528731177285553	528731209693919	528731188156931

528730727971628	528730760702300	528730742648752
528730745150299	528730777223581	528730758332305
528730761507191	528730793888498	528730775153554
528730778238881	528730810506378	528730792304026
528730794390207	528730827100046	528730809032338
528730811773020	528730843740915	528730825156117
528730828546946	528730860428090	528730840988474
528730845114980	528730877013010	528730858240671
528730861337554	528730893784210	528730875223704
528730878395823	528730910273386	528730892865061
528730895439971	528730926929473	528730908857737
528730911979319	528730943622711	528730924943756
528730927891143	528730976844268	528730944448720
528730961348622	528730993457265	528730961777903
528730977723215	528731010090647	528730988656524
528730994786773	528731026900990	528731005276438
528731011779937	528731043371653	528731022444569
528731028948232	528731059983958	528731043502634
528731044719553	528731076637522	528731056883901
528731061625600	528731093253611	528731069973053
528731077691721	528731109892283	528731086337107
528731094648875	528731126516591	528731103210846
528731111408315	528731143162872	528731119846506
528731127763539	528731159809519	528731137670644
528731146960032	528731176427276	528731154412140
528731160990916	528731193062205	528731171725291
528731177285553	528731209693919	528731188156931
528731193680938	528731226339101	528731204696563
528731210191803	528731242999745	528731221660268
528731226424591	528731259733469	528731239816477
528731242932078	528731276225901	528731256390330
528731259301910	528731292866038	528731273944529
528731275923045	528731309527822	528731289521718
528731292693349	528731326152455	528731306400868
528731309487213	528731342773712	528731322646189
528731326182241	528731359436513	528731338798207
528731342951650	528731376039418	528731355862457
528731360469594	528731392680491	528731372403025
528731377011790	528731409344350	528731389480092
528731393451975	528731425946564	528731406387075
528731409938507	528731442594635	528731423936676
528731426649363	528731459229482	528731439366974
528731443262766	528731475872914	528731456703847
528731460190053	528731492474599	528731472763987
528731476630890	528731509123321	528731489269968
528731493142242	528731525745473	528731505371734
528731509987132	528731542369537	528731522146311
528731526869008	528731559033722	528731541980133
528731543518504	528731575646962	528731555708323
528731559570099	528731592286814	528731571783193
528731576442088	528731608952911	528731588058014
528731593398631	528731625565257	528731604768422
528731610510935	528731642188914	528731622232656
528731626889923	528731658818593	528731639022003
528731643242503	528731675449778	528731654888214
528731660774404	528731692092194	528731671061595
528731676887970	528731708747548	528731687693919
528731693122996	528731725352122	528731704799388
528731709883535	528731741984690	528731721034495
528731726316070	528731758692698	528731737888092
528731742599029	528731775269643	528731754691437
528731759559682	528731791888336	528731771481964

528731326182241	528731359436513	528731338798207
528731342951650	528731376039418	528731355862457
528731360469594	528731392680491	528731372403025
528731377011790	528731409344350	528731389480092
528731393451975	528731425946564	528731406387075
528731409938507	528731442594635	528731423936676
528731426649363	528731459229482	528731439366974
528731443262766	528731475872914	528731456703847
528731460190053	528731492474599	528731472763987
528731476630890	528731509123321	528731489269968
528731493142242	528731525745473	528731505371734
528731509987132	528731542369537	528731522146311
528731526869008	528731559033722	528731541980133
528731543518504	528731575646962	528731555708323
528731559570099	528731592286814	528731571783193
528731576442088	528731608952911	528731588058014
528731593398631	528731625565257	528731604768422
528731610510935	528731642188914	528731622232656
528731626889923	528731658818593	528731639022003
528731643242503	528731675449778	528731654888214
528731660774404	528731692092194	528731671061595
528731676887970	528731708747548	528731687693919
528731693122996	528731725352122	528731704799388
528731709883535	528731741984690	528731721034495
528731726316070	528731758692698	528731737888092
528731742599029	528731775269643	528731754691437
528731759559682	528731791888336	528731771481964
528731775842967	528731808525869	528731787766062
528731792394765	528731825159536	528731804162384
528731808607819	528731841796010	528731820596303
528731825396189	528731858419912	528731839752879
528731841694366	528731875053457	528731854833364
528731858242828	528731891739288	528731871483063
528731874941233	528731908380931	528731888555003
528731892360789	528731925005686	528731906461375
528731911760162	528731941607005	528731924943146
528731942255686	528731974870066	528731942736196
528731959495921	528731991513540	528731960120026
528731975738637	528732008129873	528731989100210
528731992287913	528732024772003	528732005939891
528732009082550	528732041403595	528732021476959
528732025851593	528732058059520	528732037746246
528732042262319	528732074709422	528732055131989
528732059219676	528732091300649	528732071375804
528732076438751	528732107942902	528732087658559
528732092708567	528732124563792	528732104323232
528732109180451	528732141216502	528732122130809
528732125399323	528732157876455	528732139833893
528732141935700	528732174483429	528732156228587
528732159109080	528732191116282	528732172661001
528732176084585	528732207745962	528732189059804
528732192597239	528732224366486	528732205245677
528732209364573	528732241013011	528732221557038
528732225619985	528732257688629	528732238219717
528732242787221	528732274277334	528732255611115
528732258840363	528732290929555	528732271539622
528732275422720	528732307544871	528732287862946
528732292239899	528732324209137	528732304835683
528732308759145	528732340815908	528732321709463
528732325433502	528732357445343	528732338263052
528732341784984	528732374080272	528732355606964
528732357990957	528732390824697	528732371303701
528732374504873	528732407348135	528732388200836

528731911760162	528731941607005	528731924943146
528731942255686	528731974870066	528731942736196
528731959495921	528731991513540	528731960120026
528731975738637	528732008129873	528731989100210
528731992287913	528732024772003	528732005939891
528732009082550	528732041403595	528732021476959
528732025851593	528732058059520	528732037746246
528732042262319	528732074709422	528732055131989
528732059219676	528732091300649	528732071375804
528732076438751	528732107942902	528732087658559
528732092708567	528732124563792	528732104323232
528732109180451	528732141216502	528732122130809
528732125399323	528732157876455	528732139833893
528732141935700	528732174483429	528732156228587
528732159109080	528732191116282	528732172661001
528732176084585	528732207745962	528732189059804
528732192597239	528732224366486	528732205245677
528732209364573	528732241013011	528732221557038
528732225619985	528732257688629	528732238219717
528732242787221	528732274277334	528732255611115
528732258840363	528732290929555	528732271539622
528732275422720	528732307544871	528732287862946
528732292239899	528732324209137	528732304835683
528732308759145	528732340815908	528732321709463
528732325433502	528732357445343	528732338263052
528732341784984	528732374080272	528732355606964
528732357990957	528732390824697	528732371303701
528732374504873	528732407348135	528732388200836
528732391359324	528732423985220	528732404610301
528732407681997	528732440721426	528732421027822
528732423893179	528732457272451	528732440179800
528732440606029	528732473890656	528732455948761
528732457121572	528732490546418	528732471194326
528732474305410	528732507144928	528732488380972
528732490944936	528732523787262	528732504599518
528732507524404	528732540430288	528732521473257
528732525798411	528732557087677	528732537268952
528732540435944	528732573735342	528732555424429
528732557802847	528732590363800	528732571119009
528732574243520	528732606974193	528732588863312
528732591017812	528732623717764	528732604862132
528732608528717	528732640251007	528732621729075
528732625133779	528732656879751	528732638231029
528732641190827	528732673497427	528732655666413
528732658086009	528732690148916	528732670484935
528732674880158	528732706829132	528732687776235
528732691656606	528732723397166	528732704610871
528732708409658	528732740046174	528732720918936
528732724349030	528732756809845	528732736642284
528732741698070	528732773352204	528732757023713
528732757686758	528732789956411	528732770741771
528732774558218	528732806600007	528732787144522
528732792335236	528732823215322	528732803016388
528732807821564	528732839891144	528732819570343
528732824621328	528732856489533	528732836279409
528732841624583	528732873122915	528732852812938
528732857706045	528732889759919	528732868813263
528732875089956	528732906435700	528732885025788
528732891617625	528732923010814	528732902476146
528732909105663	528732939698802	528732920761465
528732923930695	528732956281607	528732934822337
528732940697581	528732972932811	528732952170685
528732956640290	528732989676504	528732968716340

528732557802847	528732590363800	528732571119009
528732574243520	528732606974193	528732588863312
528732591017812	528732623717764	528732604862132
528732608528717	528732640251007	528732621729075
528732625133779	528732656879751	528732638231029
528732641190827	528732673497427	528732655666413
528732658086009	528732690148916	528732670484935
528732674880158	528732706829132	528732687776235
528732691656606	528732723397166	528732704610871
528732708409658	528732740046174	528732720918936
528732724349030	528732756809845	528732736642284
528732741698070	528732773352204	528732757023713
528732757686758	528732789956411	528732770741771
528732774558218	528732806600007	528732787144522
528732792335236	528732823215322	528732803016388
528732807821564	528732839891144	528732819570343
528732824621328	528732856489533	528732836279409
528732841624583	528732873122915	528732852812938
528732857706045	528732889759919	528732868813263
528732875089956	528732906435700	528732885025788
528732891617625	528732923010814	528732902476146
528732909105663	528732939698802	528732920761465
528732923930695	528732956281607	528732934822337
528732940697581	528732972932811	528732952170685
528732956640290	528732989676504	528732968716340
528732973301016	528733006185578	528732984646149
528732990249177	528733022821239	528733002474722
528733006692455	528733039460440	528733018651358
528733023467316	528733056084951	528733037690095
528733039835969	528733072746043	528733052401683
528733056710602	528733089349600	528733069434113
528733073344798	528733105990469	528733085800121
528733089726431	528733122641266	528733102305166
528733106410554	528733139304108	528733119537547
528733122846426	528733155891429	528733135733552
528733139458202	528733172564240	528733152788443
528733155931794	528733189151602	528733170531525
528733172873973	528733205791983	528733185717154
528733189519237	528733222475088	528733202746206
528733206315176	528733239065257	528733220454458
528733222825145	528733255717276	528733236026276
528733239547110	528733272342683	528733253104523
528733256741527	528733288968252	528733270386587
528733272981232	528733305656485	528733286459626
528733289670889	528733322251577	528733302626781
528733306282298	528733338864777	528733319220002
528733322988557	528733355508698	528733335483877
528733339886913	528733372128286	528733355265290
528733356754792	528733388774934	528733368977326
528733373121654	528733405394644	528733385921174
528733390125804	528733422031688	528733402238109
528733407125072	528733438662344	528733418911734
528733422998729	528733455326529	528733435583772
528733440136221	528733471946158	528733454766633
528733456657014	528733488701895	528733469955801
528733473161978	528733505235383	528733485095409
528733489927399	528733521862417	528733503420523
528733507373851	528733538477530	528733520172761
528733523429882	528733555133210	528733535365551
528733539641429	528733571739533	528733553165884
528733557476431	528733588369986	528733570692048
528733572433951	528733605008617	528733584943309
528733589378287	528733621649568	528733601601879

528733172873973	528733205791983	528733185717154
528733189519237	528733222475088	528733202746206
528733206315176	528733239065257	528733220454458
528733222825145	528733255717276	528733236026276
528733239547110	528733272342683	528733253104523
528733256741527	528733288968252	528733270386587
528733272981232	528733305656485	528733286459626
528733289670889	528733322251577	528733302626781
528733306282298	528733338864777	528733319220002
528733322988557	528733355508698	528733335483877
528733339886913	528733372128286	528733355265290
528733356754792	528733388774934	528733368977326
528733373121654	528733405394644	528733385921174
528733390125804	528733422031688	528733402238109
528733407125072	528733438662344	528733418911734
528733422998729	528733455326529	528733435583772
528733440136221	528733471946158	528733454766633
528733456657014	528733488701895	528733469955801
528733473161978	528733505235383	528733485095409
528733489927399	528733521862417	528733503420523
528733507373851	528733538477530	528733520172761
528733523429882	528733555133210	528733535365551
528733539641429	528733571739533	528733553165884
528733557476431	528733588369986	528733570692048
528733572433951	528733605008617	528733584943309
528733589378287	528733621649568	528733601601879
528733606508739	528733638283153	528733619119213
528733622034252	528733654917512	528733637039582
528733638819774	528733671668936	528733651851350
528733655420930	528733688231477	528733669097972
528733672626659	528733704823599	528733686854483
528733688971833	528733721457225	528733702771028
528733705374218	528733738091788	528733718681224
528733721874950	528733754722688	528733734838654
528733739254670	528733771364818	528733752686514
528733755393912	528733788015453	528733769894644
528733773030875	528733804687287	528733784666698
528733789242219	528733821266104	528733802135936
528733806117056	528733837892325	528733819054760
528733822130036	528733854533560	528733834919221
528733839211050	528733871165071	528733851422639
528733855214672	528733887794546	528733868639802
528733872529817	528733904420808	528733884519156
528733889373323	528733921063386	528733901163362
528733906136140	528733937776399	528733917891592
528733922122102	528733970963044	528733938646760
528733954806631	528733987634390	528733955147574
528733971526480	528734004244823	528733984497224
528733988558951	528734020894481	528733999683056
528734005277375	528734037520458	528734017072745
528734023060782	528734054151155	528734033378124
528734039336986	528734070791454	528734050270702
528734055423778	528734087419425	528734067740307
528734071570222	528734104097444	528734083101716
528734088253531	528734120711661	528734099487743
528734105065787	528734137304149	528734117131908
528734121331290	528734153943961	528734133476676
528734138441967	528734170576855	528734150020336
528734155314444	528734187218375	528734168932893
528734171682242	528734203843538	528734182966910
528734188256501	528734220490063	528734200233796
528734205670523	528734237119579	528734217350007

528733806117056	528733837892325	528733819054760
528733822130036	528733854533560	528733834919221
528733839211050	528733871165071	528733851422639
528733855214672	528733887794546	528733868639802
528733872529817	528733904420808	528733884519156
528733889373323	528733921063386	528733901163362
528733906136140	528733937776399	528733917891592
528733922122102	528733970963044	528733938646760
528733954806631	528733987634390	528733955147574
528733971526480	528734004244823	528733984497224
528733988558951	528734020894481	528733999683056
528734005277375	528734037520458	528734017072745
528734023060782	528734054151155	528734033378124
528734039336986	528734070791454	528734050270702
528734055423778	528734087419425	528734067740307
528734071570222	528734104097444	528734083101716
528734088253531	528734120711661	528734099487743
528734105065787	528734137304149	528734117131908
528734121331290	528734153943961	528734133476676
528734138441967	528734170576855	528734150020336
528734155314444	528734187218375	528734168932893
528734171682242	528734203843538	528734182966910
528734188256501	528734220490063	528734200233796
528734205670523	528734237119579	528734217350007
528734221828482	528734253747468	528734236049185
528734237768261	528734270383455	528734249229280
528734254420279	528734287004345	528734266779980
528734270958853	528734303662345	528734282823721
528734288471386	528734320292309	528734300252514
528734304328482	528734336912426	528734316958853
528734321006176	528734353544954	528734333680859
528734337560579	528734370194205	528734350397574
528734354515616	528734386842520	528734367492138
528734370856396	528734403449291	528734383754508
528734387681917	528734420086254	528734401444612
528734403877839	528734436711539	528734417630484
528734420453523	528734453363028	528734434591869
528734436884919	528734470036856	528734450804882
528734454011099	528734486736726	528734468151602
528734469934683	528734503277742	528734484155956
528734487176505	528734519893749	528734501073355
528734504376741	528734536562125	528734517230094
528734520571606	528734553188956	528734535956412
528734536905224	528734569804435	528734549955069
528734553599926	528734586415356	528734567428295
528734570291536	528734603064851	528734583374828
528734587126130	528734619688997	528734599917268
528734603850699	528734636346386	528734616452465
528734620886384	528734652995637	528734633752717
528734637921378	528734669636547	528734651114697
528734654445548	528734686228629	528734668143993
528734670353832	528734702910880	528734682801220
528734688073559	528734719521028	528734700845694
528734703731925	528734736148469	528734717803702
528734720543570	528734752783723	528734734129304
528734737277254	528734769403027	528734750728751
528734753829947	528734786060091	528734766991446
528734770501375	528734802673575	528734783122997
528734786781770	528734819298982	528734799455883
528734803226920	528734835936149	528734816741365
528734819915519	528734852576814	528734834491487
528734836720816	528734869214550	528734849343701

528734403877839	528734436711539	528734417630484
528734420453523	528734453363028	528734434591869
528734436884919	528734470036856	528734450804882
528734454011099	528734486736726	528734468151602
528734469934683	528734503277742	528734484155956
528734487176505	528734519893749	528734501073355
528734504376741	528734536562125	528734517230094
528734520571606	528734553188956	528734535956412
528734536905224	528734569804435	528734549955069
528734553599926	528734586415356	528734567428295
528734570291536	528734603064851	528734583374828
528734587126130	528734619688997	528734599917268
528734603850699	528734636346386	528734616452465
528734620886384	528734652995637	528734633752717
528734637921378	528734669636547	528734651114697
528734654445548	528734686228629	528734668143993
528734670353832	528734702910880	528734682801220
528734688073559	528734719521028	528734700845694
528734703731925	528734736148469	528734717803702
528734720543570	528734752783723	528734734129304
528734737277254	528734769403027	528734750728751
528734753829947	528734786060091	528734766991446
528734770501375	528734802673575	528734783122997
528734786781770	528734819298982	528734799455883
528734803226920	528734835936149	528734816741365
528734819915519	528734852576814	528734834491487
528734836720816	528734869214550	528734849343701
528734853646679	528734885846590	528734866083528
528734869887117	528734902479972	528734882654370
528734886583569	528734919115063	528734899173738
528734903160554	528734935743969	528734915798209
528734919826367	528734952369946	528734932367016
528734936738232	528734969009431	528734948962434
528734953634879	528734985684277	528734965829825
528734969496166	528735002266837	528734983013785
528734986115226	528735018931347	528734999244254
528735002385245	528735035577262	528735016170442
528735020087190	528735052209790	528735033156038
528735036594230	528735068817537	528735051256665
528735052859773	528735085444124	528735065789135
528735069272412	528735102077384	528735081713370
528735086336580	528735118716015	528735098055818
528735103036612	528735135355867	528735114816113
528735118984000	528735152043489	528735133551627
528735135864290	528735168724479	528735150167431
528735152694246	528735185408601	528735168327994
528735169146761	528735202422599	528735185437573
528735186554760	528735235208772	528735203464021
528735219638419	528735251794995	528735220224235
528735236447216	528735268437573	528735247943229
528735253050000	528735285086865	528735265023103
528735269499300	528735301690014	528735282065299
528735286524406	528735318323844	528735297912630
528735303546297	528735334958162	528735315364616
528735319981722	528735351708325	528735330695263
528735338171704	528735368256258	528735347981355
528735353726920	528735384884594	528735365072990
528735369742911	528735401503410	528735382570101
528735388493196	528735418128532	528735397273510
528735403158276	528735434767203	528735414633252
528735419006909	528735451416129	528735432359407
528735435321810	528735468041455	528735447326611
528735452724275	528735484668001	528735464383618

528735036594230	528735068817537	528735051256665
528735052859773	528735085444124	528735065789135
528735069272412	528735102077384	528735081713370
528735086336580	528735118716015	528735098055818
528735103036612	528735135355867	528735114816113
528735118984000	528735152043489	528735133551627
528735135864290	528735168724479	528735150167431
528735152694246	528735185408601	528735168327994
528735169146761	528735202422599	528735185437573
528735186554760	528735235208772	528735203464021
528735219638419	528735251794995	528735220224235
528735236447216	528735268437573	528735247943229
528735253050000	528735285086865	528735265023103
528735269499300	528735301690014	528735282065299
528735286524406	528735318323844	528735297912630
528735303546297	528735334958162	528735315364616
528735319981722	528735351708325	528735330695263
528735338171704	528735368256258	528735347981355
528735353726920	528735384884594	528735365072990
528735369742911	528735401503410	528735382570101
528735388493196	528735418128532	528735397273510
528735403158276	528735434767203	528735414633252
528735419006909	528735451416129	528735432359407
528735435321810	528735468041455	528735447326611
528735452724275	528735484668001	528735464383618
528735469032828	528735501306795	528735481873812
528735485052807	528735517939974	528735497878857
528735501683545	528735534681063	528735515066723
528735517742301	528735551239005	528735530741121
528735534179272	528735567865552	528735548218009
528735551111564	528735584507234	528735565390291
528735567804638	528735601149121	528735582947176
528735584977042	528735617760937	528735599235791
528735601090853	528735634414705	528735615840242
528735618367627	528735651007967	528735631650586
528735634899162	528735667644767	528735647800895
528735651378410	528735684282096	528735664569409
528735668564241	528735700911043	528735681348462
528735685138623	528735717550285	528735697452750
528735701404695	528735734188590	528735714373364
528735718245028	528735750816032	528735733100822
528735734904411	528735767453320	528735747368970
528735752001172	528735784089062	528735764254346
528735768364046	528735800722404	528735781258903
528735785246777	528735817346183	528735797294547
528735802007275	528735833994254	528735813921541
528735818948559	528735850646354	528735830604443
528735835812207	528735867254224	528735847289746
528735852068188	528735883893831	528735864084749
528735868349479	528735900523918	528735881293286
528735884768140	528735917164298	528735897190747
528735901885002	528735933788892	528735913694043
528735917956169	528735950450553	528735930456331
528735934185091	528735967064445	528735947349438
528735950711906	528735983696322	528735964344271
528735967181470	528736000324536	528735980886100
528735983814079	528736016977002	528735998084587
528736000370109	528736033616447	528736014181958
528736017218416	528736050232699	528736032880892
528736033598543	528736066869092	528736047646232
528736050665926	528736083519116	528736064474601
528736067257275	528736100144971	528736081835767
528736083620719	528736116767326	528736097308626

528735618367627	528735651007967	528735631650586
528735634899162	528735667644767	528735647800895
528735651378410	528735684282096	528735664569409
528735668564241	528735700911043	528735681348462
528735685138623	528735717550285	528735697452750
528735701404695	528735734188590	528735714373364
528735718245028	528735750816032	528735733100822
528735734904411	528735767453320	528735747368970
528735752001172	528735784089062	528735764254346
528735768364046	528735800722404	528735781258903
528735785246777	528735817346183	528735797294547
528735802007275	528735833994254	528735813921541
528735818948559	528735850646354	528735830604443
528735835812207	528735867254224	528735847289746
528735852068188	528735883893831	528735864084749
528735868349479	528735900523918	528735881293286
528735884768140	528735917164298	528735897190747
528735901885002	528735933788892	528735913694043
528735917956169	528735950450553	528735930456331
528735934185091	528735967064445	528735947349438
528735950711906	528735983696322	528735964344271
528735967181470	528736000324536	528735980886100
528735983814079	528736016977002	528735998084587
528736000370109	528736033616447	528736014181958
528736017218416	528736050232699	528736032880892
528736033598543	528736066869092	528736047646232
528736050665926	528736083519116	528736064474601
528736067257275	528736100144971	528736081835767
528736083620719	528736116767326	528736097308626
528736100472201	528736133404085	528736113241162
528736119474764	528736150052116	528736129782951
528736133947135	528736166679557	528736147172152
528736151112459	528736183303337	528736163683097
528736167233350	528736199944938	528736180066724
528736184071322	528736216581250	528736197767529
528736200643262	528736233233268	528736214226310
528736217222526	528736249860181	528736231130933
528736233796826	528736266483838	528736248228345
528736250308586	528736283128084	528736264070142
528736266990633	528736299776196	528736279542188
528736283598788	528736316383659	528736296473869
528736300998731	528736333026522	528736313124097
528736317527458	528736349888338	528736330236727
528736334155184	528736366331332	528736349988395
528736366847038	528736399547030	528736367388013
528736383965161	528736416203117	528736384854077
528736400303418	528736432845858	528736415281730
528736416788281	528736449505567	528736431982739
528736433581779	528736466183871	528736449008252
528736450751091	528736499368685	528736469000399
528736484365877	528736516009798	528736486243238
528736500838127	528736532636589	528736514770459
528736517474398	528736549245923	528736532693229
528736534650057	528736565939974	528736548480827
528736551419914	528736582560905	528736565389152
528736567919711	528736599167961	528736582287264
528736584414624	528736615886711	528736598758252
528736600322176	528736649102409	528736617161410
528736633813062	528736665687614	528736634311231
528736650294100	528736682328565	528736659734449
528736667309685	528736698961621	528736675845492
528736683394483	528736715670118	528736693063509

528736266990633	528736299776196	528736279542188
528736283598788	528736316383659	528736296473869
528736300998731	528736333026522	528736313124097
528736317527458	528736349888338	528736330236727
528736334155184	528736366331332	528736349988395
528736366847038	528736399547030	528736367388013
528736383965161	528736416203117	528736384854077
528736400303418	528736432845858	528736415281730
528736416788281	528736449505567	528736431982739
528736433581779	528736466183871	528736449008252
528736450751091	528736499368685	528736469000399
528736484365877	528736516009798	528736486243238
528736500838127	528736532636589	528736514770459
528736517474398	528736549245923	528736532693229
528736534650057	528736565939974	528736548480827
528736551419914	528736582560905	528736565389152
528736567919711	528736599167961	528736582287264
528736584414624	528736615886711	528736598758252
528736600322176	528736649102409	528736617161410
528736633813062	528736665687614	528736634311231
528736650294100	528736682328565	528736659734449
528736667309685	528736698961621	528736675845492
528736683394483	528736715670118	528736693063509
528736699898633	528736732232455	528736708857048
528736716208081	528736748861198	528736726748161
528736732442823	528736765497144	528736742749992
528736749530022	528736782143506	528736759510572
528736765846591	528736798769890	528736777103182
528736782480217	528736815405917	528736793922437
528736798894279	528736832041740	528736810494092
528736815586621	528736848750196	528736828537631
528736832240308	528736865341057	528736844755892
528736848733798	528736881960848	528736861286206
528736865758171	528736898643954	528736877978223
528736881850578	528736915195305	528736896984449
528736898434929	528736931832471	528736910894768
528736915165357	528736948479729	528736927472974
528736932173536	528736965111768	528736944679232
528736949226392	528736981745842	528736961112826
528736966157260	528736998374423	528736977858147
528736982900302	528737015049105	528736994711825
528736999600822	528737031652011	528737011098259
528737016923820	528737048302686	528737028810946
528737032755323	528737064954623	528737044364901
528737049699252	528737081546786	528737062175448
528737066481397	528737098187492	528737078106723
528737082655876	528737114841138	528737094694369
528737098937452	528737131445549	528737110975293
528737115933016	528737148119418	528737127602816
528737132640292	528737164738965	528737144130160
528737151015211	528737181355014	528737160981600
528737166672641	528737197986687	528737177542758
528737182597038	528737214633090	528737196535474
528737198685621	528737231256503	528737210308220
528737217533643	528737247883700	528737227119255
528737232606885	528737264517082	528737243703077
528737249165398	528737281160515	528737260458855
528737265671542	528737297792229	528737277168409
528737281579908	528737314447828	528737294337476
528737298313347	528737331065381	528737311470492
528737315245883	528737347690259	528737327006706
528737331739210	528737364354810	528737344179273

528736898434929	528736931832471	528736910894768
528736915165357	528736948479729	528736927472974
528736932173536	528736965111768	528736944679232
528736949226392	528736981745842	528736961112826
528736966157260	528736998374423	528736977858147
528736982900302	528737015049105	528736994711825
528736999600822	528737031652011	528737011098259
528737016923820	528737048302686	528737028810946
528737032755323	528737064954623	528737044364901
528737049699252	528737081546786	528737062175448
528737066481397	528737098187492	528737078106723
528737082655876	528737114841138	528737094694369
528737098937452	528737131445549	528737110975293
528737115933016	528737148119418	528737127602816
528737132640292	528737164738965	528737144130160
528737151015211	528737181355014	528737160981600
528737166672641	528737197986687	528737177542758
528737182597038	528737214633090	528737196535474
528737198685621	528737231256503	528737210308220
528737217533643	528737247883700	528737227119255
528737232606885	528737264517082	528737243703077
528737249165398	528737281160515	528737260458855
528737265671542	528737297792229	528737277168409
528737281579908	528737314447828	528737294337476
528737298313347	528737331065381	528737311470492
528737315245883	528737347690259	528737327006706
528737331739210	528737364354810	528737344179273
528737348627963	528737380953769	528737360071037
528737365540764	528737397687899	528737377514966
528737382127230	528737414220411	528737395441562
528737398768222	528737430869703	528737411407789
528737415684034	528737447487786	528737427968295
528737431821770	528737464142245	528737445217115
528737448404005	528737480762729	528737461709384
528737465654005	528737497403679	528737478925286
528737481890129	528737514080925	528737496535393
528737498910841	528737530714552	528737510698113
528737515411939	528737547301018	528737527751417
528737531817945	528737563949333	528737544180738
528737548829094	528737580600619	528737562133782
528737565850863	528737597205518	528737579193149
528737581656446	528737613831698	528737594301913
528737598179192	528737630471591	528737610381300
528737614789910	528737647111280	528737627143303
528737631279941	528737663755893	528737643679273
528737648365837	528737680388217	528737661955885
528737664481275	528737697008822	528737679027418
528737680472608	528737713669060	528737695526319
528737697198642	528737730285963	528737710352003
528737713818352	528737746902336	528737727295240
528737730268059	528737763606560	528737743306430
528737747266431	528737780175733	528737760327141
528737764161817	528737796949415	528737777119581
528737783279615	528737813468905	528737797220737
528737813915235	528737846754998	528737814316847
528737831032423	528737863379347	528737831468458
528737847595492	528737880021803	528737856434644
528737864546176	528737896646192	528737874046664
528737881271396	528737913246615	528737889898430
528737898089267	528737929888502	528737907253126
528737914628655	528737946522616	528737924092929
528737930988681	528737963159132	528737941136223
528737947703077	528737979797153	528737958629184

528737498910841	528737530714552	528737510698113
528737515411939	528737547301018	528737527751417
528737531817945	528737563949333	528737544180738
528737548829094	528737580600619	528737562133782
528737565850863	528737597205518	528737579193149
528737581656446	528737613831698	528737594301913
528737598179192	528737630471591	528737610381300
528737614789910	528737647111280	528737627143303
528737631279941	528737663755893	528737643679273
528737648365837	528737680388217	528737661955885
528737664481275	528737697008822	528737679027418
528737680472608	528737713669060	528737695526319
528737697198642	528737730285963	528737710352003
528737713818352	528737746902336	528737727295240
528737730268059	528737763606560	528737743306430
528737747266431	528737780175733	528737760327141
528737764161817	528737796949415	528737777119581
528737783279615	528737813468905	528737797220737
528737813915235	528737846754998	528737814316847
528737831032423	528737863379347	528737831468458
528737847595492	528737880021803	528737856434644
528737864546176	528737896646192	528737874046664
528737881271396	528737913246615	528737889898430
528737898089267	528737929888502	528737907253126
528737914628655	528737946522616	528737924092929
528737930988681	528737963159132	528737941136223
528737947703077	528737979797153	528737958629184
528737964537428	528737996423943	528737975959140
528737981414910	528738013063144	528737992281080
528737997338453	528738029698276	528738009829827
528738013753329	528738046329094	528738026302076
528738030371900	528738062975986	528738042565463
528738048513176	528738079667148	528738059484124
528738064517286	528738096233473	528738076137647
528738080225294	528738112874505	528738092701043
528738096547193	528738129488071	528738111363762
528738113239902	528738146133009	528738125794264
528738129826205	528738162777499	528738142314080
528738146619988	528738179405063	528738159156772
528738163024122	528738196073642	528738177828810
528738179502068	528738212722853	528738194192538
528738196434685	528738229298902	528738211392042
528738213408603	528738245945997	528738227483595
528738229407993	528738262565219	528738242736158
528738246227206	528738279216017	528738259242262
528738262985222	528738295837233	528738275917595
528738279609327	528738312489739	528738292475335
528738296846673	528738329113803	528738311053704
528738313830519	528738345755974	528738328256707
528738329930901	528738362365594	528738343187859
528738346772698	528738379001905	528738359124179
528738363720696	528738395657179	528738375928378
528738380296339	528738412266228	528738394311354
528738396326897	528738428906528	528738409345208
528738412821241	528738445541090	528738426868076
528738429971713	528738462215691	528738442692742
528738449349684	528738478814812	528738460781813
528738463184848	528738495435621	528738477088453
528738480122552	528738512074700	528738492232863
528738496885898	528738528712314	528738509205356
528738513576409	528738545351515	528738525485792
528738529940586	528738562019362	528738542486850
528738546581414	528738578749790	528738560155307

528738064517286	528738096233473	528738076137647
528738080225294	528738112874505	528738092701043
528738096547193	528738129488071	528738111363762
528738113239902	528738146133009	528738125794264
528738129826205	528738162777499	528738142314080
528738146619988	528738179405063	528738159156772
528738163024122	528738196073642	528738177828810
528738179502068	528738212722853	528738194192538
528738196434685	528738229298902	528738211392042
528738213408603	528738245945997	528738227483595
528738229407993	528738262565219	528738242736158
528738246227206	528738279216017	528738259242262
528738262985222	528738295837233	528738275917595
528738279609327	528738312489739	528738292475335
528738296846673	528738329113803	528738311053704
528738313830519	528738345755974	528738328256707
528738329930901	528738362365594	528738343187859
528738346772698	528738379001905	528738359124179
528738363720696	528738395657179	528738375928378
528738380296339	528738412266228	528738394311354
528738396326897	528738428906528	528738409345208
528738412821241	528738445541090	528738426868076
528738429971713	528738462215691	528738442692742
528738449349684	528738478814812	528738460781813
528738463184848	528738495435621	528738477088453
528738480122552	528738512074700	528738492232863
528738496885898	528738528712314	528738509205356
528738513576409	528738545351515	528738525485792
528738529940586	528738562019362	528738542486850
528738546581414	528738578749790	528738560155307
528738563298089	528738595259352	528738577282464
528738579276442	528738611888055	528738593250766
528738595712477	528738628516106	528738609894931
528738612684360	528738645168165	528738625299472
528738629106683	528738661790887	528738642426995
528738646338820	528738678516106	528738659645664
528738663529900	528738711682977	528738679502516
528738695303908	528738728322096	528738695789829
528738711775791	528738744985060	528738723193312
528738728909702	528738761612623	528738740282667
528738745361036	528738778262811	528738756966342
528738761845696	528738794861037	528738774969394
528738778369500	528738811522698	528738791699090
528738795015781	528738828123773	528738808976271
528738811668043	528738844785801	528738824709018
528738828327020	528738861386427	528738840600254
528738845032912	528738878029331	528738857104811
528738861816644	528738894689650	528738874125441
528738878912469	528738911298577	528738890675490
528738895536289	528738927930047	528738908312331
528738912505690	528738944641920	528738925121982
528738928900465	528738961195469	528738940954339
528738946004795	528738977834344	528738957904575
528738962579298	528738994469232	528738974620029
528738978269484	528739011096103	528738993038405
528738995377638	528739027763665	528739007837640
528739011724969	528739044366489	528739024140700
528739027846551	528739061012160	528739040889194
528739044419997	528739077640496	528739057625929
528739061984043	528739094308058	528739075733921
528739078497308	528739110932000	528739091527866
528739095673699	528739144172357	528739111420037
528739111964308	528739160803948	528739125601312

528738695303908	528738728322096	528738695789829
528738711775791	528738744985060	528738723193312
528738728909702	528738761612623	528738740282667
528738745361036	528738778262811	528738756966342
528738761845696	528738794861037	528738774969394
528738778369500	528738811522698	528738791699090
528738795015781	528738828123773	528738808976271
528738811668043	528738844785801	528738824709018
528738828327020	528738861386427	528738840600254
528738845032912	528738878029331	528738857104811
528738861816644	528738894689650	528738874125441
528738878912469	528738911298577	528738890675490
528738895536289	528738927930047	528738908312331
528738912505690	528738944641920	528738925121982
528738928900465	528738961195469	528738940954339
528738946004795	528738977834344	528738957904575
528738962579298	528738994469232	528738974620029
528738978269484	528739011096103	528738993038405
528738995377638	528739027763665	528739007837640
528739011724969	528739044366489	528739024140700
528739027846551	528739061012160	528739040889194
528739044419997	528739077640496	528739057625929
528739061984043	528739094308058	528739075733921
528739078497308	528739110932000	528739091527866
528739095673699	528739144172357	528739111420037
528739111964308	528739160803948	528739125601312
528739132198561	528739177444696	528739157272617
528739161189121	528739194083123	528739173625726
528739178028192	528739210724399	528739190374993
528739194678664	528739227352777	528739207366326
528739211421095	528739243978346	528739224881056
528739227761468	528739260645705	528739240376987
528739244484735	528739277262933	528739257548374
528739261780999	528739293901239	528739274293288
528739278054193	528739310521844	528739293189935
528739294244622	528739327203607	528739308248447
528739311049920	528739343792393	528739324382562
528739327739129	528739360454665	528739340606073
528739344384637	528739377053135	528739357509474
528739361961338	528739393709100	528739373838657
528739378269077	528739410348341	528739390333001
528739394977980	528739426964349	528739407207635
528739411588983	528739443613031	528739423821283
528739427904941	528739460232822	528739440318434
528739444774570	528739476866489	528739457237217
528739462213413	528739493492262	528739474112013
528739477978143	528739510128330	528739490237339
528739494447503	528739526759067	528739506393345
528739511209832	528739543384596	528739523488234
528739527723260	528739560019443	528739539757765
528739543882318	528739576658970	528739556348952
528739560699701	528739593327345	528739573667271
528739577044712	528739609938307	528739590823602
528739594166335	528739626638462	528739607296299
528739610312453	528739643211135	528739623743117
528739626773757	528739659851678	528739641022007
528739643004917	528739676479811	528739658267775
528739659745396	528739693117059	528739673494256
528739676509312	528739709737339	528739689939650
528739693338902	528739726372023	528739706467197
528739710153355	528739743008457	528739723025384
528739727301833	528739759644525	528739739533889
528739744565708	528739776281325	528739756447219

528739311049920	528739343792393	528739324382562
528739327739129	528739360454665	528739340606073
528739344384637	528739377053135	528739357509474
528739361961338	528739393709100	528739373838657
528739378269077	528739410348341	528739390333001
528739394977980	528739426964349	528739407207635
528739411588983	528739443613031	528739423821283
528739427904941	528739460232822	528739440318434
528739444774570	528739476866489	528739457237217
528739462213413	528739493492262	528739474112013
528739477978143	528739510128330	528739490237339
528739494447503	528739526759067	528739506393345
528739511209832	528739543384596	528739523488234
528739527723260	528739560019443	528739539757765
528739543882318	528739576658970	528739556348952
528739560699701	528739593327345	528739573667271
528739577044712	528739609938307	528739590823602
528739594166335	528739626638462	528739607296299
528739610312453	528739643211135	528739623743117
528739626773757	528739659851678	528739641022007
528739643004917	528739676479811	528739658267775
528739659745396	528739693117059	528739673494256
528739676509312	528739709737339	528739689939650
528739693338902	528739726372023	528739706467197
528739710153355	528739743008457	528739723025384
528739727301833	528739759644525	528739739533889
528739744565708	528739776281325	528739756447219
528739761205194	528739792908522	528739773044346
528739777741896	528739809555292	528739789643874
528739793915602	528739826203281	528739807880405
528739811911371	528739842857416	528739825423374
528739827407871	528739859436802	528739840997756
528739843402175	528739876079787	528739858945306
528739860800368	528739892731073	528739872641962
528739877239496	528739909346714	528739890204177
528739893949375	528739925986444	528739904899937
528739910760899	528739942605300	528739922171340
528739926907831	528739959259149	528739938894891
528739943811558	528739975901361	528739956762811
528739960584670	528739992537510	528739972680699
528739977068841	528740009151442	528739989137608
528739994659377	528740025791660	528740005619663
528740010188308	528740042414789	528740022778314
528740026874872	528740059041538	528740040185541
528740043132766	528740075681431	528740055933994
528740059855178	528740092315546	528740072292556
528740076179559	528740108949050	528740088827997
528740092686070	528740125695550	528740105343662
528740109045282	528740142271031	528740123844476
528740125892775	528740158850743	528740139984532
528740142905389	528740175476760	528740156788527
528740159811558	528740192151158	528740172831944
528740176469191	528740208752069	528740190274286
528740191910516	528740225437575	528740205275873
528740208617955	528740242043939	528740222513381
528740225285598	528740258671381	528740239345778
528740242136997	528740275335402	528740256665806
528740259692133	528740291953241	528740273305658
528740275867344	528740308564935	528740289591709
528740292845860	528740325204787	528740305307448
528740309533685	528740341827549	528740322334874
528740325802606	528740358478876	528740338415928
528740343583653	528740375126296	528740355237217

528739910760899	528739942605300	528739922171340
528739926907831	528739959259149	528739938894891
528739943811558	528739975901361	528739956762811
528739960584670	528739992537510	528739972680699
528739977068841	528740009151442	528739989137608
528739994659377	528740025791660	528740005619663
528740010188308	528740042414789	528740022778314
528740026874872	528740059041538	528740040185541
528740043132766	528740075681431	528740055933994
528740059855178	528740092315546	528740072292556
528740076179559	528740108949050	528740088827997
528740092686070	528740125695550	528740105343662
528740109045282	528740142271031	528740123844476
528740125892775	528740158850743	528740139984532
528740142905389	528740175476760	528740156788527
528740159811558	528740192151158	528740172831944
528740176469191	528740208752069	528740190274286
528740191910516	528740225437575	528740205275873
528740208617955	528740242043939	528740222513381
528740225285598	528740258671381	528740239345778
528740242136997	528740275335402	528740256665806
528740259692133	528740291953241	528740273305658
528740275867344	528740308564935	528740289591709
528740292845860	528740325204787	528740305307448
528740309533685	528740341827549	528740322334874
528740325802606	528740358478876	528740338415928
528740343583653	528740375126296	528740355237217
528740359127598	528740391732334	528740373701003
528740376213943	528740408364048	528740389261184
528740393199375	528740425012527	528740405052850
528740409717767	528740441633987	528740421897455
528740426505691	528740458268508	528740438137445
528740442652460	528740474941319	528740454807774
528740459826613	528740491538528	528740472400792
528740476266229	528740508175246	528740491063267
528740492724319	528740524818964	528740505389968
528740509179804	528740541434280	528740523144810
528740525824457	528740558071324	528740538563226
528740542595941	528740574706781	528740554728672
528740559294550	528740591337478	528740571501988
528740575824050	528740607990676	528740588050246
528740592179153	528740624674433	528740605362787
528740609130894	528740641236363	528740623499424
528740624606439	528740657872756	528740638740351
528740641337396	528740674514561	528740654543248
528740658013422	528740691167027	528740671435256
528740674431350	528740707824742	528740687811558
528740690860549	528740724445225	528740705433669
528740707727737	528740741081008	528740724055048
528740740967849	528740774345331	528740741381342
528740758054234	528740790972406	528740759134923
528740774615880	528740807605544	528740790702672
528740791074254	528740824221674	528740805531081
528740807976068	528740840860712	528740823791457
528740824752069	528740857482945	528740839983637
528740841551386	528740874136428	528740855340937
528740858673863	528740890760655	528740871457961
528740875217686	528740907388056	528740888047439
528740891923090	528740924024123	528740904625035
528740909036493	528740940663324	528740921673660
528740925032628	528740957310582	528740938371658
528740941774327	528740973932937	528740955237340
528740958419306	528740990617222	528740972344110

528740509179804	528740541434280	528740523144810
528740525824457	528740558071324	528740538563226
528740542595941	528740574706781	528740554728672
528740559294550	528740591337478	528740571501988
528740575824050	528740607990676	528740588050246
528740592179153	528740624674433	528740605362787
528740609130894	528740641236363	528740623499424
528740624606439	528740657872756	528740638740351
528740641337396	528740674514561	528740654543248
528740658013422	528740691167027	528740671435256
528740674431350	528740707824742	528740687811558
528740690860549	528740724445225	528740705433669
528740707727737	528740741081008	528740724055048
528740740967849	528740774345331	528740741381342
528740758054234	528740790972406	528740759134923
528740774615880	528740807605544	528740790702672
528740791074254	528740824221674	528740805531081
528740807976068	528740840860712	528740823791457
528740824752069	528740857482945	528740839983637
528740841551386	528740874136428	528740855340937
528740858673863	528740890760655	528740871457961
528740875217686	528740907388056	528740888047439
528740891923090	528740924024123	528740904625035
528740909036493	528740940663324	528740921673660
528740925032628	528740957310582	528740938371658
528740941774327	528740973932937	528740955237340
528740958419306	528740990617222	528740972344110
528740975421951	528741007214838	528740988037144
528740991855300	528741023838007	528741004871332
528741008216873	528741040470942	528741021713821
528741024782750	528741057120152	528741037953770
528741041692296	528741073750727	528741054683303
528741057900873	528741090368280	528741071306187
528741074991205	528741107001296	528741087793370
528741090975458	528741123644688	528741106371292
528741107456781	528741140261550	528741121317459
528741123925735	528741156899693	528741136706781
528741140830846	528741173602493	528741153265050
528741157543411	528741190164871	528741170844395
528741174632197	528741206842320	528741187611200
528741190603307	528741223459223	528741204327997
528741206708694	528741240133092	528741222882929
528741223410517	528741256735631	528741238509231
528741240447423	528741273333653	528741253884028
528741256801712	528741289968012	528741270605422
528741273719965	528741306601882	528741286916173
528741290158035	528741323251988	528741303571039
528741306655756	528741339953323	528741321398432
528741323419713	528741356509312	528741338012975
528741340094233	528741373173212	528741354466059
528741356863805	528741389773635	528741370892898
528741373199539	528741406413569	528741388947219
528741389795852	528741423056554	528741403869257
528741406740514	528741439714228	528741421315587
528741423989252	528741456319941	528741437230585
528741440311559	528741472967320	528741454376093
528741457463251	528741489642329	528741471519566
528741474007400	528741506216710	528741487518102
528741490785110	528741522855178	528741503915074
528741507355056	528741539498937	528741520653681
528741523794184	528741556118810	528741537423579
528741540387161	528741572769689	528741554003250
528741557251256	528741589389399	528741570792760

528741057900873	528741090368280	528741071306187
528741074991205	528741107001296	528741087793370
528741090975458	528741123644688	528741106371292
528741107456781	528741140261550	528741121317459
528741123925735	528741156899693	528741136706781
528741140830846	528741173602493	528741153265050
528741157543411	528741190164871	528741170844395
528741174632197	528741206842320	528741187611200
528741190603307	528741223459223	528741204327997
528741206708694	528741240133092	528741222882929
528741223410517	528741256735631	528741238509231
528741240447423	528741273333653	528741253884028
528741256801712	528741289968012	528741270605422
528741273719965	528741306601882	528741286916173
528741290158035	528741323251988	528741303571039
528741306655756	528741339953323	528741321398432
528741323419713	528741356509312	528741338012975
528741340094233	528741373173212	528741354466059
528741356863805	528741389773635	528741370892898
528741373199539	528741406413569	528741388947219
528741389795852	528741423056554	528741403869257
528741406740514	528741439714228	528741421315587
528741423989252	528741456319941	528741437230585
528741440311559	528741472967320	528741454376093
528741457463251	528741489642329	528741471519566
528741474007400	528741506216710	528741487518102
528741490785110	528741522855178	528741503915074
528741507355056	528741539498937	528741520653681
528741523794184	528741556118810	528741537423579
528741540387161	528741572769689	528741554003250
528741557251256	528741589389399	528741570792760
528741573079218	528741606037185	528741587391962
528741589877436	528741622666580	528741604213414
528741606943435	528741639334142	528741621643590
528741622813512	528741656019648	528741638206456
528741639789220	528741689242792	528741656413894
528741674076940	528741705872106	528741674426061
528741689427607	528741722460444	528741705000279
528741705916946	528741739098302	528741719487747
528741722540319	528741755757482	528741736171097
528741739854446	528741772377314	528741752665563
528741756851964	528741789007360	528741769583409
528741773688553	528741805625808	528741785893793
528741789970576	528741822272944	528741802447911
528741807036290	528741838911941	528741819313715
528741824268224	528741855549311	528741836242752
528741840224482	528741872162674	528741852427648
528741856990555	528741888822504	528741869207433
528741873392085	528741905442988	528741885576736
528741889714025	528741922073969	528741902265131
528741906465693	528741938723790	528741919144404
528741922780960	528741955341344	528741935867142
528741939735631	528741971974116	528741951928217
528741955844518	528741988704259	528741968549393
528741972435826	528742005257278	528741986790115
528741988785599	528742021922033	528742001790400
528742008435867	528742038523351	528742018818069
528742022219396	528742055173253	528742037380895
528742038629878	528742071790807	528742053535558
528742055415156	528742088421951	528742069898188
528742072403559	528742105062983	528742086316279
528742089057205	528742121693598	528742102780553
528742105903885	528742138340734	528742119383703

528741589877436	528741622666580	528741604213414
528741606943435	528741639334142	528741621643590
528741622813512	528741656019648	528741638206456
528741639789220	528741689242792	528741656413894
528741674076940	528741705872106	528741674426061
528741689427607	528741722460444	528741705000279
528741705916946	528741739098302	528741719487747
528741722540319	528741755757482	528741736171097
528741739854446	528741772377314	528741752665563
528741756851964	528741789007360	528741769583409
528741773688553	528741805625808	528741785893793
528741789970576	528741822272944	528741802447911
528741807036290	528741838911941	528741819313715
528741824268224	528741855549311	528741836242752
528741840224482	528741872162674	528741852427648
528741856990555	528741888822504	528741869207433
528741873392085	528741905442988	528741885576736
528741889714025	528741922073969	528741902265131
528741906465693	528741938723790	528741919144404
528741922780960	528741955341344	528741935867142
528741939735631	528741971974116	528741951928217
528741955844518	528741988704259	528741968549393
528741972435826	528742005257278	528741986790115
528741988785599	528742021922033	528742001790400
528742008435867	528742038523351	528742018818069
528742022219396	528742055173253	528742037380895
528742038629878	528742071790807	528742053535558
528742055415156	528742088421951	528742069898188
528742072403559	528742105062983	528742086316279
528742089057205	528742121693598	528742102780553
528742105903885	528742138340734	528742119383703
528742139439529	528742171631587	528742139727453
528742155908076	528742188229365	528742157307531
528742172832433	528742204873205	528742186120682
528742189456660	528742221486974	528742202833410
528742205975662	528742238123164	528742220257767
528742222373123	528742254760249	528742237319249
528742239050695	528742271398595	528742253709590
528742255694168	528742288071854	528742270505040
528742272890010	528742321292475	528742289377477
528742305801427	528742337929276	528742306022944
528742322074499	528742354623083	528742337784704
528742338797358	528742371199824	528742353888463
528742355380854	528742387831050	528742369620845
528742372228795	528742404464879	528742386031367
528742388657995	528742421105138	528742402964269
528742405008418	528742437729324	528742419354813
528742421372269	528742454358800	528742436476110
528742437984289	528742471004919	528742452531001
528742454363765	528742487635127	528742469291092
528742470978877	528742504271072	528742485857091
528742487618891	528742520911738	528742502704870
528742504605382	528742537533402	528742519606115
528742521269567	528742554168208	528742536350622
528742537851151	528742570802607	528742552469722
528742554179886	528742587473994	528742569250850
528742571064041	528742604068192	528742587498245
528742604271113	528742637349075	528742604494868
528742620901566	528742653984167	528742621533361
528742637785233	528742670639155	528742652800980
528742654256343	528742687253901	528742668968664
528742670890783	528742703887487	528742685507482

528742172832433	528742204873205	528742186120682
528742189456660	528742221486974	528742202833410
528742205975662	528742238123164	528742220257767
528742222373123	528742254760249	528742237319249
528742239050695	528742271398595	528742253709590
528742255694168	528742288071854	528742270505040
528742272890010	528742321292475	528742289377477
528742305801427	528742337929276	528742306022944
528742322074499	528742354623083	528742337784704
528742338797358	528742371199824	528742353888463
528742355380854	528742387831050	528742369620845
528742372228795	528742404464879	528742386031367
528742388657995	528742421105138	528742402964269
528742405008418	528742437729324	528742419354813
528742421372269	528742454358800	528742436476110
528742437984289	528742471004919	528742452531001
528742454363765	528742487635127	528742469291092
528742470978877	528742504271072	528742485857091
528742487618891	528742520911738	528742502704870
528742504605382	528742537533402	528742519606115
528742521269567	528742554168208	528742536350622
528742537851151	528742570802607	528742552469722
528742554179886	528742587473994	528742569250850
528742571064041	528742604068192	528742587498245
528742604271113	528742637349075	528742604494868
528742620901566	528742653984167	528742621533361
528742637785233	528742670639155	528742652800980
528742654256343	528742687253901	528742668968664
528742670890783	528742703887487	528742685507482
528742687815710	528742720590409	528742702458613
528742704260330	528742737150142	528742718804805
528742720952713	528742753792964	528742735827062
528742737730301	528742770421300	528742751793778
528742755768550	528742787054194	528742768528885
528742771856807	528742803690506	528742784928950
528742788589961	528742820325760	528742801766393
528742805687251	528742836958166	528742818472896
528742821962886	528742853586258	528742835221227
528742838662634	528742870229243	528742851238399
528742855010941	528742886862259	528742867856766
528742871321447	528742903480464	528742886148473
528742887817337	528742920126094	528742900980464
528742904697790	528742936754471	528742917830602
528742921410477	528742953390864	528742934922928
528742937988317	528742970026729	528742951003779
528742954657507	528742986652176	528742967494014
528742970800166	528743003290319	528742984098750
528742987206131	528743019924230	528743000855667
528743003761104	528743036586218	528743017458858
528743020240718	528743053202306	528743034421301
528743036496781	528743069838578	528743050781937
528743053036820	528743086462072	528743067225134
528743069426102	528743103100500	528743083835363
528743086004756	528743119727616	528743100468216
528743102606319	528743136362829	528743117247066
528743119325923	528743153014074	528743134119217
528743136187251	528743169645910	528743150368322
528743153089188	528743186263545	528743167314489
528743169717118	528743202905472	528743185550899
528743186268021	528743219574824	528743200283565
528743203142451	528743236182613	528743217209020
528743219912715	528743252813472	528743234027787

528742755768550	528742787054194	528742768528885
528742771856807	528742803690506	528742784928950
528742788589961	528742820325760	528742801766393
528742805687251	528742836958166	528742818472896
528742821962886	528742853586258	528742835221227
528742838662634	528742870229243	528742851238399
528742855010941	528742886862259	528742867856766
528742871321447	528742903480464	528742886148473
528742887817337	528742920126094	528742900980464
528742904697790	528742936754471	528742917830602
528742921410477	528742953390864	528742934922928
528742937988317	528742970026729	528742951003779
528742954657507	528742986652176	528742967494014
528742970800166	528743003290319	528742984098750
528742987206131	528743019924230	528743000855667
528743003761104	528743036586218	528743017458858
528743020240718	528743053202306	528743034421301
528743036496781	528743069838578	528743050781937
528743053036820	528743086462072	528743067225134
528743069426102	528743103100500	528743083835363
528743086004756	528743119727616	528743100468216
528743102606319	528743136362829	528743117247066
528743119325923	528743153014074	528743134119217
528743136187251	528743169645910	528743150368322
528743153089188	528743186263545	528743167314489
528743169717118	528743202905472	528743185550899
528743186268021	528743219574824	528743200283565
528743203142451	528743236182613	528743217209020
528743219912715	528743252813472	528743234027787
528743236782507	528743269445023	528743250334834
528743253407303	528743286068070	528743266984411
528743270018835	528743302708980	528743283636755
528743286914912	528743319345088	528743300227331
528743303656978	528743335988521	528743317096390
528743320468990	528743352614375	528743334366451
528743337134232	528743369244421	528743350276892
528743353801590	528743385882401	528743367189693
528743370687129	528743402513911	528743383484086
528743387268265	528743419151444	528743400334672
528743404536088	528743435784826	528743417044429
528743420341304	528743452421504	528743434342525
528743437120194	528743469043697	528743450298498
528743453650671	528743485673091	528743466968542
528743469959143	528743502315873	528743485143387
528743486282629	528743518948441	528743499951452
528743502955277	528743535584875	528743515675085
528743519428951	528743552218908	528743532296382
528743535818233	528743568853023	528743549162227
528743552396399	528743585490108	528743565664913
528743568698441	528743602116613	528743582137772
528743585314245	528743618756180	528743598655269
528743601826249	528743635387162	528743615320959
528743618397823	528743652023677	528743632868933
528743634965694	528743668649166	528743649919999
528743651713822	528743685306880	528743666186967
528743668395503	528743701925248	528743683032670
528743685398352	528743718594926	528743699498653
528743702430863	528743735203853	528743716132686
528743718803707	528743751825964	528743732365881
528743735462113	528743768753414	528743749389522
528743752243689	528743785248734	528743766010331
528743768661373	528743801740149	528743784661454
528743785538163	528743818378536	528743799162308

528743320468990	528743352614375	528743334366451
528743337134232	528743369244421	528743350276892
528743353801590	528743385882401	528743367189693
528743370687129	528743402513911	528743383484086
528743387268265	528743419151444	528743400334672
528743404536088	528743435784826	528743417044429
528743420341304	528743452421504	528743434342525
528743437120194	528743469043697	528743450298498
528743453650671	528743485673091	528743466968542
528743469959143	528743502315873	528743485143387
528743486282629	528743518948441	528743499951452
528743502955277	528743535584875	528743515675085
528743519428951	528743552218908	528743532296382
528743535818233	528743568853023	528743549162227
528743552396399	528743585490108	528743565664913
528743568698441	528743602116613	528743582137772
528743585314245	528743618756180	528743598655269
528743601826249	528743635387162	528743615320959
528743618397823	528743652023677	528743632868933
528743634965694	528743668649166	528743649919999
528743651713822	528743685306880	528743666186967
528743668395503	528743701925248	528743683032670
528743685398352	528743718594926	528743699498653
528743702430863	528743735203853	528743716132686
528743718803707	528743751825964	528743732365881
528743735462113	528743768753414	528743749389522
528743752243689	528743785248734	528743766010331
528743768661373	528743801740149	528743784661454
528743785538163	528743818378536	528743799162308
528743802393957	528743834997188	528743815650061
528743819072465	528743851639766	528743832156734
528743835773881	528743868265377	528743848893266
528743852631099	528743884903153	528743865253576
528743869338253	528743901536698	528743881707719
528743886316443	528743918164587	528743898295935
528743902722611	528743934797481	528743915139237
528743919878821	528743951438838	528743931631628
528743936373612	528743968077877	528743948690181
528743952765010	528743984706620	528743965097774
528743969500891	528744001332881	528743981565832
528743986011145	528744017978349	528743998076859
528744002652868	528744034617183	528744014913814
528744018667924	528744051244462	528744031695471
528744035458329	528744067895259	528744048827551
528744052050452	528744084511755	528744065054276
528744068382768	528744101143428	528744083119462
528744084382727	528744117781734	528744097919958
528744100872799	528744134406938	528744114675289
528744117205928	528744151042273	528744131189856
528744133750565	528744167691361	528744148345455
528744150507768	528744184321936	528744164688879
528744167240393	528744200953365	528744181102982
528744183746903	528744217640906	528744197855098
528744200710364	528744234222408	528744214984330
528744217366939	528744250862585	528744231344356
528744234149084	528744267486405	528744248378983
528744250927730	528744284129228	528744265418249
528744267766435	528744300754757	528744281719275
528744284493201	528744317387691	528744298247066
528744300924394	528744334016923	528744315040889
528744317510331	528744350664669	528744331462764
528744334515499	528744367295691	528744348716264
528744351248002	528744383927079	528744365039791

528743902722611	528743934797481	528743915139237
528743919878821	528743951438838	528743931631628
528743936373612	528743968077877	528743948690181
528743952765010	528743984706620	528743965097774
528743969500891	528744001332881	528743981565832
528743986011145	528744017978349	528743998076859
528744002652868	528744034617183	528744014913814
528744018667924	528744051244462	528744031695471
528744035458329	528744067895259	528744048827551
528744052050452	528744084511755	528744065054276
528744068382768	528744101143428	528744083119462
528744084382727	528744117781734	528744097919958
528744100872799	528744134406938	528744114675289
528744117205928	528744151042273	528744131189856
528744133750565	528744167691361	528744148345455
528744150507768	528744184321936	528744164688879
528744167240393	528744200953365	528744181102982
528744183746903	528744217640906	528744197855098
528744200710364	528744234222408	528744214984330
528744217366939	528744250862585	528744231344356
528744234149084	528744267486405	528744248378983
528744250927730	528744284129228	528744265418249
528744267766435	528744300754757	528744281719275
528744284493201	528744317387691	528744298247066
528744300924394	528744334016923	528744315040889
528744317510331	528744350664669	528744331462764
528744334515499	528744367295691	528744348716264
528744351248002	528744383927079	528744365039791
528744368227128	528744400568152	528744383309159
528744386021236	528744417193030	528744398175614
528744401514807	528744433823686	528744415289058
528744418099483	528744450462195	528744431948889
528744434994869	528744467106685	528744448936723
528744452719112	528744483724646	528744465377275
528744468714351	528744500366532	528744481795406
528744485149410	528744517011308	528744498224158
528744501841874	528744533636349	528744514727535
528744518208411	528744550269487	528744531228064
528744534662105	528744566894690	528744548441728
528744551172888	528744583526607	528744564501868
528744567204342	528744600176672	528744581036495
528744583528032	528744616816891	528744597725338
528744600603186	528744633439205	528744614640173
528744616755937	528744650078609	528744630858557
528744633497555	528744666712439	528744648003414
528744649885616	528744683351355	528744664119137
528744666215572	528744699966142	528744682359290
528744682802893	528744716633175	528744697118282
528744699473385	528744733260291	528744713996293
528744716442908	528744749873897	528744730955196
528744733193071	528744766506140	528744747526282
528744749804114	528744783145626	528744763847286
528744766555091	528744799780758	528744780643022
528744783296098	528744816421708	528744797167232
528744800919837	528744833043494	528744813869625
528744816500362	528744849684444	528744830148515
528744833515947	528744866314693	528744847372107
528744850451127	528744882944780	528744863823930
528744867217485	528744899581865	528744880251217
528744884227779	528744916219519	528744896936560
528744900820960	528744932851681	528744913586422
528744917343583	528744949492306	528744930041541
528744934262285	528744966120398	528744948783484

528744501841874	528744533636349	528744514727535
528744518208411	528744550269487	528744531228064
528744534662105	528744566894690	528744548441728
528744551172888	528744583526607	528744564501868
528744567204342	528744600176672	528744581036495
528744583528032	528744616816891	528744597725338
528744600603186	528744633439205	528744614640173
528744616755937	528744650078609	528744630858557
528744633497555	528744666712439	528744648003414
528744649885616	528744683351355	528744664119137
528744666215572	528744699966142	528744682359290
528744682802893	528744716633175	528744697118282
528744699473385	528744733260291	528744713996293
528744716442908	528744749873897	528744730955196
528744733193071	528744766506140	528744747526282
528744749804114	528744783145626	528744763847286
528744766555091	528744799780758	528744780643022
528744783296098	528744816421708	528744797167232
528744800919837	528744833043494	528744813869625
528744816500362	528744849684444	528744830148515
528744833515947	528744866314693	528744847372107
528744850451127	528744882944780	528744863823930
528744867217485	528744899581865	528744880251217
528744884227779	528744916219519	528744896936560
528744900820960	528744932851681	528744913586422
528744917343583	528744949492306	528744930041541
528744934262285	528744966120398	528744948783484
528744950414913	528744982774207	528744963642208
528744967422115	528744999388872	528744980339921
528744983817054	528745016024370	528744996630245
528745000279130	528745032665849	528745013640092
528745017597652	528745049287268	528745030148108
528745033795732	528745065922563	528745047130408
528745050469112	528745082554480	528745063346513
528745067058712	528745099188107	528745080107174
528745083693112	528745115821082	528745096634762
528745100241655	528745132462358	528745113078447
528745116206132	528745149095740	528745129743933
528745132760372	528745165722775	528745147047644
528745149124427	528745182368730	528745163123165
528745165885210	528745199006588	528745180150550
528745182522905	528745215632361	528745196395667
528745199231686	528745232277177	528745212844275
528745215858273	528745248902706	528745229691932
528745232187740	528745265588172	528745246533037
528745248559038	528745282160600	528745262490882
528745265403357	528745298805294	528745279284176
528745282301591	528745315443600	528745297624061
528745298873003	528745332075802	528745312298296
528745315533769	528745348699256	528745328846147
528745332458655	528745365347042	528745345878903
528745348890866	528745381969479	528745362333940
528745365848344	528745398599646	528745378662960
528745382483313	528745415239620	528745395176551
528745399277666	528745431876705	528745411839433
528745415842607	528745448511349	528745428432044
528745432739214	528745465137041	528745445643348
528745449075477	528745481785112	528745461863115
528745466168901	528745498420000	528745478719153
528745482660926	528745515042151	528745495087480
528745499802039	528745531686439	528745511812741
528745516366736	528745548322303	528745528906043
528745532504310	528745564959673	528745547600623

528745067058712	528745099188107	528745080107174
528745083693112	528745115821082	528745096634762
528745100241655	528745132462358	528745113078447
528745116206132	528745149095740	528745129743933
528745132760372	528745165722775	528745147047644
528745149124427	528745182368730	528745163123165
528745165885210	528745199006588	528745180150550
528745182522905	528745215632361	528745196395667
528745199231686	528745232277177	528745212844275
528745215858273	528745248902706	528745229691932
528745232187740	528745265588172	528745246533037
528745248559038	528745282160600	528745262490882
528745265403357	528745298805294	528745279284176
528745282301591	528745315443600	528745297624061
528745298873003	528745332075802	528745312298296
528745315533769	528745348699256	528745328846147
528745332458655	528745365347042	528745345878903
528745348890866	528745381969479	528745362333940
528745365848344	528745398599646	528745378662960
528745382483313	528745415239620	528745395176551
528745399277666	528745431876705	528745411839433
528745415842607	528745448511349	528745428432044
528745432739214	528745465137041	528745445643348
528745449075477	528745481785112	528745461863115
528745466168901	528745498420000	528745478719153
528745482660926	528745515042151	528745495087480
528745499802039	528745531686439	528745511812741
528745516366736	528745548322303	528745528906043
528745532504310	528745564959673	528745547600623
528745548896766	528745581636186	528745561912391
528745565905880	528745598227047	528745579524004
528745582472612	528745614848670	528745595527706
528745598911048	528745631484656	528745611930132
528745615636715	528745648130815	528745628590613
528745632523760	528745664764442	528745646021074
528745648668576	528745681391964	528745661937578
528745665275672	528745698023841	528745678385332
528745681716102	528745714665361	528745695054562
528745698471229	528745731294756	528745711604652
528745715073076	528745747924761	528745728320716
528745731807492	528745764593665	528745745438229
528745748443356	528745781188921	528745761591509
528745764982215	528745797829180	528745778343625
528745781255205	528745814463620	528745794901974
528745797927161	528745831101274	528745811888221
528745814483029	528745847731808	528745828340532
528745831335609	528745864366533	528745846476071
528745847719154	528745881009884	528745861424923
528745864492062	528745897626706	528745878288083
528745881282142	528745914265581	528745894681597
528745898094438	528745930905067	528745911247270
528745914776527	528745947528195	528745927957638
528745931246904	528745964167640	528745944428179
528745947897417	528745980811154	528745961191322
528745964505775	528745997451250	528745977837725
528745981727292	528746014083249	528745994168250
528745997939979	528746030703366	528746010680579
528746014821042	528746047339271	528746027806434
528746031533200	528746063980140	528746044395749
528746048212725	528746080616696	528746061779823
528746065013669	528746097229530	528746078317420
528746081140378	528746113886634	528746094151201
528746097801022	528746130517168	528746111130286

528745665275672	528745698023841	528745678385332
528745681716102	528745714665361	528745695054562
528745698471229	528745731294756	528745711604652
528745715073076	528745747924761	528745728320716
528745731807492	528745764593665	528745745438229
528745748443356	528745781188921	528745761591509
528745764982215	528745797829180	528745778343625
528745781255205	528745814463620	528745794901974
528745797927161	528745831101274	528745811888221
528745814483029	528745847731808	528745828340532
528745831335609	528745864366533	528745846476071
528745847719154	528745881009884	528745861424923
528745864492062	528745897626706	528745878288083
528745881282142	528745914265581	528745894681597
528745898094438	528745930905067	528745911247270
528745914776527	528745947528195	528745927957638
528745931246904	528745964167640	528745944428179
528745947897417	528745980811154	528745961191322
528745964505775	528745997451250	528745977837725
528745981727292	528746014083249	528745994168250
528745997939979	528746030703366	528746010680579
528746014821042	528746047339271	528746027806434
528746031533200	528746063980140	528746044395749
528746048212725	528746080616696	528746061779823
528746065013669	528746097229530	528746078317420
528746081140378	528746113886634	528746094151201
528746097801022	528746130517168	528746111130286
528746114695635	528746147152788	528746127737790
528746131404578	528746163781165	528746146884559
528746147555824	528746180424273	528746161234290
528746164701454	528746197051144	528746175404863
528746181020545	528746213679644	528746192968055
528746197865679	528746230319211	528746209696367
528746214483477	528746246948483	528746227094357
528746231307940	528746263621375	528746244139116
528746247360389	528746280221554	528746261051877
528746264502357	528746296859657	528746277628089
528746281192258	528746313494992	528746294101030
528746297844398	528746330114295	528746310746620
528746314395545	528746346763425	528746327337114
528746331064206	528746363386797	528746343972490
528746347067136	528746380023272	528746360890093
528746363793210	528746396664263	528746377321408
528746380668088	528746413292396	528746393732337
528746397260617	528746429923215	528746410285112
528746414198361	528746446562171	528746426981198
528746430742551	528746463191769	528746445220415
528746447225502	528746479823605	528746460643185
528746463673703	528746496456784	528746476650184
528746480469398	528746513094642	528746493090980
528746497450314	528746529738075	528746509751421
528746513872637	528746546365882	528746526168006
528746530685991	528746563012814	528746542759518
528746546912310	528746579633867	528746559904701
528746563887733	528746596260088	528746575913124
528746580439898	528746612911699	528746592304929
528746597023801	528746629542355	528746609237180
528746614050778	528746646171099	528746626217160
528746630103391	528746662811073	528746642396888
528746646944496	528746679441403	528746659650388
528746663321530	528746696071856	528746675764279
528746680168413	528746712708615	528746692227333
528746696882891	528746729347857	528746708811439

528746231307940	528746263621375	528746244139116
528746247360389	528746280221554	528746261051877
528746264502357	528746296859657	528746277628089
528746281192258	528746313494992	528746294101030
528746297844398	528746330114295	528746310746620
528746314395545	528746346763425	528746327337114
528746331064206	528746363386797	528746343972490
528746347067136	528746380023272	528746360890093
528746363793210	528746396664263	528746377321408
528746380668088	528746413292396	528746393732337
528746397260617	528746429923215	528746410285112
528746414198361	528746446562171	528746426981198
528746430742551	528746463191769	528746445220415
528746447225502	528746479823605	528746460643185
528746463673703	528746496456784	528746476650184
528746480469398	528746513094642	528746493090980
528746497450314	528746529738075	528746509751421
528746513872637	528746546365882	528746526168006
528746530685991	528746563012814	528746542759518
528746546912310	528746579633867	528746559904701
528746563887733	528746596260088	528746575913124
528746580439898	528746612911699	528746592304929
528746597023801	528746629542355	528746609237180
528746614050778	528746646171099	528746626217160
528746630103391	528746662811073	528746642396888
528746646944496	528746679441403	528746659650388
528746663321530	528746696071856	528746675764279
528746680168413	528746712708615	528746692227333
528746696882891	528746729347857	528746708811439
528746715987546	528746745985471	528746727710853
528746729776934	528746762618812	528746745112505
528746746114825	528746779250607	528746760766965
528746762828081	528746795885902	528746777142901
528746779528806	528746812565834	528746795018715
528746799708900	528746829174965	528746811812579
528746813015988	528746862406776	528746831131263
528746832159828	528746879048907	528746845503415
528746849813881	528746895690549	528746877407468
528746879448321	528746912326617	528746893741249
528746896422645	528746928953041	528746911121050
528746913576169	528746945737790	528746928834429
528746929472247	528746962217364	528746945303057
528746946518145	528746978850583	528746961928993
528746963005002	528746995480629	528746976751584
528746979614336	528747012124224	528746992444740
528746996401080	528747028762530	528747008900022
528747012941892	528747045411130	528747025846229
528747030108640	528747062069740	528747045011146
528747046417356	528747078658770	528747062137082
528747062781532	528747095310015	528747075806068
528747079000323	528747111940630	528747091135373
528747096181882	528747128563433	528747107932696
528747113165158	528747145197141	528747124615883
528747129046303	528747161831011	528747141099769
528747146714760	528747178493894	528747158409096
528747163388995	528747195104937	528747176438962
528747179375323	528747211730710	528747192930295
528747196266884	528747228361203	528747208966794
528747212692990	528747245007159	528747225812945
528747229400795	528747261636594	528747242699501
528747246469195	528747278273028	528747260183388
528747262504066	528747294921588	528747275857460
528747281408974	528747311619016	528747292305743

528746896422645	528746928953041	528746911121050
528746913576169	528746945737790	528746928834429
528746929472247	528746962217364	528746945303057
528746946518145	528746978850583	528746961928993
528746963005002	528746995480629	528746976751584
528746979614336	528747012124224	528746992444740
528746996401080	528747028762530	528747008900022
528747012941892	528747045411130	528747025846229
528747030108640	528747062069740	528747045011146
528747046417356	528747078658770	528747062137082
528747062781532	528747095310015	528747075806068
528747079000323	528747111940630	528747091135373
528747096181882	528747128563433	528747107932696
528747113165158	528747145197141	528747124615883
528747129046303	528747161831011	528747141099769
528747146714760	528747178493894	528747158409096
528747163388995	528747195104937	528747176438962
528747179375323	528747211730710	528747192930295
528747196266884	528747228361203	528747208966794
528747212692990	528747245007159	528747225812945
528747229400795	528747261636594	528747242699501
528747246469195	528747278273028	528747260183388
528747262504066	528747294921588	528747275857460
528747281408974	528747311619016	528747292305743
528747295620806	528747328188026	528747309067299
528747312296588	528747344810300	528747326095700
528747328464963	528747361452309	528747343942624
528747345103432	528747378073524	528747359775347
528747362615028	528747394703326	528747375791013
528747378343910	528747411357460	528747392445513
528747395308510	528747427967608	528747408942421
528747412339272	528747444673134	528747425823891
528747428310992	528747461254758	528747442480303
528747444989703	528747477896238	528747460108559
528747462137408	528747494505246	528747475498899
528747478681028	528747511145749	528747491666420
528747495174558	528747527804766	528747508337278
528747512480995	528747544407509	528747525976723
528747528809731	528747561057330	528747542755979
528747545413083	528747577688515	528747560624346
528747561920082	528747594319659	528747576720619
528747579053708	528747610956988	528747591641925
528747595181272	528747627693235	528747607973468
528747612299070	528747644233925	528747625287229
528747628652992	528747660859332	528747643664304
528747645362180	528747677486610	528747658957354
528747661896685	528747694120277	528747671767047
528747678550697	528747710757769	528747689269773
528747695170693	528747727397743	528747706659259
528747712086912	528747744051308	528747724455035
528747728574827	528747760661293	528747740970986
528747745070676	528747777303342	528747757587807
528747761524859	528747793936521	528747774236611
528747778461830	528747810637815	528747790455076
528747795065509	528747827219887	528747806851031
528747810769976	528747843861733	528747823805418
528747827915606	528747860465370	528747840437905
528747847174558	528747877098671	528747856820473
528747860963702	528747893738686	528747874685707
528747877609698	528747910368121	528747890813434
528747894278928	528747927020139	528747907242185
528747910933510	528747943644488	528747925123533
528747927824135	528747960398598	528747941482867

528747478681028	528747511145749	528747491666420
528747495174558	528747527804766	528747508337278
528747512480995	528747544407509	528747525976723
528747528809731	528747561057330	528747542755979
528747545413083	528747577688515	528747560624346
528747561920082	528747594319659	528747576720619
528747579053708	528747610956988	528747591641925
528747595181272	528747627693235	528747607973468
528747612299070	528747644233925	528747625287229
528747628652992	528747660859332	528747643664304
528747645362180	528747677486610	528747658957354
528747661896685	528747694120277	528747671767047
528747678550697	528747710757769	528747689269773
528747695170693	528747727397743	528747706659259
528747712086912	528747744051308	528747724455035
528747728574827	528747760661293	528747740970986
528747745070676	528747777303342	528747757587807
528747761524859	528747793936521	528747774236611
528747778461830	528747810637815	528747790455076
528747795065509	528747827219887	528747806851031
528747810769976	528747843861733	528747823805418
528747827915606	528747860465370	528747840437905
528747847174558	528747877098671	528747856820473
528747860963702	528747893738686	528747874685707
528747877609698	528747910368121	528747890813434
528747894278928	528747927020139	528747907242185
528747910933510	528747943644488	528747925123533
528747927824135	528747960398598	528747941482867
528747944295123	528747993541339	528747961957354
528747977107949	528748010182493	528747977417722
528747994309365	528748026818072	528748003484291
528748010879881	528748043433225	528748020349037
528748027286253	528748060082639	528748037687783
528748043970375	528748076697101	528748053752358
528748060989907	528748093335488	528748071131101
528748077418902	528748109977822	528748087405963
528748094854124	528748126680703	528748104640501
528748111386554	528748143240436	528748121835569
528748127886269	528748159874672	528748138578448
528748144415932	528748176528562	528748155972735
528748161250364	528748193180621	528748173188271
528748178445392	528748209816404	528748189479083
528748193944985	528748226413450	528748207004962
528748210327187	528748243054929	528748224392983
528748226844724	528748259678831	528748243266640
528748260540769	528748292953082	528748260958494
528748277276406	528748309579262	528748278286375
528748293727862	528748326219806	528748305698891
528748310683592	528748342839679	528748323080279
528748326602862	528748359476723	528748339409707
528748343258177	528748376111163	528748355879759
528748360366656	528748392752195	528748374443032
528748376464150	528748409387042	528748390472532
528748393150226	528748426023110	528748407622028
528748409794350	528748442657265	528748424852252
528748425976438	528748459322467	528748440641518
528748442658771	528748475941486	528748457172849
528748459468138	528748492578204	528748474330442
528748477075315	528748509196124	528748490343341
528748492687213	528748525833698	528748506832273
528748509112913	528748542482338	528748524220660
528748526009601	528748559131427	528748542783730

528748841888955	528748875148843	528748855689207
528748858499225	528748891805215	528748872826007
528748875057412	528748908406248	528748888982094
528748891564451	528748925054564	528748906597817
528748909249673	528748941710203	528748922816120
528748925330483	528748958326740	528748939153237
528748942175250	528748975001382	528748955743813
528748961058836	528748991591836	528748972777912
528748974643919	528749008229409	528748988944456
528748991094074	528749024854287	528749005481932
528749007998981	528749041488931	528749022662392
528749024610024	528749058135334	528749039189940
528749041687010	528749074763263	528749056533486
528749058690672	528749091385578	528749072821165
528749075682290	528749108025918	528749088906818
528749092621133	528749124651691	528749105479246
528749109337116	528749141330280	528749122059406
528749126121946	528749157965819	528749140287352
528749142491820	528749174557005	528749155368854
528749159720620	528749191234414	528749172227822
528749176298338	528749207836750	528749188505247
528749192845946	528749224471800	528749204915566
528749210278197	528749241092039	528749223537393
528749226043740	528749257725137	528749238945067
528749242372069	528749274374266	528749254190591
528749259347858	528749290995726	528749271428180
528749275381346	528749307639484	528749287300332
528749292194131	528749324265664	528749303732095
528749308841510	528749340898558	528749320697305
528749325333372	528749357528034	528749337955565
528749341998127	528749374175739	528749354619424
528749358596882	528749390836139	528749371785724
528749374599852	528749407453693	528749388783446
528749391324217	528749424073037	528749406052773
528749407835285	528749440706501	528749421357542
528749424194009	528749457338784	528749439407306
528749440530842	528749473975503	528749453843911
528749457476113	528749490600340	528749470985757
528749473894163	528749507271035	528749487099893
528749490393350	528749523897093	528749503619505
528749507125975	528749540520750	528749521748086
528749523755899	528749557148680	528749538467772
528749540807005	528749573790444	528749554793659
528749557073566	528749590420693	528749571649290
528749574071857	528749607057127	528749587972329
528749590730060	528749623689614	528749604522907
528749607987914	528749640343952	528749621484455
528749624407632	528749656945474	528749637829100
528749640634846	528749673650308	528749654496499
528749657984699	528749690241657	528749672133340
528749674423379	528749706858316	528749688348998
528749691366454	528749723493570	528749705086872
528749707924925	528749740121784	528749721258869
528749724656452	528749756788939	528749739791462
528749740929767	528749773427448	528749754430012
528749757524291	528749790071328	528749768880980
528749774102822	528749806681436	528749786047932
528749790740355	528749823294636	528749802141030
528749807583291	528749839979247	528749817425129
528749824564370	528749856555541	528749834261270
528749841058348	528749873190632	528749850513548
528749858115884	528749889846638	528749868065632
528749874630532	528749906463866	528749885380939

528749407835285	528749440706501	528749421357542
528749424194009	528749457338784	528749439407306
528749440530842	528749473975503	528749453843911
528749457476113	528749490600340	528749470985757
528749473894163	528749507271035	528749487099893
528749490393350	528749523897093	528749503619505
528749507125975	528749540520750	528749521748086
528749523755899	528749557148680	528749538467772
528749540807005	528749573790444	528749554793659
528749557073566	528749590420693	528749571649290
528749574071857	528749607057127	528749587972329
528749590730060	528749623689614	528749604522907
528749607987914	528749640343952	528749621484455
528749624407632	528749656945474	528749637829100
528749640634846	528749673650308	528749654496499
528749657984699	528749690241657	528749672133340
528749674423379	528749706858316	528749688348998
528749691366454	528749723493570	528749705086872
528749707924925	528749740121784	528749721258869
528749724656452	528749756788939	528749739791462
528749740929767	528749773427448	528749754430012
528749757524291	528749790071328	528749768880980
528749774102822	528749806681436	528749786047932
528749790740355	528749823294636	528749802141030
528749807583291	528749839979247	528749817425129
528749824564370	528749856555541	528749834261270
528749841058348	528749873190632	528749850513548
528749858115884	528749889846638	528749868065632
528749874630532	528749906463866	528749885380939
528749891283365	528749923098184	528749901976643
528749907518716	528749939755410	528749920933063
528749923842447	528749956390420	528749936490274
528749940405598	528749973006061	528749955522948
528749956764647	528749989666055	528749972060179
528749973261555	528750006270954	528749987529662
528749989910562	528750022896280	528750002580036
528750006840982	528750039529947	528750019259195
528750023258747	528750056198078	528750037732217
528750039482380	528750072805866	528750053893431
528750056274047	528750089432494	528750068600992
528750072620401	528750106112059	528750082460855
528750089529621	528750122703286	528750097686034
528750105983682	528750139375813	528750116519123
528750122945108	528750155973062	528750133223143
528750140417072	528750172619506	528750150604165
528750156709756	528750189254475	528750167391560
528750173154336	528750205924722	528750184624795
528750190356810	528750222512857	528750201261758
528750206093586	528750239154540	528750218356648
528750223207559	528750255798664	528750235285684
528750239682738	528750272418537	528750251762653
528750256547159	528750289047932	528750268493692
528750273176838	528750305726073	528750286004637
528750289984008	528750322314981	528750303518269
528750307385375	528750338951252	528750321352334
528750323298461	528750355654987	528750337643025
528750339791788	528750372220336	528750352354491
528750356921589	528750388863036	528750369314371
528750373636351	528750405484008	528750386302164
528750390393147	528750422135171	528750402536213
528750406320027	528750438755858	528750420256591
528750423609618	528750455415526	528750436393513
528750442288614	528750472087930	528750452452595

528750006840982	528750039529947	528750019259195
528750023258747	528750056198078	528750037732217
528750039482380	528750072805866	528750053893431
528750056274047	528750089432494	528750068600992
528750072620401	528750106112059	528750082460855
528750089529621	528750122703286	528750097686034
528750105983682	528750139375813	528750116519123
528750122945108	528750155973062	528750133223143
528750140417072	528750172619506	528750150604165
528750156709756	528750189254475	528750167391560
528750173154336	528750205924722	528750184624795
528750190356810	528750222512857	528750201261758
528750206093586	528750239154540	528750218356648
528750223207559	528750255798664	528750235285684
528750239682738	528750272418537	528750251762653
528750256547159	528750289047932	528750268493692
528750273176838	528750305726073	528750286004637
528750289984008	528750322314981	528750303518269
528750307385375	528750338951252	528750321352334
528750323298461	528750355654987	528750337643025
528750339791788	528750372220336	528750352354491
528750356921589	528750388863036	528750369314371
528750373636351	528750405484008	528750386302164
528750390393147	528750422135171	528750402536213
528750406320027	528750438755858	528750420256591
528750423609618	528750455415526	528750436393513
528750442288614	528750472087930	528750452452595
528750455847533	528750488710692	528750469712279
528750472170165	528750505300536	528750486058755
528750489436034	528750521942870	528750502450520
528750505478840	528750538634154	528750519000406
528750521978148	528750555208902	528750535398803
528750538385334	528750571831949	528750552437499
528750555119546	528750588458943	528750568788858
528750573252603	528750605101684	528750586074340
528750588881998	528750621731241	528750602211710
528750605772826	528750638375406	528750620241129
528750622537352	528750655034382	528750637543171
528750638240803	528750671661010	528750651565388
528750654974201	528750688274291	528750668206949
528750672000731	528750704910603	528750685424071
528750688880004	528750721614542	528750701544392
528750705402912	528750738163858	528750719308715
528750722052530	528750754841918	528750736423542
528750738454467	528750771446980	528750753448933
528750755329263	528750788096923	528750770658894
528750772298217	528750804703653	528750785889810
528750789095702	528750821333983	528750801810383
528750805960692	528750837976968	528750818496988
528750822636474	528750854715331	528750835111246
528750839139281	528750871255655	528750853475748
528750857085774	528750887886759	528750871403401
528750872684651	528750904544270	528750886843749
528750887843830	528750921187662	528750901750894
528750904897297	528750937833007	528750918205525
528750921834431	528750954443399	528750937022338
528750938701293	528750971047403	528750951609700
528750955060098	528750987788655	528750969469360
528750973034911	528751004355061	528750987923990
528750990207926	528751037647297	528751005716308
528751022241007	528751054224568	528751022646484
528751039371093	528751070849242	528751052146931
528751055834472	528751087513427	528751068942545

528750605772826	528750638375406	528750620241129
528750622537352	528750655034382	528750637543171
528750638240803	528750671661010	528750651565388
528750654974201	528750688274291	528750668206949
528750672000731	528750704910603	528750685424071
528750688880004	528750721614542	528750701544392
528750705402912	528750738163858	528750719308715
528750722052530	528750754841918	528750736423542
528750738454467	528750771446980	528750753448933
528750755329263	528750788096923	528750770658894
528750772298217	528750804703653	528750785889810
528750789095702	528750821333983	528750801810383
528750805960692	528750837976968	528750818496988
528750822636474	528750854715331	528750835111246
528750839139281	528750871255655	528750853475748
528750857085774	528750887886759	528750871403401
528750872684651	528750904544270	528750886843749
528750887843830	528750921187662	528750901750894
528750904897297	528750937833007	528750918205525
528750921834431	528750954443399	528750937022338
528750938701293	528750971047403	528750951609700
528750955060098	528750987788655	528750969469360
528750973034911	528751004355061	528750987923990
528750990207926	528751037647297	528751005716308
528751022241007	528751054224568	528751022646484
528751039371093	528751070849242	528751052146931
528751055834472	528751087513427	528751068942545
528751072399169	528751104131388	528751086838866
528751089055094	528751120755899	528751102738932
528751105439534	528751137397338	528751119083048
528751122464721	528751154045938	528751135869099
528751138867878	528751170664753	528751152964680
528751155392944	528751187287393	528751169457397
528751171172729	528751203919921	528751185564941
528751187689208	528751220562255	528751201712361
528751204838541	528751237200439	528751218475911
528751221277302	528751253870605	528751236888997
528751237510172	528751270506998	528751252111734
528751254000650	528751287149251	528751269117187
528751270576904	528751303762898	528751285942219
528751287170654	528751320410074	528751301897013
528751303847452	528751337005859	528751319915201
528751321425130	528751353637532	528751334854776
528751338209757	528751370270711	528751351130818
528751354960042	528751386908609	528751367566731
528751371409098	528751403526326	528751384743977
528751388238484	528751420163411	528751400848591
528751405542154	528751436814249	528751417403686
528751421885986	528751453449991	528751434468587
528751438645751	528751470089518	528751451690836
528751455538574	528751486695312	528751468411824
528751471718098	528751503332438	528751484687418
528751487852009	528751519972045	528751500314859
528751504704752	528751536602945	528751517139892
528751520730021	528751553241292	528751535279907
528751537357625	528751569869221	528751550713175
528751554351236	528751586509440	528751567694254
528751570329386	528751603146809	528751585198364
528751586949706	528751619792683	528751601151692
528751603487589	528751636413859	528751617397460
528751619833211	528751653056966	528751633694457
528751636403483	528751669679158	528751650244384
528751652885213	528751686322631	528751667025594

528751237510172	528751270506998	528751252111734
528751254000650	528751287149251	528751269117187
528751270576904	528751303762898	528751285942219
528751287170654	528751320410074	528751301897013
528751303847452	528751337005859	528751319915201
528751321425130	528751353637532	528751334854776
528751338209757	528751370270711	528751351130818
528751354960042	528751386908609	528751367566731
528751371409098	528751403526326	528751384743977
528751388238484	528751420163411	528751400848591
528751405542154	528751436814249	528751417403686
528751421885986	528751453449991	528751434468587
528751438645751	528751470089518	528751451690836
528751455538574	528751486695312	528751468411824
528751471718098	528751503332438	528751484687418
528751487852009	528751519972045	528751500314859
528751504704752	528751536602945	528751517139892
528751520730021	528751553241292	528751535279907
528751537357625	528751569869221	528751550713175
528751554351236	528751586509440	528751567694254
528751570329386	528751603146809	528751585198364
528751586949706	528751619792683	528751601151692
528751603487589	528751636413859	528751617397460
528751619833211	528751653056966	528751633694457
528751636403483	528751669679158	528751650244384
528751652885213	528751686322631	528751667025594
528751669208374	528751702993001	528751683718749
528751685865559	528751719652954	528751700699544
528751702616007	528751736223714	528751717896606
528751719372233	528751752877522	528751733977050
528751735941487	528751769481689	528751750829386
528751752652832	528751786179402	528751767548787
528751770328084	528751802795735	528751784186889
528751786555053	528751819414143	528751800540527
528751803250732	528751836036092	528751816679972
528751820481363	528751852695516	528751832897013
528751837640299	528751869302124	528751851494018
528751854160563	528751885923909	528751866031209
528751871002848	528751902557983	528751882608357
528751887853271	528751919208821	528751900051513
528751904580729	528751935831624	528751918441935
528751921261108	528751952473632	528751934753499
528751938037760	528751969112182	528751949328084
528751954154052	528751985737630	528751967377400
528751971276489	528752002370239	528751984166422
528751987042765	528752019005981	528752000993896
528752003195678	528752035658040	528752015941447
528752020115234	528752052274129	528752031811930
528752036897013	528752068903971	528752048304321
528752053548014	528752085545410	528752065207519
528752069454305	528752102186035	528752083309529
528752085842855	528752118805745	528752101850667
528752102657145	528752135430176	528752116719401
528752118623860	528752152079915	528752133158447
528752135151896	528752168693929	528752147627034
528752151857055	528752185345988	528752164377848
528752168471110	528752201974202	528752180886108
528752185299723	528752218741902	528752199772298
528752201957519	528752235232951	528752216100057
528752218452311	528752251897135	528752232735595
528752236145019	528752268517781	528752249127767
528752252363729	528752285155680	528752265569417
528752268716064	528752301777547	528752282213908

528751770328084	528751802795735	528751784186889
528751786555053	528751819414143	528751800540527
528751803250732	528751836036092	528751816679972
528751820481363	528751852695516	528751832897013
528751837640299	528751869302124	528751851494018
528751854160563	528751885923909	528751866031209
528751871002848	528751902557983	528751882608357
528751887853271	528751919208821	528751900051513
528751904580729	528751935831624	528751918441935
528751921261108	528751952473632	528751934753499
528751938037760	528751969112182	528751949328084
528751954154052	528751985737630	528751967377400
528751971276489	528752002370239	528751984166422
528751987042765	528752019005981	528752000993896
528752003195678	528752035658040	528752015941447
528752020115234	528752052274129	528752031811930
528752036897013	528752068903971	528752048304321
528752053548014	528752085545410	528752065207519
528752069454305	528752102186035	528752083309529
528752085842855	528752118805745	528752101850667
528752102657145	528752135430176	528752116719401
528752118623860	528752152079915	528752133158447
528752135151896	528752168693929	528752147627034
528752151857055	528752185345988	528752164377848
528752168471110	528752201974202	528752180886108
528752185299723	528752218741902	528752199772298
528752201957519	528752235232951	528752216100057
528752218452311	528752251897135	528752232735595
528752236145019	528752268517781	528752249127767
528752252363729	528752285155680	528752265569417
528752268716064	528752301777547	528752282213908
528752285600626	528752318424723	528752299290812
528752302181315	528752335059489	528752315252563
528752318755412	528752351681234	528752331936401
528752335550862	528752368317423	528752348822835
528752352653198	528752384956909	528752366086873
528752369549072	528752401655395	528752382934936
528752386575399	528752418228597	528752400423340
528752403038778	528752434878174	528752417398153
528752419830241	528752451529826	528752434152669
528752436763428	528752484782430	528752452530111
528752469257609	528752501396606	528752469795166
528752490360514	528752518014730	528752500590942
528752503242879	528752534674886	528752515888021
528752519314250	528752551300252	528752532808634
528752536220703	528752567930135	528752549467366
528752552862956	528752584679484	528752567493856
528752570322713	528752601206136	528752584482747
528752585913452	528752617827108	528752601114827
528752602777344	528752634465169	528752615715373
528752619541748	528752651103882	528752629072632
528752636110921	528752667752889	528752645687337
528752652343791	528752684353190	528752662589315
528752668633667	528752700989339	528752678899251
528752684459554	528752717667765	528752696891602
528752701181641	528752734289591	528752713020182
528752717579346	528752750903687	528752732766968
528752734185710	528752767534505	528752747246989
528752750709432	528752784195313	528752763978597
528752767351440	528752800834391	528752780683960
528752784309408	528752817454875	528752798246257
528752800660075	528752834096558	528752814378296

528752352653198	528752384956909	528752366086873
528752369549072	528752401655395	528752382934936
528752386575399	528752418228597	528752400423340
528752403038778	528752434878174	528752417398153
528752419830241	528752451529826	528752434152669
528752436763428	528752484782430	528752452530111
528752469257609	528752501396606	528752469795166
528752490360514	528752518014730	528752500590942
528752503242879	528752534674886	528752515888021
528752519314250	528752551300252	528752532808634
528752536220703	528752567930135	528752549467366
528752552862956	528752584679484	528752567493856
528752570322713	528752601206136	528752584482747
528752585913452	528752617827108	528752601114827
528752602777344	528752634465169	528752615715373
528752619541748	528752651103882	528752629072632
528752636110921	528752667752889	528752645687337
528752652343791	528752684353190	528752662589315
528752668633667	528752700989339	528752678899251
528752684459554	528752717667765	528752696891602
528752701181641	528752734289591	528752713020182
528752717579346	528752750903687	528752732766968
528752734185710	528752767534505	528752747246989
528752750709432	528752784195313	528752763978597
528752767351440	528752800834391	528752780683960
528752784309408	528752817454875	528752798246257
528752800660075	528752834096558	528752814378296
528752817321655	528752850726969	528752830891602
528752834023356	528752867350789	528752847116984
528752850586467	528752883977295	528752863949707
528752867369222	528752900626221	528752880193441
528752884376261	528752917254679	528752898249919
528752901042358	528752933882080	528752914997274
528752917787801	528752950510091	528752933221110
528752934587199	528752967148112	528752948745036
528752952280274	528752983782023	528752964330770
528752967836345	528753000425049	528752980645956
528752984682699	528753017051229	528752997327800
528753001093343	528753033702962	528753014636393
528753017771566	528753050314820	528753033118734
528753034331869	528753066944824	528753048249390
528753050949911	528753083615845	528753064759806
528753067968872	528753100226074	528753081146159
528753085083903	528753116862386	528753098045939
528753101458700	528753133498413	528753114657430
528753117985148	528753150129029	528753130791992
528753134396525	528753166770956	528753147442058
528753150569499	528753183394125	528753163911784
528753168228760	528753200040690	528753180891236
528753184100057	528753216680827	528753197520834
528753200641236	528753233304606	528753214406820
528753217303304	528753249925293	528753230721924
528753233733928	528753266632365	528753247103801
528753250421021	528753283193075	528753263913168
528753267026245	528753299821045	528753280821900
528753283535360	528753316464559	528753297476563
528753300164429	528753333108114	528753314250529
528753316707927	528753349742310	528753332213379
528753333177653	528753366363688	528753347415528
528753350170899	528753383001099	528753363845622
528753366510946	528753399631348	528753380431560
528753383065918	528753416275716	528753396678833

528752917787801	528752950510091	528752933221110
528752934587199	528752967148112	528752948745036
528752952280274	528752983782023	528752964330770
528752967836345	528753000425049	528752980645956
528752984682699	528753017051229	528752997327800
528753001093343	528753033702962	528753014636393
528753017771566	528753050314820	528753033118734
528753034331869	528753066944824	528753048249390
528753050949911	528753083615845	528753064759806
528753067968872	528753100226074	528753081146159
528753085083903	528753116862386	528753098045939
528753101458700	528753133498413	528753114657430
528753117985148	528753150129029	528753130791992
528753134396525	528753166770956	528753147442058
528753150569499	528753183394125	528753163911784
528753168228760	528753200040690	528753180891236
528753184100057	528753216680827	528753197520834
528753200641236	528753233304606	528753214406820
528753217303304	528753249925293	528753230721924
528753233733928	528753266632365	528753247103801
528753250421021	528753283193075	528753263913168
528753267026245	528753299821045	528753280821900
528753283535360	528753316464559	528753297476563
528753300164429	528753333108114	528753314250529
528753316707927	528753349742310	528753332213379
528753333177653	528753366363688	528753347415528
528753350170899	528753383001099	528753363845622
528753366510946	528753399631348	528753380431560
528753383065918	528753416275716	528753396678833
528753399915975	528753432907756	528753414072510
528753416777263	528753449527507	528753430145183
528753433299764	528753466181682	528753446886556
528753450185384	528753482805054	528753464453003
528753468129680	528753499451986	528753482464234
528753483067302	528753516070109	528753498854371
528753499794190	528753532705323	528753515835734
528753516350749	528753549338013	528753529759441
528753533471355	528753565971110	528753546179647
528753549665162	528753582620769	528753562984904
528753566417928	528753599252198	528753579896281
528753583413697	528753615890544	528753596317587
528753599698772	528753632505494	528753613708659
528753616790202	528753649166423	528753629787110
528753632911377	528753665782675	528753648303549
528753649491944	528753682413615	528753663274537
528753666164673	528753699040080	528753679622559
528753682851970	528753715686036	528753696344849
528753699955241	528753732315105	528753713256877
528753716760661	528753748950440	528753729484498
528753734051880	528753765601848	528753746387330
528753750055298	528753782212647	528753762566122
528753766657227	528753798848511	528753779004192
528753783075765	528753815642416	528753795430420
528753800143515	528753832121908	528753812435181
528753816655966	528753848801067	528753830307943
528753834232748	528753865530274	528753847030966
528753849405193	528753882028240	528753864837728
528753866275798	528753898649048	528753880933432
528753882612671	528753915288941	528753898113282
528753899034302	528753931932943	528753913248047
528753915723593	528753948566448	528753928930827
528753932426636	528753965201010	528753944943279
528753949711223	528753981838054	528753962402385

528753549665162	528753582620769	528753562984904
528753566417928	528753599252198	528753579896281
528753583413697	528753615890544	528753596317587
528753599698772	528753632505494	528753613708659
528753616790202	528753649166423	528753629787110
528753632911377	528753665782675	528753648303549
528753649491944	528753682413615	528753663274537
528753666164673	528753699040080	528753679622559
528753682851970	528753715686036	528753696344849
528753699955241	528753732315105	528753713256877
528753716760661	528753748950440	528753729484498
528753734051880	528753765601848	528753746387330
528753750055298	528753782212647	528753762566122
528753766657227	528753798848511	528753779004192
528753783075765	528753815642416	528753795430420
528753800143515	528753832121908	528753812435181
528753816655966	528753848801067	528753830307943
528753834232748	528753865530274	528753847030966
528753849405193	528753882028240	528753864837728
528753866275798	528753898649048	528753880933432
528753882612671	528753915288941	528753898113282
528753899034302	528753931932943	528753913248047
528753915723593	528753948566448	528753928930827
528753932426636	528753965201010	528753944943279
528753949711223	528753981838054	528753962402385
528753965630005	528753998465780	528753978698202
528753982131063	528754015101563	528753995218100
528753998738852	528754031738241	528754012379436
528754015602580	528754048364340	528754028556601
528754032306397	528754065017497	528754045068238
528754048902670	528754081694906	528754062497763
528754065914958	528754098292400	528754081351889
528754082058839	528754114915284	528754095803671
528754098997234	528754131543702	528754110680014
528754115732585	528754148167318	528754125987550
528754132227051	528754164803427	528754142004517
528754149121094	528754181438884	528754158739950
528754166006348	528754198100139	528754176311768
528754182304851	528754214709026	528754195195232
528754198869792	528754231340984	528754211528158
528754215492351	528754247996746	528754227868653
528754232179403	528754264666383	528754245502117
528754249399903	528754281241578	528754262959962
528754265286581	528754297934734	528754277660645
528754284521200	528754314504110	528754294001466
528754298731283	528754331158204	528754311089031
528754315150920	528754347786174	528754327407878
528754331854412	528754364432740	528754344418010
528754348865886	528754381058228	528754361727092
528754365391765	528754397710572	528754379011191
528754381549765	528754414316773	528754395789185
528754398276368	528754430946656	528754412534140
528754414786866	528754447574220	528754428509726
528754431354656	528754464220785	528754444579428
528754447986573	528754480876425	528754461319174
528754464853557	528754497507529	528754478152060
528754481467042	528754514162558	528754494862143
528754498347983	528754530809978	528754514474814
528754531054688	528754564067994	528754531583131
528754547962444	528754580770020	528754550962078
528754564456707	528754597305014	528754579158977
528754581263591	528754613920859	528754595197918
528754598030641	528754630617677	528754610065349

528754115732585	528754148167318	528754125987550
528754132227051	528754164803427	528754142004517
528754149121094	528754181438884	528754158739950
528754166006348	528754198100139	528754176311768
528754182304851	528754214709026	528754195195232
528754198869792	528754231340984	528754211528158
528754215492351	528754247996746	528754227868653
528754232179403	528754264666383	528754245502117
528754249399903	528754281241578	528754262959962
528754265286581	528754297934734	528754277660645
528754284521200	528754314504110	528754294001466
528754298731283	528754331158204	528754311089031
528754315150920	528754347786174	528754327407878
528754331854412	528754364432740	528754344418010
528754348865886	528754381058228	528754361727092
528754365391765	528754397710572	528754379011191
528754381549765	528754414316773	528754395789185
528754398276368	528754430946656	528754412534140
528754414786866	528754447574220	528754428509726
528754431354656	528754464220785	528754444579428
528754447986573	528754480876425	528754461319174
528754464853557	528754497507529	528754478152060
528754481467042	528754514162558	528754494862143
528754498347983	528754530809978	528754514474814
528754531054688	528754564067994	528754531583131
528754547962444	528754580770020	528754550962078
528754564456707	528754597305014	528754579158977
528754581263591	528754613920859	528754595197918
528754598030641	528754630617677	528754610065349
528754614789755	528754647207846	528754626881064
528754631461956	528754663831869	528754642840577
528754648560060	528754680465740	528754659660401
528754665418865	528754697097942	528754676219850
528754682126547	528754713725709	528754693883058
528754698723471	528754730359091	528754710470257
528754715278159	528754747004396	528754727834107
528754732420655	528754763639934	528754744378460
528754748235271	528754780270021	528754760830242
528754764930991	528754796890870	528754777819296
528754781253134	528754813545045	528754796849488
528754797457236	528754830171184	528754811052857
528754814143352	528754846794679	528754826590943
528754830454062	528754863428386	528754839559693
528754847225872	528754880073284	528754856304038
528754863618938	528754896719646	528754873967368
528754880129599	528754913332317	528754891023927
528754896852337	528754930003907	528754907857626
528754913407757	528754946627565	528754925431967
528754929874065	528754963251018	528754942044679
528754947574667	528754979874269	528754958390179
528754963858644	528754996509319	528754976241660
528754979910564	528755013195680	528754992675864
528754996721070	528755029796388	528755011012045
528755014606813	528755046410442	528755027736695
528755030237428	528755063042237	528755043856975
528755047147137	528755079680462	528755060454713
528755063990276	528755096314007	528755077134156
528755080432211	528755112947552	528755095564454
528755097095094	528755129668743	528755110403728
528755114161215	528755146256593	528755127777711
528755130790040	528755162845623	528755144485597
528755160219606	528755196153810	528755174600017
528755180910686	528755212753907	528755187984458

528754698723471	528754730359091	528754710470257
528754715278159	528754747004396	528754727834107
528754732420655	528754763639934	528754744378460
528754748235271	528754780270021	528754760830242
528754764930991	528754796890870	528754777819296
528754781253134	528754813545045	528754796849488
528754797457236	528754830171184	528754811052857
528754814143352	528754846794679	528754826590943
528754830454062	528754863428386	528754839559693
528754847225872	528754880073284	528754856304038
528754863618938	528754896719646	528754873967368
528754880129599	528754913332317	528754891023927
528754896852337	528754930003907	528754907857626
528754913407757	528754946627565	528754925431967
528754929874065	528754963251018	528754942044679
528754947574667	528754979874269	528754958390179
528754963858644	528754996509319	528754976241660
528754979910564	528755013195680	528754992675864
528754996721070	528755029796388	528755011012045
528755014606813	528755046410442	528755027736695
528755030237428	528755063042237	528755043856975
528755047147137	528755079680462	528755060454713
528755063990276	528755096314007	528755077134156
528755080432211	528755112947552	528755095564454
528755097095094	528755129668743	528755110403728
528755114161215	528755146256593	528755127777711
528755130790040	528755162845623	528755144485597
528755160219606	528755196153810	528755174600017
528755180910686	528755212753907	528755187984458
528755198255820	528755229494508	528755211446779
528755214314658	528755262684897	528755229807700
528755230701906	528755279305543	528755245721600
528755250256512	528755295926678	528755278947226
528755280568564	528755312578167	528755295844036
528755297792644	528755329188112	528755312477988
528755314132407	528755345829225	528755326150270
528755330720013	528755362461631	528755339643881
528755346823162	528755379097861	528755356997885
528755363167726	528755395742921	528755373724814
528755379892864	528755412361248	528755392906129
528755396230267	528755428997438	528755408679892
528755413118084	528755445661622	528755425758953
528755429678468	528755462292400	528755441952719
528755446314332	528755478900595	528755458529786
528755463143393	528755495536297	528755475775311
528755479447592	528755512167604	528755493136761
528755495885825	528755528847820	528755509956992
528755512588055	528755545481203	528755527338340
528755528952394	528755562097902	528755543608441
528755545960451	528755578704632	528755560094972
528755562954754	528755595339316	528755575508587
528755579563275	528755611978761	528755592052248
528755596794435	528755628608644	528755608920086
528755613423952	528755645242433	528755626405845
528755628778851	528755661880861	528755641873821
528755645631878	528755678513307	528755658699953
528755662270387	528755695145306	528755675422405
528755678889406	528755711787355	528755694418581
528755695575075	528755728473227	528755708824302
528755712341391	528755745090903	528755727805910
528755728812420	528755761705242	528755744690390
528755745535076	528755778332643	528755759329754
528755762596885	528755794962567	528755774938559

528755314132407	528755345829225	528755326150270
528755330720013	528755362461631	528755339643881
528755346823162	528755379097861	528755356997885
528755363167726	528755395742921	528755373724814
528755379892864	528755412361248	528755392906129
528755396230267	528755428997438	528755408679892
528755413118084	528755445661622	528755425758953
528755429678468	528755462292400	528755441952719
528755446314332	528755478900595	528755458529786
528755463143393	528755495536297	528755475775311
528755479447592	528755512167604	528755493136761
528755495885825	528755528847820	528755509956992
528755512588055	528755545481203	528755527338340
528755528952394	528755562097902	528755543608441
528755545960451	528755578704632	528755560094972
528755562954754	528755595339316	528755575508587
528755579563275	528755611978761	528755592052248
528755596794435	528755628608644	528755608920086
528755613423952	528755645242433	528755626405845
528755628778851	528755661880861	528755641873821
528755645631878	528755678513307	528755658699953
528755662270387	528755695145306	528755675422405
528755678889406	528755711787355	528755694418581
528755695575075	528755728473227	528755708824302
528755712341391	528755745090903	528755727805910
528755728812420	528755761705242	528755744690390
528755745535076	528755778332643	528755759329754
528755762596885	528755794962567	528755774938559
528755779043947	528755811619101	528755791745932
528755795593792	528755828224692	528755808357871
528755813044150	528755844863405	528755825512697
528755829568727	528755861478436	528755841695477
528755846096641	528755878134320	528755858185060
528755862585329	528755894760907	528755875404949
528755880224611	528755911398724	528755892463177
528755896252484	528755928040814	528755909259035
528755913414715	528755944662355	528755927468670
528755929367230	528755961288942	528755942079591
528755945697878	528755977929648	528755957972292
528755962541872	528755994559084	528755974859824
528755978618898	528756011188437	528755993928631
528755995164919	528756027841025	528756008077476
528756011852500	528756044461834	528756027273114
528756028464194	528756061095054	528756042468223
528756044935833	528756077729372	528756058257529
528756061285199	528756094388755	528756076130454
528756078118166	528756111004274	528756091971681
528756094915041	528756127668866	528756108454144
528756111272788	528756144260744	528756126112917
528756127879640	528756160889406	528756141814333
528756144716148	528756177543418	528756158211265
528756161106773	528756194196779	528756175094891
528756177581952	528756210799806	528756192450360
528756194154299	528756227453574	528756209444053
528756210805340	528756244107302	528756226414227
528756227519045	528756260726564	528756242293703
528756244180544	528756277355064	528756258010825
528756261103802	528756293995322	528756275391725
528756279231935	528756310720420	528756291723716
528756294744224	528756327249554	528756310235435
528756311387453	528756343920615	528756325402793
528756329035077	528756360517499	528756341243573
528756345384238	528756377145428	528756357792848

528755945697878	528755977929648	528755957972292
528755962541872	528755994559084	528755974859824
528755978618898	528756011188437	528755993928631
528755995164919	528756027841025	528756008077476
528756011852500	528756044461834	528756027273114
528756028464194	528756061095054	528756042468223
528756044935833	528756077729372	528756058257529
528756061285199	528756094388755	528756076130454
528756078118166	528756111004274	528756091971681
528756094915041	528756127668866	528756108454144
528756111272788	528756144260744	528756126112917
528756127879640	528756160889406	528756141814333
528756144716148	528756177543418	528756158211265
528756161106773	528756194196779	528756175094891
528756177581952	528756210799806	528756192450360
528756194154299	528756227453574	528756209444053
528756210805340	528756244107302	528756226414227
528756227519045	528756260726564	528756242293703
528756244180544	528756277355064	528756258010825
528756261103802	528756293995322	528756275391725
528756279231935	528756310720420	528756291723716
528756294744224	528756327249554	528756310235435
528756311387453	528756343920615	528756325402793
528756329035077	528756360517499	528756341243573
528756345384238	528756377145428	528756357792848
528756361940554	528756393780641	528756374506919
528756378372682	528756410418215	528756390680869
528756395153363	528756427048464	528756407070843
528756411924481	528756443684206	528756423628542
528756428545860	528756460312746	528756440992515
528756444849123	528756476959190	528756457489585
528756461613324	528756493692100	528756473891156
528756478352256	528756510214032	528756491133425
528756494815554	528756526851605	528756507806765
528756511659751	528756543496503	528756524348187
528756527661664	528756560132123	528756541285972
528756544229453	528756576746869	528756559147788
528756561285077	528756593377810	528756575383343
528756577077801	528756610059084	528756592246136
528756593550987	528756626653811	528756607074709
528756610188885	528756643313926	528756624141848
528756626775026	528756659971519	528756641077150
528756643484947	528756676705731	528756658752118
528756661002403	528756693223228	528756676863975
528756681192914	528756709835939	528756691230837
528756693268516	528756726463096	528756706734662
528756709816774	528756743112225	528756723228965
528756726290041	528756759745933	528756739734499
528756743586957	528756776372561	528756756895998
528756760679527	528756792999392	528756774586631
528756776694338	528756809694867	528756790502443
528756793371177	528756826268557	528756807094078
528756810751182	528756842905845	528756823982505
528756826900555	528756859569135	528756840988853
528756843999676	528756876179405	528756857739463
528756860967124	528756892805625	528756874551027
528756877553754	528756909443931	528756892748212
528756893812787	528756926074831	528756907371218
528756910929771	528756942713584	528756924343060
528756927325482	528756959336753	528756941398114
528756944416221	528756975977338	528756957732302
528756960718630	528756992606732	528756974132693
528756977783246	528757009249026	528756990866742

528756527661664	528756560132123	528756541285972
528756544229453	528756576746869	528756559147788
528756561285077	528756593377810	528756575383343
528756577077801	528756610059084	528756592246136
528756593550987	528756626653811	528756607074709
528756610188885	528756643313926	528756624141848
528756626775026	528756659971519	528756641077150
528756643484947	528756676705731	528756658752118
528756661002403	528756693223228	528756676863975
528756681192914	528756709835939	528756691230837
528756693268516	528756726463096	528756706734662
528756709816774	528756743112225	528756723228965
528756726290041	528756759745933	528756739734499
528756743586957	528756776372561	528756756895998
528756760679527	528756792999392	528756774586631
528756776694338	528756809694867	528756790502443
528756793371177	528756826268557	528756807094078
528756810751182	528756842905845	528756823982505
528756826900555	528756859569135	528756840988853
528756843999676	528756876179405	528756857739463
528756860967124	528756892805625	528756874551027
528756877553754	528756909443931	528756892748212
528756893812787	528756926074831	528756907371218
528756910929771	528756942713584	528756924343060
528756927325482	528756959336753	528756941398114
528756944416221	528756975977338	528756957732302
528756960718630	528756992606732	528756974132693
528756977783246	528757009249026	528756990866742
528756994156781	528757025896853	528757007330894
528757010333824	528757042520591	528757023852419
528757026650881	528757059141115	528757040950930
528757043107180	528757075793134	528757057267540
528757059938723	528757092408205	528757074379478
528757076529136	528757109044151	528757090514447
528757092775637	528757125692995	528757107267662
528757109942100	528757142338340	528757124263064
528757126258954	528757158945111	528757141103152
528757142012291	528757175709109	528757157116376
528757159250165	528757192242597	528757173969485
528757175390546	528757225504804	528757193467531
528757209485110	528757242113853	528757210016319
528757225993614	528757258756675	528757241030886
528757242833091	528757275378380	528757257626101
528757259606366	528757292015709	528757273951052
528757275738080	528757308641929	528757289377810
528757292858686	528757325291425	528757305891075
528757308987632	528757341932457	528757322605878
528757326183515	528757358678795	528757339595502
528757342890058	528757375202191	528757356743207
528757359809573	528757391836957	528757373715416
528757377302248	528757408458417	528757389419477
528757393183352	528757425099286	528757406280561
528757409356163	528757441739708	528757422664960
528757426320600	528757458358157	528757440359947
528757443028607	528757475011192	528757456142784
528757459801882	528757491637250	528757473039228
528757476718183	528757508267540	528757489397423
528757492791628	528757524908979	528757507109418
528757508749799	528757541543785	528757522452802
528757525571495	528757558183840	528757539586876
528757542185305	528757574823855	528757555881350
528757559145714	528757591433149	528757573458702

528757126258954	528757158945111	528757141103152
528757142012291	528757175709109	528757157116376
528757159250165	528757192242597	528757173969485
528757175390546	528757225504804	528757193467531
528757209485110	528757242113853	528757210016319
528757225993614	528757258756675	528757241030886
528757242833091	528757275378380	528757257626101
528757259606366	528757292015709	528757273951052
528757275738080	528757308641929	528757289377810
528757292858686	528757325291425	528757305891075
528757308987632	528757341932457	528757322605878
528757326183515	528757358678795	528757339595502
528757342890058	528757375202191	528757356743207
528757359809573	528757391836957	528757373715416
528757377302248	528757408458417	528757389419477
528757393183352	528757425099286	528757406280561
528757409356163	528757441739708	528757422664960
528757426320600	528757458358157	528757440359947
528757443028607	528757475011192	528757456142784
528757459801882	528757491637250	528757473039228
528757476718183	528757508267540	528757489397423
528757492791628	528757524908979	528757507109418
528757508749799	528757541543785	528757522452802
528757525571495	528757558183840	528757539586876
528757542185305	528757574823855	528757555881350
528757559145714	528757591433149	528757573458702
528757575469688	528757608077069	528757588877566
528757592156008	528757624703697	528757604792971
528757608672935	528757641334027	528757621650556
528757625396039	528757657960126	528757638726931
528757641946576	528757674639407	528757654817222
528757658392092	528757691232302	528757672471845
528757674824872	528757707865359	528757689264976
528757691605593	528757724500409	528757705485273
528757708102948	528757741132489	528757722973635
528757725049848	528757757765668	528757739661664
528757740962690	528757774430382	528757755915448
528757758209963	528757791041344	528757772642581
528757775087974	528757807875654	528757789245242
528757794123293	528757824333499	528757808108523
528757824624555	528757857576419	528757825023114
528757841418378	528757874217979	528757844375125
528757858696047	528757890845095	528757873846764
528757874856855	528757907475060	528757889653079
528757891410403	528757924105064	528757905619021
528757908421064	528757940752322	528757922321658
528757924778933	528757957387128	528757939428469
528757941494469	528757974025027	528757955552737
528757957876345	528757990719119	528757972974775
528757974554771	528758007294924	528757990312706
528757991117475	528758023919070	528758007018232
528758007744835	528758040549400	528758022839968
528758024516808	528758057236656	528758038081830
528758041667035	528758073820844	528758054177778
528758058081220	528758090459109	528758071120527
528758074522260	528758107095462	528758089083133
528758091653079	528758123726402	528758103964684
528758108472781	528758140372724	528758121602175
528758125179120	528758157003176	528758139274864
528758141794762	528758173657473	528758154694827
528758158308841	528758190271487	528758171408328
528758177124799	528758206891075	528758187969811

528757740962690	528757774430382	528757755915448
528757758209963	528757791041344	528757772642581
528757775087974	528757807875654	528757789245242
528757794123293	528757824333499	528757808108523
528757824624555	528757857576419	528757825023114
528757841418378	528757874217979	528757844375125
528757858696047	528757890845095	528757873846764
528757874856855	528757907475060	528757889653079
528757891410403	528757924105064	528757905619021
528757908421064	528757940752322	528757922321658
528757924778933	528757957387128	528757939428469
528757941494469	528757974025027	528757955552737
528757957876345	528757990719119	528757972974775
528757974554771	528758007294924	528757990312706
528757991117475	528758023919070	528758007018232
528758007744835	528758040549400	528758022839968
528758024516808	528758057236656	528758038081830
528758041667035	528758073820844	528758054177778
528758058081220	528758090459109	528758071120527
528758074522260	528758107095462	528758089083133
528758091653079	528758123726402	528758103964684
528758108472781	528758140372724	528758121602175
528758125179120	528758157003176	528758139274864
528758141794762	528758173657473	528758154694827
528758158308841	528758190271487	528758171408328
528758177124799	528758206891075	528758187969811
528758191087405	528758223532921	528758204525597
528758207530520	528758240173180	528758220492475
528758223869510	528758256800214	528758237425825
528758240430138	528758273428429	528758254423668
528758257338666	528758290064415	528758271148644
528758274942304	528758306707522	528758287485151
528758291200930	528758323335208	528758304091555
528758307363081	528758339963992	528758320704877
528758324234093	528758356670494	528758337055016
528758340566653	528758373260175	528758353892093
528758357533857	528758389882612	528758370622439
528758373576500	528758406537723	528758388666140
528758389811933	528758423136030	528758403690677
528758407119225	528758439766726	528758420478030
528758423525353	528758456410363	528758436756635
528758440396487	528758473052574	528758454066490
528758457513268	528758489683759	528758470963585
528758474220991	528758506309614	528758487178063
528758491061486	528758522944664	528758504130415
528758507370527	528758539634240	528758520352216
528758523520348	528758556229007	528758536927249
528758540174563	528758572879519	528758554069379
528758560339440	528758589525231	528758570488243
528758573233279	528758606154096	528758586963870
528758590236168	528758622771772	528758603853030
528758607706546	528758639385013	528758620229576
528758623381595	528758656023888	528758636196251
528758639965498	528758672660973	528758653151451
528758657342329	528758689290774	528758669398156
528758673956627	528758705927005	528758688108483
528758689965823	528758722566857	528758703237592
528758707191206	528758739241010	528758720430179
528758724106977	528758755829186	528758737438113
528758740484703	528758772467247	528758754479129
528758760896162	528758789094323	528758770135664
528758773391279	528758805731448	528758786388309
528758789941491	528758822366133	528758802988406

528758373576500	528758406537723	528758388666140
528758389811933	528758423136030	528758403690677
528758407119225	528758439766726	528758420478030
528758423525353	528758456410363	528758436756635
528758440396487	528758473052574	528758454066490
528758457513268	528758489683759	528758470963585
528758474220991	528758506309614	528758487178063
528758491061486	528758522944664	528758504130415
528758507370527	528758539634240	528758520352216
528758523520348	528758556229007	528758536927249
528758540174563	528758572879519	528758554069379
528758560339440	528758589525231	528758570488243
528758573233279	528758606154096	528758586963870
528758590236168	528758622771772	528758603853030
528758607706546	528758639385013	528758620229576
528758623381595	528758656023888	528758636196251
528758639965498	528758672660973	528758653151451
528758657342329	528758689290774	528758669398156
528758673956627	528758705927005	528758688108483
528758689965823	528758722566857	528758703237592
528758707191206	528758739241010	528758720430179
528758724106977	528758755829186	528758737438113
528758740484703	528758772467247	528758754479129
528758760896162	528758789094323	528758770135664
528758773391279	528758805731448	528758786388309
528758789941491	528758822366133	528758802988406
528758807201582	528758838991743	528758820361779
528758823313886	528758855635664	528758836610884
528758839578494	528758872267011	528758853933231
528758856373457	528758888900638	528758870151004
528758872948937	528758905528893	528758886704186
528758889761396	528758922168786	528758903189822
528758906577680	528758938804894	528758920100508
528758923184044	528758955448937	528758936385501
528758939496626	528758972065799	528758953155480
528758955959435	528758988726810	528758969545820
528758972689782	528759005336999	528758987901859
528758988606774	528759021972008	528759002964033
528759005391360	528759038694461	528759020311323
528759022078250	528759055246382	528759036882978
528759038699629	528759071885216	528759054288130
528759055918094	528759088560387	528759069841556
528759072383100	528759105131717	528759086023359
528759088957848	528759121792321	528759102597049
528759106339847	528759138403608	528759120080488
528759122358931	528759155041263	528759136541304
528759139241011	528759171682702	528759153820153
528759156273929	528759188317874	528759170261844
528759172538252	528759204993696	528759186629723
528759189258874	528759221672773	528759203163252
528759206228234	528759238202762	528759220320723
528759222338057	528759254862633	528759236209598
528759238761559	528759271484866	528759253813114
528759255619307	528759288120609	528759270711755
528759272589318	528759304763838	528759288234582
528759290236698	528759321381921	528759302385542
528759305793460	528759338035404	528759319359093
528759322320845	528759354652550	528759335920088
528759339875532	528759371298547	528759352793582
528759356533695	528759387931685	528759369302331
528759372719608	528759404625288	528759386388431
528759388942630	528759421205326	528759402539920
528759406200036	528759437838464	528759419651533

528758872948937	528758905528893	528758886704186
528758889761396	528758922168786	528758903189822
528758906577680	528758938804894	528758920100508
528758923184044	528758955448937	528758936385501
528758939496626	528758972065799	528758953155480
528758955959435	528758988726810	528758969545820
528758972689782	528759005336999	528758987901859
528758988606774	528759021972008	528759002964033
528759005391360	528759038694461	528759020311323
528759022078250	528759055246382	528759036882978
528759038699629	528759071885216	528759054288130
528759055918094	528759088560387	528759069841556
528759072383100	528759105131717	528759086023359
528759088957848	528759121792321	528759102597049
528759106339847	528759138403608	528759120080488
528759122358931	528759155041263	528759136541304
528759139241011	528759171682702	528759153820153
528759156273929	528759188317874	528759170261844
528759172538252	528759204993696	528759186629723
528759189258874	528759221672773	528759203163252
528759206228234	528759238202762	528759220320723
528759222338057	528759254862633	528759236209598
528759238761559	528759271484866	528759253813114
528759255619307	528759288120609	528759270711755
528759272589318	528759304763838	528759288234582
528759290236698	528759321381921	528759302385542
528759305793460	528759338035404	528759319359093
528759322320845	528759354652550	528759335920088
528759339875532	528759371298547	528759352793582
528759356533695	528759387931685	528759369302331
528759372719608	528759404625288	528759386388431
528759388942630	528759421205326	528759402539920
528759406200036	528759437838464	528759419651533
528759422288211	528759454465864	528759436078983
528759438798913	528759471111494	528759452491947
528759455174157	528759487749027	528759469007775
528759471621829	528759504389204	528759485833337
528759488388350	528759521010379	528759502461633
528759505407922	528759537650272	528759519085453
528759521913700	528759554254927	528759535349206
528759538306644	528759570904260	528759552565677
528759554915571	528759587529504	528759568752241
528759571085615	528759604176883	528759587732222
528759604489505	528759637440148	528759605063968
528759621055016	528759654070926	528759624401696
528759638328983	528759670695357	528759654024377
528759655333337	528759687327803	528759670766849
528759687770755	528759720625736	528759688327925
528759704421553	528759737229170	528759705219364
528759720621423	528759753872521	528759734853112
528759737655195	528759770571048	528759753750370
528759754823164	528759803798221	528759772089807
528759787761763	528759820411706	528759788207442
528759804353234	528759837045902	528759816803348
528759820850915	528759853680627	528759833384932
528759837980513	528759870316003	528759850774947
528759854684981	528759886959435	528759868529016
528759870981856	528759903644453	528759886799727
528759887377608	528759920218225	528759901122481
528759904519128	528759936847334	528759917771284
528759921195153	528759953475874	528759934990075
528759938241255	528759970213789	528759952176680
528759954365767	528760003385176	528759970892907

528759471621829	528759504389204	528759485833337
528759488388350	528759521010379	528759502461633
528759505407922	528759537650272	528759519085453
528759521913700	528759554254927	528759535349206
528759538306644	528759570904260	528759552565677
528759554915571	528759587529504	528759568752241
528759571085615	528759604176883	528759587732222
528759604489505	528759637440148	528759605063968
528759621055016	528759654070926	528759624401696
528759638328983	528759670695357	528759654024377
528759655333337	528759687327803	528759670766849
528759687770755	528759720625736	528759688327925
528759704421553	528759737229170	528759705219364
528759720621423	528759753872521	528759734853112
528759737655195	528759770571048	528759753750370
528759754823164	528759803798221	528759772089807
528759787761763	528759820411706	528759788207442
528759804353234	528759837045902	528759816803348
528759820850915	528759853680627	528759833384932
528759837980513	528759870316003	528759850774947
528759854684981	528759886959435	528759868529016
528759870981856	528759903644453	528759886799727
528759887377608	528759920218225	528759901122481
528759904519128	528759936847334	528759917771284
528759921195153	528759953475874	528759934990075
528759938241255	528759970213789	528759952176680
528759954365767	528760003385176	528759970892907
528759987627608	528760020025516	528759988086063
528760004399743	528760036660038	528760018113407
528760020821903	528760053289107	528760035040165
528760037313928	528760069926355	528760052328007
528760054085860	528760086571008	528760068253096
528760070432621	528760103201135	528760084990482
528760087426070	528760119819624	528760103022831
528760103832767	528760136463993	528760119093754
528760120600264	528760153104089	528760132066288
528760137538903	528760169738732	528760151436771
528760153494510	528760186359745	528760168769250
528760170134240	528760202993208	528760183686568
528760186364709	528760219631921	528760199913863
528760203019983	528760236305302	528760215052738
528760219775435	528760252887862	528760232548181
528760236536096	528760269630904	528760249097172
528760255930668	528760286200728	528760269103926
528760270564579	528760302796838	528760286113855
528760287371423	528760319439701	528760301181970
528760303858361	528760336105513	528760316709598
528760320494673	528760352730513	528760333292362
528760336571985	528760369329553	528760349795902
528760353874800	528760385977950	528760367233646
528760369989872	528760402640466	528760383419437
528760387036096	528760419242598	528760400685591
528760404521163	528760435870569	528760416855595
528760420869999	528760452498946	528760433027876
528760437164961	528760469149092	528760449515385
528760454662886	528760485784672	528760466725793
528760471199833	528760502408899	528760484856612
528760486562585	528760519046960	528760499829756
528760503328943	528760535681563	528760517016646
528760520197758	528760552334354	528760533584070
528760536764815	528760568953739	528760549892663
528760553193119	528760585630171	528760567147953
528760569676395	528760602225142	528760583063236

528760120600264	528760153104089	528760132066288
528760137538903	528760169738732	528760151436771
528760153494510	528760186359745	528760168769250
528760170134240	528760202993208	528760183686568
528760186364709	528760219631921	528760199913863
528760203019983	528760236305302	528760215052738
528760219775435	528760252887862	528760232548181
528760236536096	528760269630904	528760249097172
528760255930668	528760286200728	528760269103926
528760270564579	528760302796838	528760286113855
528760287371423	528760319439701	528760301181970
528760303858361	528760336105513	528760316709598
528760320494673	528760352730513	528760333292362
528760336571985	528760369329553	528760349795902
528760353874800	528760385977950	528760367233646
528760369989872	528760402640466	528760383419437
528760387036096	528760419242598	528760400685591
528760404521163	528760435870569	528760416855595
528760420869999	528760452498946	528760433027876
528760437164961	528760469149092	528760449515385
528760454662886	528760485784672	528760466725793
528760471199833	528760502408899	528760484856612
528760486562585	528760519046960	528760499829756
528760503328943	528760535681563	528760517016646
528760520197758	528760552334354	528760533584070
528760536764815	528760568953739	528760549892663
528760553193119	528760585630171	528760567147953
528760569676395	528760602225142	528760583063236
528760586182662	528760618851200	528760599705489
528760603073449	528760635475915	528760616652755
528760619152795	528760652132084	528760632821700
528760635962366	528760668756474	528760649653853
528760652530481	528760685386072	528760666802087
528760668921350	528760702028690	528760683145349
528760686290328	528760718672937	528760699556726
528760702761641	528760735282556	528760716421146
528760719339237	528760751913212	528760733007206
528760735927779	528760768621627	528760749563074
528760752371342	528760785282475	528760766849166
528760768748214	528760801816939	528760785221236
528760801959110	528760835089197	528760802312056
528760818895837	528760851724980	528760819335168
528760835425582	528760868375736	528760849355351
528760853162276	528760884996708	528760866732385
528760869242395	528760901644779	528760883158695
528760886258671	528760918258793	528760899713505
528760903005985	528760934905196	528760916736210
528760919111454	528760951538456	528760932889530
528760936846521	528760968166264	528760949085819
528760952869307	528760984807743	528760966154626
528760969343835	528761001427087	528760982248458
528760986253096	528761018106368	528760998872278
528761002795821	528761034733158	528761015825321
528761019267623	528761051334314	528761033727299
528761036424972	528761067985112	528761049817916
528761052765385	528761084748417	528761067056726
528761069035079	528761101233199	528761084575769
528761085346480	528761117880050	528761099117436
528761101716598	528761134504765	528761112610112
528761118384037	528761151134078	528761129875574
528761135278772	528761167779952	528761147398401
528761152178959	528761184415857	528761165467086
528761168653853	528761201081628	528761181472498

528760768748214	528760801816939	528760785221236
528760801959110	528760835089197	528760802312056
528760818895837	528760851724980	528760819335168
528760835425582	528760868375736	528760849355351
528760853162276	528760884996708	528760866732385
528760869242395	528760901644779	528760883158695
528760886258671	528760918258793	528760899713505
528760903005985	528760934905196	528760916736210
528760919111454	528760951538456	528760932889530
528760936846521	528760968166264	528760949085819
528760952869307	528760984807743	528760966154626
528760969343835	528761001427087	528760982248458
528760986253096	528761018106368	528760998872278
528761002795821	528761034733158	528761015825321
528761019267623	528761051334314	528761033727299
528761036424972	528761067985112	528761049817916
528761052765385	528761084748417	528761067056726
528761069035079	528761101233199	528761084575769
528761085346480	528761117880050	528761099117436
528761101716598	528761134504765	528761112610112
528761118384037	528761151134078	528761129875574
528761135278772	528761167779952	528761147398401
528761152178959	528761184415857	528761165467086
528761168653853	528761201081628	528761181472498
528761185109013	528761217687667	528761199275883
528761201654993	528761234308435	528761215387293
528761217875004	528761250958093	528761231809046
528761234593469	528761267616622	528761248550216
528761251320927	528761284264449	528761265156091
528761267913660	528761300855188	528761280848352
528761284634282	528761317477909	528761298215540
528761301259241	528761334122319	528761314869226
528761317972335	528761350760462	528761331012659
528761334511926	528761367393030	528761347878178
528761351232711	528761384017908	528761364584233
528761367778813	528761400653325	528761381956588
528761384526819	528761417312382	528761397758427
528761401248417	528761433947758	528761411036015
528761418069706	528761450607019	528761429948572
528761435253219	528761467197514	528761447580774
528761451129928	528761483836552	528761464209721
528761467824386	528761500460413	528761479553268
528761484896326	528761517088749	528761496113367
528761501085576	528761533730025	528761513963912
528761517631922	528761550381271	528761530262618
528761534403487	528761567002161	528761548494755
528761551137903	528761583627364	528761565107060
528761567861455	528761600262130	528761580058435
528761584121912	528761616911544	528761596709436
528761600685470	528761633526046	528761613714929
528761617716232	528761650162480	528761629701949
528761634383793	528761666799850	528761646802820
528761651034265	528761683425297	528761664598474
528761667194625	528761700070520	528761682701298
528761683754765	528761716758427	528761697136113
528761700540450	528761733326909	528761714053308
528761717183151	528761749961145	528761730517216
528761733662358	528761766635218	528761747021692
528761750456873	528761783240076	528761765260991
528761766766850	528761799872441	528761780962976
528761783804204	528761816536544	528761797113082
528761800918543	528761833140670	528761814639043
528761816717534	528761849780725	528761831039962

528761384526819	528761417312382	528761397758427
528761401248417	528761433947758	528761411036015
528761418069706	528761450607019	528761429948572
528761435253219	528761467197514	528761447580774
528761451129928	528761483836552	528761464209721
528761467824386	528761500460413	528761479553268
528761484896326	528761517088749	528761496113367
528761501085576	528761533730025	528761513963912
528761517631922	528761550381271	528761530262618
528761534403487	528761567002161	528761548494755
528761551137903	528761583627364	528761565107060
528761567861455	528761600262130	528761580058435
528761584121912	528761616911544	528761596709436
528761600685470	528761633526046	528761613714929
528761617716232	528761650162480	528761629701949
528761634383793	528761666799850	528761646802820
528761651034265	528761683425297	528761664598474
528761667194625	528761700070520	528761682701298
528761683754765	528761716758427	528761697136113
528761700540450	528761733326909	528761714053308
528761717183151	528761749961145	528761730517216
528761733662358	528761766635218	528761747021692
528761750456873	528761783240076	528761765260991
528761766766850	528761799872441	528761780962976
528761783804204	528761816536544	528761797113082
528761800918543	528761833140670	528761814639043
528761816717534	528761849780725	528761831039962
528761833621383	528761866428390	528761847284143
528761850114751	528761883054082	528761865022099
528761866469406	528761899679977	528761880582036
528761883769658	528761916311691	528761897520919
528761900439661	528761932952641	528761914310144
528761917078007	528761949716232	528761930694625
528761933910120	528761966224533	528761947447107
528761950595097	528761982853073	528761965818283
528761966850875	528761999477584	528761980730839
528761983891769	528762016130416	528761997141362
528762000649785	528762032760299	528762014324061
528762017290979	528762049423385	528762030106246
528762034443323	528762066063725	528762047692021
528762050642949	528762082667119	528762064300704
528762067306727	528762099307947	528762082913213
528762084002161	528762115914189	528762097448165
528762100448857	528762132548426	528762110730962
528762117297205	528762149191574	528762124862879
528762133929896	528762165846684	528762142030359
528762150891321	528762182480718	528762159154953
528762167092819	528762199114181	528762176816289
528762183712285	528762215732427	528762192946619
528762200476160	528762232384282	528762210943730
528762217270228	528762249000534	528762228720626
528762233125941	528762265681605	528762246696009
528762249492721	528762282260462	528762261768641
528762265921432	528762298916631	528762278819585
528762282526982	528762315531987	528762296260747
528762299078048	528762332179529	528762313574142
528762315761194	528762348826665	528762330273849
528762333108932	528762365464604	528762346437545
528762349430262	528762382077072	528762363428065
528762366554123	528762398703618	528762380775517
528762382630417	528762415330571	528762396321497
528762398876795	528762431971115	528762412723760
528762415894170	528762448641077	528762429704920

528761950595097	528761982853073	528761965818283
528761966850875	528761999477584	528761980730839
528761983891769	528762016130416	528761997141362
528762000649785	528762032760299	528762014324061
528762017290979	528762049423385	528762030106246
528762034443323	528762066063725	528762047692021
528762050642949	528762082667119	528762064300704
528762067306727	528762099307947	528762082913213
528762084002161	528762115914189	528762097448165
528762100448857	528762132548426	528762110730962
528762117297205	528762149191574	528762124862879
528762133929896	528762165846684	528762142030359
528762150891321	528762182480718	528762159154953
528762167092819	528762199114181	528762176816289
528762183712285	528762215732427	528762192946619
528762200476160	528762232384282	528762210943730
528762217270228	528762249000534	528762228720626
528762233125941	528762265681605	528762246696009
528762249492721	528762282260462	528762261768641
528762265921432	528762298916631	528762278819585
528762282526982	528762315531987	528762296260747
528762299078048	528762332179529	528762313574142
528762315761194	528762348826665	528762330273849
528762333108932	528762365464604	528762346437545
528762349430262	528762382077072	528762363428065
528762366554123	528762398703618	528762380775517
528762382630417	528762415330571	528762396321497
528762398876795	528762431971115	528762412723760
528762415894170	528762448641077	528762429704920
528762432560063	528762465236780	528762446029342
528762448538335	528762481870366	528762462883957
528762465385299	528762498511601	528762480159266
528762482271001	528762515138839	528762496387253
528762498672490	528762531785446	528762512457646
528762515369837	528762548414311	528762530008387
528762532399989	528762565051396	528762548650884
528762549982874	528762581724329	528762562988693
528762565810063	528762598738205	528762580550135
528762582342168	528762614963628	528762596465215
528762599188115	528762631576177	528762613491419
528762616209681	528762648218551	528762629041102
528762635008631	528762664865483	528762645408249
528762649810959	528762681477178	528762662284469
528762666270228	528762698112187	528762679572108
528762682730148	528762714755132	528762695366460
528762699716720	528762731403488	528762712307256
528762716320765	528762748022588	528762729386805
528762733330083	528762764658615	528762745635828
528762749253138	528762781302210	528762762188685
528762765952642	528762797961105	528762779487025
528762782377121	528762814683761	528762795716639
528762799110316	528762831202642	528762812505579
528762814683314	528762847826055	528762829312505
528762831780441	528762864448247	528762845274093
528762848524989	528762881097417	528762863451421
528762864520106	528762897750819	528762878856288
528762881054326	528762914352463	528762895106572
528762897713831	528762931011561	528762911906906
528762914907150	528762947618495	528762929704188
528762931726079	528762964266729	528762945944870
528762947888758	528762980896164	528762962215093
528762964802780	528762997534876	528762979337774
528762981488775	528763014206141	528762995247686

528762549982874	528762581724329	528762562988693
528762565810063	528762598738205	528762580550135
528762582342168	528762614963628	528762596465215
528762599188115	528762631576177	528762613491419
528762616209681	528762648218551	528762629041102
528762635008631	528762664865483	528762645408249
528762649810959	528762681477178	528762662284469
528762666270228	528762698112187	528762679572108
528762682730148	528762714755132	528762695366460
528762699716720	528762731403488	528762712307256
528762716320765	528762748022588	528762729386805
528762733330083	528762764658615	528762745635828
528762749253138	528762781302210	528762762188685
528762765952642	528762797961105	528762779487025
528762782377121	528762814683761	528762795716639
528762799110316	528762831202642	528762812505579
528762814683314	528762847826055	528762829312505
528762831780441	528762864448247	528762845274093
528762848524989	528762881097417	528762863451421
528762864520106	528762897750819	528762878856288
528762881054326	528762914352463	528762895106572
528762897713831	528762931011561	528762911906906
528762914907150	528762947618495	528762929704188
528762931726079	528762964266729	528762945944870
528762947888758	528762980896164	528762962215093
528762964802780	528762997534876	528762979337774
528762981488775	528763014206141	528762995247686
528763000244715	528763047442917	528763014807582
528763031142583	528763064087489	528763031689417
528763047653488	528763080744878	528763058396896
528763064345790	528763097345627	528763076383347
528763081163050	528763113992315	528763092564743
528763101035609	528763130665736	528763110153895
528763115383387	528763147240077	528763127096237
528763132232427	528763163871465	528763143783045
528763148604050	528763180517502	528763163491623
528763164449142	528763197142949	528763179278936
528763181042974	528763213824916	528763191652674
528763197581426	528763230449671	528763208537237
528763214502650	528763247064296	528763226392054
528763231316533	528763263696498	528763243140589
528763247423671	528763280312831	528763260572311
528763264936284	528763296949305	528763277722010
528763281269699	528763313624232	528763294346156
528763298098516	528763330214442	528763311386358
528763315221237	528763346845627	528763327805547
528763331537725	528763363475917	528763343951421
528763347813929	528763380117518	528763360920497
528763365034348	528763396756027	528763378210821
528763381414515	528763413382289	528763394029750
528763398127609	528763430022670	528763410686162
528763414452642	528763446677658	528763427970546
528763430419968	528763463280157	528763446302780
528763447019903	528763479992478	528763461553228
528763463305262	528763496611171	528763479226771
528763480274663	528763529834519	528763497487758
528763512965256	528763546467860	528763513376470
528763530169439	528763563083379	528763543164475
528763546601649	528763579720790	528763559475917
528763563176844	528763596413335	528763576379969
528763579886805	528763612988490	528763594120814
528763596518926	528763629642787	528763610470220
528763613426967	528763646281947	528763628135219

528763164449142	528763197142949	528763179278936
528763181042974	528763213824916	528763191652674
528763197581426	528763230449671	528763208537237
528763214502650	528763247064296	528763226392054
528763231316533	528763263696498	528763243140589
528763247423671	528763280312831	528763260572311
528763264936284	528763296949305	528763277722010
528763281269699	528763313624232	528763294346156
528763298098516	528763330214442	528763311386358
528763315221237	528763346845627	528763327805547
528763331537725	528763363475917	528763343951421
528763347813929	528763380117518	528763360920497
528763365034348	528763396756027	528763378210821
528763381414515	528763413382289	528763394029750
528763398127609	528763430022670	528763410686162
528763414452642	528763446677658	528763427970546
528763430419968	528763463280157	528763446302780
528763447019903	528763479992478	528763461553228
528763463305262	528763496611171	528763479226771
528763480274663	528763529834519	528763497487758
528763512965256	528763546467860	528763513376470
528763530169439	528763563083379	528763543164475
528763546601649	528763579720790	528763559475917
528763563176844	528763596413335	528763576379969
528763579886805	528763612988490	528763594120814
528763596518926	528763629642787	528763610470220
528763613426967	528763646281947	528763628135219
528763630186854	528763662904221	528763644620936
528763646788010	528763679539231	528763661261399
528763663559332	528763696165166	528763677838750
528763679767990	528763712807582	528763694159755
528763696820236	528763729439092	528763710954310
528763713563807	528763746094569	528763728348882
528763730758754	528763779333746	528763746433762
528763763231491	528763795974289	528763763667527
528763780143275	528763812596929	528763791821417
528763796872727	528763829241257	528763808982794
528763813408900	528763845867885	528763825863531
528763830310471	528763862500575	528763842438889
528763846640224	528763879144048	528763858948899
528763863281988	528763895784796	528763876972580
528763879861740	528763912398077	528763893833013
528763896202479	528763929033005	528763910776332
528763913108852	528763945673834	528763927490769
528763929397873	528763962309698	528763943394822
528763946455897	528763978938319	528763960116949
528763962598394	528763995672165	528763976901495
528763979100591	528764012215582	528763993908168
528763995562343	528764028876959	528764010362066
528764012636846	528764045473882	528764027395229
528764028863409	528764062146409	528764043666469
528764045960129	528764078741949	528764062275478
528764079010585	528764112054449	528764079463588
528764095652797	528764128763067	528764096168585
528764112105678	528764145306646	528764127130499
528764129123378	528764161922939	528764143933884
528764147525315	528764178558274	528764158030076
528764163150722	528764195191575	528764174664882
528764179778651	528764211823817	528764191410284
528764196817348	528764228469854	528764207834885
528764212712367	528764245105434	528764225592006
528764229818772	528764261721848	528764242842616

528763713563807	528763746094569	528763728348882
528763730758754	528763779333746	528763746433762
528763763231491	528763795974289	528763763667527
528763780143275	528763812596929	528763791821417
528763796872727	528763829241257	528763808982794
528763813408900	528763845867885	528763825863531
528763830310471	528763862500575	528763842438889
528763846640224	528763879144048	528763858948899
528763863281988	528763895784796	528763876972580
528763879861740	528763912398077	528763893833013
528763896202479	528763929033005	528763910776332
528763913108852	528763945673834	528763927490769
528763929397873	528763962309698	528763943394822
528763946455897	528763978938319	528763960116949
528763962598394	528763995672165	528763976901495
528763979100591	528764012215582	528763993908168
528763995562343	528764028876959	528764010362066
528764012636846	528764045473882	528764027395229
528764028863409	528764062146409	528764043666469
528764045960129	528764078741949	528764062275478
528764079010585	528764112054449	528764079463588
528764095652797	528764128763067	528764096168585
528764112105678	528764145306646	528764127130499
528764129123378	528764161922939	528764143933884
528764147525315	528764178558274	528764158030076
528764163150722	528764195191575	528764174664882
528764179778651	528764211823817	528764191410284
528764196817348	528764228469854	528764207834885
528764212712367	528764245105434	528764225592006
528764229818772	528764261721848	528764242842616
528764246425787	528764278361252	528764259717413
528764262635463	528764295004482	528764275860357
528764279541998	528764311645147	528764293291143
528764297419195	528764328275681	528764308953253
528764313534104	528764344942266	528764326403529
528764330108404	528764378204840	528764345787563
528764362666835	528764394812953	528764363048752
528764379599981	528764411427699	528764391398484
528764396388067	528764428080613	528764408109747
528764412627203	528764444705369	528764425099005
528764428651454	528764461326829	528764441358689
528764445391567	528764477965053	528764457810797
528764461894415	528764494673712	528764475789394
528764478544399	528764511271978	528764492835333
528764494804856	528764527882086	528764508997402
528764511645554	528764544502325	528764525695196
528764528596482	528764561133144	528764542074794
528764544592454	528764577775600	528764558679571
528764561714076	528764594404628	528764575327276
528764577768154	528764611089687	528764592513800
528764594457566	528764627674200	528764609392787
528764610926601	528764644328090	528764626063808
528764627769171	528764660938604	528764644423102
528764661365362	528764694216314	528764661779750
528764677954881	528764710865118	528764679831020
528764694765753	528764727475877	528764707666713
528764711824469	528764744183518	528764724160610
528764728752203	528764760869635	528764740532110
528764745147141	528764777407070	528764758453375
528764762180466	528764794028896	528764776764858
528764779592006	528764810650844	528764790689256

528764330108404	528764378204840	528764345787563
528764362666835	528764394812953	528764363048752
528764379599981	528764411427699	528764391398484
528764396388067	528764428080613	528764408109747
528764412627203	528764444705369	528764425099005
528764428651454	528764461326829	528764441358689
528764445391567	528764477965053	528764457810797
528764461894415	528764494673712	528764475789394
528764478544399	528764511271978	528764492835333
528764494804856	528764527882086	528764508997402
528764511645554	528764544502325	528764525695196
528764528596482	528764561133144	528764542074794
528764544592454	528764577775600	528764558679571
528764561714076	528764594404628	528764575327276
528764577768154	528764611089687	528764592513800
528764594457566	528764627674200	528764609392787
528764610926601	528764644328090	528764626063808
528764627769171	528764660938604	528764644423102
528764661365362	528764694216314	528764661779750
528764677954881	528764710865118	528764679831020
528764694765753	528764727475877	528764707666713
528764711824469	528764744183518	528764724160610
528764728752203	528764760869635	528764740532110
528764745147141	528764777407070	528764758453375
528764762180466	528764794028896	528764776764858
528764779592006	528764810650844	528764790689256
528764795179734	528764827309576	528764805006720
528764811960252	528764843927984	528764820487270
528764828884772	528764860555996	528764837892503
528764845485683	528764877181443	528764854449835
528764862200038	528764893829392	528764871911342
528764879212408	528764910473435	528764889222459
528764895241013	528764927097133	528764907361293
528764912555548	528764943741827	528764923795294
528764928342861	528764960363287	528764941606370
528764944638067	528764976997158	528764956967210
528764961430955	528764993647345	528764970677130
528764978024664	528765010314907	528764987154995
528764994626186	528765026919847	528765004459682
528765011464361	528765043533128	528765021153367
528765027383754	528765060181565	528765039444790
528765043921881	528765076800096	528765055067552
528765060954596	528765093476609	528765072587246
528765077292527	528765110058681	528765089095343
528765093492804	528765126704067	528765106242031
528765110010870	528765143331020	528765122680589
528765127181850	528765159988287	528765140566087
528765143848435	528765176698411	528765157712083
528765164056972	528765193248623	528765175088995
528765177092902	528765209892706	528765193012701
528765210465786	528765243129726	528765210825201
528765226609096	528765259787522	528765227988776
528765243214850	528765276405239	528765257605190
528765260768439	528765293045376	528765275033291
528765276864183	528765309705857	528765290567796
528765293624803	528765326334926	528765307089769
528765310387457	528765342933966	528765325076463
528765327224290	528765359641771	528765341442959
528765343869269	528765376211269	528765356182908
528765361088263	528765392846076	528765372911993
528765377970831	528765409489549	528765389469082
528765394432339	528765426114915	528765406412360

528764928342861	528764960363287	528764941606370
528764944638067	528764976997158	528764956967210
528764961430955	528764993647345	528764970677130
528764978024664	528765010314907	528764987154995
528764994626186	528765026919847	528765004459682
528765011464361	528765043533128	528765021153367
528765027383754	528765060181565	528765039444790
528765043921881	528765076800096	528765055067552
528765060954596	528765093476609	528765072587246
528765077292527	528765110058681	528765089095343
528765093492804	528765126704067	528765106242031
528765110010870	528765143331020	528765122680589
528765127181850	528765159988287	528765140566087
528765143848435	528765176698411	528765157712083
528765164056972	528765193248623	528765175088995
528765177092902	528765209892706	528765193012701
528765210465786	528765243129726	528765210825201
528765226609096	528765259787522	528765227988776
528765243214850	528765276405239	528765257605190
528765260768439	528765293045376	528765275033291
528765276864183	528765309705857	528765290567796
528765293624803	528765326334926	528765307089769
528765310387457	528765342933966	528765325076463
528765327224290	528765359641771	528765341442959
528765343869269	528765376211269	528765356182908
528765361088263	528765392846076	528765372911993
528765377970831	528765409489549	528765389469082
528765394432339	528765426114915	528765406412360
528765410516445	528765442764085	528765423269131
528765427133755	528765459410651	528765439656093
528765443664964	528765476041998	528765457091030
528765461475145	528765492669033	528765475168789
528765477273606	528765509308112	528765492905442
528765493857794	528765525923509	528765507429816
528765510434251	528765542557257	528765522759080
528765527263190	528765559185960	528765539427130
528765544311082	528765575820441	528765557624477
528765559672288	528765592466559	528765572582322
528765576379930	528765609111863	528765589864020
528765593344082	528765625732632	528765607870327
528765609911872	528765642359625	528765624759568
528765626274136	528765659008795	528765639723436
528765642760952	528765675625942	528765655923346
528765659505499	528765692291754	528765673750535
528765676216193	528765708903611	528765690777309
528765692768073	528765725530036	528765708315558
528765709247402	528765742184170	528765724221401
528765725335618	528765758827114	528765740184862
528765742082038	528765775432013	528765756989101
528765758812588	528765792138841	528765773494066
528765776340705	528765808690395	528765790006395
528765792762376	528765825338752	528765807265265
528765809260464	528765841966030	528765823264289
528765826103888	528765858641323	528765841521287
528765842268887	528765875240688	528765856638231
528765859063931	528765891876715	528765872262620
528765876195929	528765908511074	528765888890957
528765892749355	528765925161343	528765906694220
528765910954189	528765941781908	528765924292568
528765926048916	528765958416307	528765939995327
528765942641445	528765975044277	528765956192389
528765959819546	528765991691128	528765972850145
528765975860765	528766008320685	528765989495571

528765493857794	528765525923509	528765507429816
528765510434251	528765542557257	528765522759080
528765527263190	528765559185960	528765539427130
528765544311082	528765575820441	528765557624477
528765559672288	528765592466559	528765572582322
528765576379930	528765609111863	528765589864020
528765593344082	528765625732632	528765607870327
528765609911872	528765642359625	528765624759568
528765626274136	528765659008795	528765639723436
528765642760952	528765675625942	528765655923346
528765659505499	528765692291754	528765673750535
528765676216193	528765708903611	528765690777309
528765692768073	528765725530036	528765708315558
528765709247402	528765742184170	528765724221401
528765725335618	528765758827114	528765740184862
528765742082038	528765775432013	528765756989101
528765758812588	528765792138841	528765773494066
528765776340705	528765808690395	528765790006395
528765792762376	528765825338752	528765807265265
528765809260464	528765841966030	528765823264289
528765826103888	528765858641323	528765841521287
528765842268887	528765875240688	528765856638231
528765859063931	528765891876715	528765872262620
528765876195929	528765908511074	528765888890957
528765892749355	528765925161343	528765906694220
528765910954189	528765941781908	528765924292568
528765926048916	528765958416307	528765939995327
528765942641445	528765975044277	528765956192389
528765959819546	528765991691128	528765972850145
528765975860765	528766008320685	528765989495571
528765993132575	528766024943081	528766006487108
528766010036017	528766041665412	528766022785936
528766026009731	528766058211921	528766039488939
528766043066860	528766074848843	528766056168138
528766059927822	528766091521003	528766073707363
528766076188768	528766108363491	528766089237189
528766093043626	528766141385179	528766109623786
528766110787116	528766158023241	528766124996548
528766130612637	528766174708828	528766157113044
528766159023932	528766191295661	528766172586595
528766175420946	528766207955492	528766188806159
528766192534715	528766224559943	528766206184211
528766208517707	528766241184699	528766222185594
528766224962857	528766257839647	528766238591763
528766241701870	528766274485236	528766255378872
528766258472215	528766291121873	528766272542487
528766274777839	528766307812547	528766290298875
528766291549689	528766324348273	528766308128587
528766324743252	528766357662075	528766324994310
528766341586595	528766374297329	528766342079271
528766358809658	528766390945807	528766371714321
528766375312385	528766407584317	528766390413866
528766391973477	528766440795905	528766407947394
528766409930915	528766457420010	528766423213630
528766428829230	528766474110440	528766455872199
528766458371100	528766490839362	528766472457730
528766474860724	528766507331712	528766491234504
528766492617154	528766540681159	528766509581143
528766525219693	528766557231981	528766527104418
528766541586839	528766573878628	528766556797126
528766558652147	528766590500373	528766573440436
528766575374885	528766607168098	528766589971564
528766591992316	528766623781013	528766607461229

528766093043626	528766141385179	528766109623786
528766110787116	528766158023241	528766124996548
528766130612637	528766174708828	528766157113044
528766159023932	528766191295661	528766172586595
528766175420946	528766207955492	528766188806159
528766192534715	528766224559943	528766206184211
528766208517707	528766241184699	528766222185594
528766224962857	528766257839647	528766238591763
528766241701870	528766274485236	528766255378872
528766258472215	528766291121873	528766272542487
528766274777839	528766307812547	528766290298875
528766291549689	528766324348273	528766308128587
528766324743252	528766357662075	528766324994310
528766341586595	528766374297329	528766342079271
528766358809658	528766390945807	528766371714321
528766375312385	528766407584317	528766390413866
528766391973477	528766440795905	528766407947394
528766409930915	528766457420010	528766423213630
528766428829230	528766474110440	528766455872199
528766458371100	528766490839362	528766472457730
528766474860724	528766507331712	528766491234504
528766492617154	528766540681159	528766509581143
528766525219693	528766557231981	528766527104418
528766541586839	528766573878628	528766556797126
528766558652147	528766590500373	528766573440436
528766575374885	528766607168098	528766589971564
528766591992316	528766623781013	528766607461229
528766611423550	528766640407193	528766623901577
528766624725959	528766657049038	528766639898404
528766641220181	528766673711066	528766656002163
528766657922777	528766690319465	528766671888109
528766674569790	528766706974209	528766688485969
528766691465339	528766723625617	528766705846809
528766708135220	528766740221117	528766722546556
528766724537116	528766756850511	528766739948575
528766740957730	528766773505297	528766754335334
528766757570970	528766790128059	528766770232632
528766774301317	528766806745897	528766786738695
528766792299323	528766823394620	528766803860725
528766807841804	528766840030565	528766821650357
528766824619880	528766856693651	528766838534675
528766841080288	528766873293667	528766855016771
528766857235033	528766889924079	528766871186368
528766874215990	528766906598314	528766887321337
528766891214647	528766923198778	528766904108812
528766907425951	528766939854581	528766922068204
528766923781176	528766956471117	528766938253344
528766940806892	528766973123298	528766955295376
528766957306322	528766989715542	528766970278449
528766974421353	528767006352058	528766986645108
528766991149869	528767022990567	528767003046760
528767008110114	528767039763760	528767020394498
528767024301317	528767056267951	528767039564013
528767040472623	528767072904874	528767053948615
528767058288907	528767089536181	528767067391161
528767073882413	528767106161710	528767082358161
528767090639045	528767122806932	528767098658251
528767107112149	528767139431241	528767116502530
528767123919319	528767156086229	528767133109626
528767141005866	528767172712776	528767150354784
528767157187385	528767189338589	528767167367927
528767173824470	528767205979540	528767183783861
528767190300137	528767222600756	528767201110155

528766792299323	528766823394620	528766803860725
528766807841804	528766840030565	528766821650357
528766824619880	528766856693651	528766838534675
528766841080288	528766873293667	528766855016771
528766857235033	528766889924079	528766871186368
528766874215990	528766906598314	528766887321337
528766891214647	528766923198778	528766904108812
528766907425951	528766939854581	528766922068204
528766923781176	528766956471117	528766938253344
528766940806892	528766973123298	528766955295376
528766957306322	528766989715542	528766970278449
528766974421353	528767006352058	528766986645108
528766991149869	528767022990567	528767003046760
528767008110114	528767039763760	528767020394498
528767024301317	528767056267951	528767039564013
528767040472623	528767072904874	528767053948615
528767058288907	528767089536181	528767067391161
528767073882413	528767106161710	528767082358161
528767090639045	528767122806932	528767098658251
528767107112149	528767139431241	528767116502530
528767123919319	528767156086229	528767133109626
528767141005866	528767172712776	528767150354784
528767157187385	528767189338589	528767167367927
528767173824470	528767205979540	528767183783861
528767190300137	528767222600756	528767201110155
528767207148485	528767239241991	528767218693895
528767223440030	528767255871793	528767235020556
528767239779711	528767272510953	528767251438809
528767259631599	528767289139859	528767267824877
528767272834398	528767305774625	528767284785285
528767289391609	528767322404996	528767303779019
528767306178189	528767339039883	528767320057746
528767322693773	528767355670539	528767337327807
528767339199470	528767372308804	528767351757860
528767355991788	528767388946215	528767368678596
528767372812344	528767405627855	528767385628629
528767389117154	528767422241381	528767402882291
528767405645067	528767438883756	528767420651171
528767422273445	528767455507209	528767437030769
528767438814582	528767472112027	528767454022346
528767455576423	528767488748095	528767468818285
528767472367195	528767505375007	528767485260302
528767489491706	528767522012174	528767501823778
528767506732633	528767538664151	528767518795539
528767522894091	528767555287849	528767535303800
528767539446703	528767571947802	528767552822965
528767556250455	528767588549324	528767569572924
528767572722867	528767605180346	528767585685188
528767589163012	528767621823453	528767601136401
528767605770230	528767638486173	528767618431526
528767624913826	528767655125536	528767634986132
528767639620979	528767671736580	528767651708829
528767656631274	528767688360277	528767669119473
528767673312629	528767705003873	528767685938565
528767689477221	528767721631721	528767703530525
528767706523282	528767738293180	528767719281420
528767722593147	528767754894132	528767735298266
528767739212654	528767771530566	528767752004727
528767756145922	528767788167569	528767768691698
528767773125496	528767804800707	528767785200447
528767790068041	528767821435310	528767801954150
528767806684578	528767838075488	528767818972582
528767822196947	528767854704028	528767834889045

528767339199470	528767372308804	528767351757860
528767355991788	528767388946215	528767368678596
528767372812344	528767405627855	528767385628629
528767389117154	528767422241381	528767402882291
528767405645067	528767438883756	528767420651171
528767422273445	528767455507209	528767437030769
528767438814582	528767472112027	528767454022346
528767455576423	528767488748095	528767468818285
528767472367195	528767505375007	528767485260302
528767489491706	528767522012174	528767501823778
528767506732633	528767538664151	528767518795539
528767522894091	528767555287849	528767535303800
528767539446703	528767571947802	528767552822965
528767556250455	528767588549324	528767569572924
528767572722867	528767605180346	528767585685188
528767589163012	528767621823453	528767601136401
528767605770230	528767638486173	528767618431526
528767624913826	528767655125536	528767634986132
528767639620979	528767671736580	528767651708829
528767656631274	528767688360277	528767669119473
528767673312629	528767705003873	528767685938565
528767689477221	528767721631721	528767703530525
528767706523282	528767738293180	528767719281420
528767722593147	528767754894132	528767735298266
528767739212654	528767771530566	528767752004727
528767756145922	528767788167569	528767768691698
528767773125496	528767804800707	528767785200447
528767790068041	528767821435310	528767801954150
528767806684578	528767838075488	528767818972582
528767822196947	528767854704028	528767834889045
528767838745979	528767871336270	528767851547411
528767855292732	528767887966642	528767868630175
528767871732429	528767904649259	528767885002083
528767888506640	528767921247973	528767901630501
528767905176358	528767937976529	528767919376594
528767921190274	528767954527514	528767938213508
528767954661425	528767987779101	528767955075284
528767971483813	528768004448331	528767972139859
528767988217293	528768021071337	528767997955248
528768004923632	528768037680387	528768015096687
528768020652921	528768054350390	528768032386645
528768039271655	528768070949145	528768049796435
528768054896126	528768087695279	528768069475838
528768070812833	528768104218920	528768082456469
528768088508634	528768120845670	528768099965177
528768105439827	528768137500130	528768116319181
528768122050260	528768154120979	528768133288256
528768139457608	528768170753588	528768150933886
528768155703010	528768187386848	528768167952929
528768172312874	528768204027189	528768184940152
528768188876676	528768220721118	528768201147143
528768205421964	528768237318652	528768219201749
528768222102791	528768253941251	528768236327075
528768237900724	528768270552905	528768250283902
528768254333178	528768287196093	528768267854093
528768271580574	528768303829557	528768284743741
528768288218310	528768320466804	528768301046964
528768304489876	528768337095914	528768320351774
528768321162198	528768353733487	528768335714648
528768337559903	528768370373461	528768348399910
528768354198087	528768387000374	528768365350187
528768371318204	528768403649951	528768382116503
528768387411344	528768420274910	528768399312467

528767954661425	528767987779101	528767955075284
528767971483813	528768004448331	528767972139859
528767988217293	528768021071337	528767997955248
528768004923632	528768037680387	528768015096687
528768020652921	528768054350390	528768032386645
528768039271655	528768070949145	528768049796435
528768054896126	528768087695279	528768069475838
528768070812833	528768104218920	528768082456469
528768088508634	528768120845670	528768099965177
528768105439827	528768137500130	528768116319181
528768122050260	528768154120979	528768133288256
528768139457608	528768170753588	528768150933886
528768155703010	528768187386848	528768167952929
528768172312874	528768204027189	528768184940152
528768188876676	528768220721118	528768201147143
528768205421964	528768237318652	528768219201749
528768222102791	528768253941251	528768236327075
528768237900724	528768270552905	528768250283902
528768254333178	528768287196093	528768267854093
528768271580574	528768303829557	528768284743741
528768288218310	528768320466804	528768301046964
528768304489876	528768337095914	528768320351774
528768321162198	528768353733487	528768335714648
528768337559903	528768370373461	528768348399910
528768354198087	528768387000374	528768365350187
528768371318204	528768403649951	528768382116503
528768387411344	528768420274910	528768399312467
528768404074267	528768436903613	528768418405769
528768420754402	528768453530769	528768433783536
528768437733081	528768470167936	528768450708667
528768454196948	528768486814379	528768467772021
528768471303881	528768503446622	528768484089241
528768487327685	528768520085416	528768500973071
528768504204475	528768536706347	528768517286710
528768520791064	528768553329679	528768535487190
528768537015104	528768569964200	528768549500944
528768553857592	528768586648038	528768566090909
528768570401945	528768603288541	528768582752408
528768587466764	528768619878873	528768600258105
528768604410978	528768636511808	528768616667854
528768621325610	528768653164640	528768635988370
528768637279874	528768669763598	528768651755216
528768653827238	528768686402881	528768666731657
528768670224943	528768703060799	528768681852872
528768687147347	528768719692513	528768698571907
528768704003141	528768736317228	528768715312142
528768721773771	528768753002653	528768733989917
528768736876391	528768769615690	528768751746956
528768753900724	528768786226367	528768768319588
528768770446216	528768802849129	528768783100634
528768787362068	528768819480965	528768799927091
528768804135302	528768836107796	528768816532153
528768820382739	528768852750903	528768835322355
528768837023445	528768869390063	528768849721972
528768853844205	528768886055021	528768866724048
528768870282397	528768902700569	528768884859505
528768887722094	528768919281014	528768902439380
528768903440804	528768935924162	528768918211922
528768920337858	528768952561287	528768933441089
528768936855395	528768969196704	528768950747078
528768953508146	528768985808439	528768967925057
528768970156706	528769002450529	528768982601286
528768986108651	528769019090462	528768999306323

528768553857592	528768586648038	528768566090909
528768570401945	528768603288541	528768582752408
528768587466764	528768619878873	528768600258105
528768604410978	528768636511808	528768616667854
528768621325610	528768653164640	528768635988370
528768637279874	528768669763598	528768651755216
528768653827238	528768686402881	528768666731657
528768670224943	528768703060799	528768681852872
528768687147347	528768719692513	528768698571907
528768704003141	528768736317228	528768715312142
528768721773771	528768753002653	528768733989917
528768736876391	528768769615690	528768751746956
528768753900724	528768786226367	528768768319588
528768770446216	528768802849129	528768783100634
528768787362068	528768819480965	528768799927091
528768804135302	528768836107796	528768816532153
528768820382739	528768852750903	528768835322355
528768837023445	528768869390063	528768849721972
528768853844205	528768886055021	528768866724048
528768870282397	528768902700569	528768884859505
528768887722094	528768919281014	528768902439380
528768903440804	528768935924162	528768918211922
528768920337858	528768952561287	528768933441089
528768936855395	528768969196704	528768950747078
528768953508146	528768985808439	528768967925057
528768970156706	528769002450529	528768982601286
528768986108651	528769019090462	528768999306323
528769002939705	528769035720792	528769015661588
528769019540047	528769052363411	528769032452523
528769036344165	528769068989429	528769048708830
528769052947803	528769085646574	528769065610400
528769069546435	528769102257739	528769081741097
528769086431364	528769118899259	528769098354663
528769103292936	528769135556730	528769115842090
528769119677010	528769152173144	528769134001269
528769135578581	528769168826912	528769148384896
528769152244393	528769185438485	528769166506437
528769169791878	528769202072925	528769182743253
528769185631763	528769218854582	528769198347990
528769202298144	528769235377368	528769215669564
528769219496794	528769252189014	528769232555347
528769236167651	528769268619596	528769248388314
528769254914559	528769285238208	528769266757739
528769270092659	528769301880867	528769282232308
528769286140837	528769318588550	528769299304858
528769303223844	528769335136890	528769315998503
528769319841805	528769351777108	528769333275439
528769336757617	528769368407438	528769349099780
528769353181486	528769385064136	528769365917855
528769370005379	528769401684863	528769382584359
528769386362272	528769418318490	528769399460783
528769403241504	528769434966195	528769415811898
528769419367643	528769451640755	528769435075244
528769435821623	528769468210051	528769449207731
528769452460295	528769484843189	528769466822274
528769469421191	528769501472949	528769483186735
528769486468229	528769518108814	528769499044482
528769503164762	528769534744881	528769516060718
528769518849943	528769551378833	528769532805672
528769536000049	528769568017749	528769549045947
528769552277637	528769584647388	528769566647225
528769568587126	528769601281462	528769583192147
528769584930998	528769617919483	528769599881030

528769086431364	528769118899259	528769098354663
528769103292936	528769135556730	528769115842090
528769119677010	528769152173144	528769134001269
528769135578581	528769168826912	528769148384896
528769152244393	528769185438485	528769166506437
528769169791878	528769202072925	528769182743253
528769185631763	528769218854582	528769198347990
528769202298144	528769235377368	528769215669564
528769219496794	528769252189014	528769232555347
528769236167651	528769268619596	528769248388314
528769254914559	528769285238208	528769266757739
528769270092659	528769301880867	528769282232308
528769286140837	528769318588550	528769299304858
528769303223844	528769335136890	528769315998503
528769319841805	528769351777108	528769333275439
528769336757617	528769368407438	528769349099780
528769353181486	528769385064136	528769365917855
528769370005379	528769401684863	528769382584359
528769386362272	528769418318490	528769399460783
528769403241504	528769434966195	528769415811898
528769419367643	528769451640755	528769435075244
528769435821623	528769468210051	528769449207731
528769452460295	528769484843189	528769466822274
528769469421191	528769501472949	528769483186735
528769486468229	528769518108814	528769499044482
528769503164762	528769534744881	528769516060718
528769518849943	528769551378833	528769532805672
528769536000049	528769568017749	528769549045947
528769552277637	528769584647388	528769566647225
528769568587126	528769601281462	528769583192147
528769584930998	528769617919483	528769599881030
528769601597258	528769634605558	528769616291960
528769618308968	528769651188607	528769632363330
528769634802824	528769667810881	528769648764535
528769651384041	528769684453744	528769665463184
528769668180347	528769701082935	528769682806039
528769684850513	528769717732105	528769700053597
528769701538420	528769734348641	528769716773934
528769718146289	528769751040658	528769733823902
528769734406787	528769784282316	528769751600350
528769767714567	528769800995003	528769768558602
528769785209400	528769834172331	528769802014657
528769818363412	528769850816293	528769820244719
528769834362028	528769867421924	528769850220996
528769851270598	528769884143115	528769865666472
528769867763599	528769900705331	528769881219735
528769885242562	528769917333016	528769897926400
528769901437142	528769933963387	528769914509367
528769918525847	528769950608651	528769930859750
528769935668832	528769967238127	528769947689787
528769951861621	528769983863005	528769964595915
528769968199553	528770000511035	528769980846485
528769985018319	528770017141488	528769997734546
528770002003996	528770033807626	528770014528410
528770018686898	528770050455900	528770032544279
528770034783212	528770067043343	528770047960295
528770052305428	528770083803272	528770064695402
528770068841398	528770100396615	528770082672616
528770086014942	528770116936735	528770100731942
528770118287443	528770150226001	528770118815764
528770135009082	528770166845101	528770135371794
528770151674895	528770183478239	528770162903329

528769668180347	528769701082935	528769682806039
528769684850513	528769717732105	528769700053597
528769701538420	528769734348641	528769716773934
528769718146289	528769751040658	528769733823902
528769734406787	528769784282316	528769751600350
528769767714567	528769800995003	528769768558602
528769785209400	528769834172331	528769802014657
528769818363412	528769850816293	528769820244719
528769834362028	528769867421924	528769850220996
528769851270598	528769884143115	528769865666472
528769867763599	528769900705331	528769881219735
528769885242562	528769917333016	528769897926400
528769901437142	528769933963387	528769914509367
528769918525847	528769950608651	528769930859750
528769935668832	528769967238127	528769947689787
528769951861621	528769983863005	528769964595915
528769968199553	528770000511035	528769980846485
528769985018319	528770017141488	528769997734546
528770002003996	528770033807626	528770014528410
528770018686898	528770050455900	528770032544279
528770034783212	528770067043343	528770047960295
528770052305428	528770083803272	528770064695402
528770068841398	528770100396615	528770082672616
528770086014942	528770116936735	528770100731942
528770118287443	528770150226001	528770118815764
528770135009082	528770166845101	528770135371794
528770151674895	528770183478239	528770162903329
528770167764169	528770200116219	528770180076140
528770184859139	528770216753549	528770196802377
528770200689624	528770233370777	528770212891407
528770217419198	528770250021900	528770230423511
528770234049040	528770266663339	528770247863168
528770250999602	528770283281625	528770264059538
528770267421151	528770299924651	528770280606047
528770284394947	528770316562020	528770298061817
528770300956592	528770333199594	528770315775196
528770319386198	528770349855844	528770330875782
528770333608855	528770383158578	528770351164519
528770366350839	528770399732268	528770366919320
528770383084074	528770416372771	528770397228809
528770399607227	528770432985971	528770414105681
528770416253671	528770449738412	528770432476693
528770432977995	528770466293384	528770449073414
528770450434335	528770482906950	528770464962737
528770466670337	528770499531869	528770480396005
528770483407968	528770516174488	528770497717050
528770500292367	528770532797006	528770513753630
528770517227711	528770549426360	528770529907154
528770534157439	528770566103199	528770547164600
528770550670704	528770582703541	528770563149870
528770567745614	528770599341236	528770583024504
528770583604989	528770615975595	528770598503508
528770600381397	528770632609872	528770613063282
528770616981373	528770649241749	528770629691252
528770633619597	528770665910613	528770646714812
528770650239551	528770682504810	528770662936288
528770667429249	528770699135507	528770680470386
528770683690398	528770715790577	528770698426889
528770700356454	528770732406706	528770712119638
528770716889250	528770749046273	528770730071094
528770732867400	528770765770720	528770745807463

528770300956592	528770333199594	528770315775196
528770319386198	528770349855844	528770330875782
528770333608855	528770383158578	528770351164519
528770366350839	528770399732268	528770366919320
528770383084074	528770416372771	528770397228809
528770399607227	528770432985971	528770414105681
528770416253671	528770449738412	528770432476693
528770432977995	528770466293384	528770449073414
528770450434335	528770482906950	528770464962737
528770466670337	528770499531869	528770480396005
528770483407968	528770516174488	528770497717050
528770500292367	528770532797006	528770513753630
528770517227711	528770549426360	528770529907154
528770534157439	528770566103199	528770547164600
528770550670704	528770582703541	528770563149870
528770567745614	528770599341236	528770583024504
528770583604989	528770615975595	528770598503508
528770600381397	528770632609872	528770613063282
528770616981373	528770649241749	528770629691252
528770633619597	528770665910613	528770646714812
528770650239551	528770682504810	528770662936288
528770667429249	528770699135507	528770680470386
528770683690398	528770715790577	528770698426889
528770700356454	528770732406706	528770712119638
528770716889250	528770749046273	528770730071094
528770732867400	528770765770720	528770745807463
528770750109628	528770782308684	528770762262908
528770766295867	528770798943612	528770779867685
528770782709156	528770815611011	528770795332691
528770799382618	528770832205941	528770811743376
528770816968067	528770848840178	528770828644174
528770833038787	528770865499561	528770846029428
528770849321013	528770882108611	528770863279143
528770867062102	528770898779957	528770881047942
528770882721689	528770915427784	528770895302092
528770898722055	528770932059335	528770914945240
528770932165536	528770965336231	528770932655120
528770949265390	528770981911304	528770950364185
528770965857471	528770998658090	528770978687061
528770982277393	528771015218108	528770995193735
528770998897551	528771031830779	528771012463876
528771015472340	528771048455901	528771028709970
528771032320891	528771065091399	528771045348031
528771048924814	528771081728280	528771061592701
528771065624317	528771098362476	528771078191456
528771082363331	528771114994882	528771094628468
528771099714487	528771131625335	528771111386402
528771116523650	528771148259937	528771128790170
528771133154387	528771164905771	528771145882170
528771149945606	528771181606129	528771162069467
528771166498544	528771198167286	528771178831064
528771182888844	528771214793954	528771197230112
528771199374521	528771231426970	528771212132374
528771216959278	528771248160287	528771228944142
528771232492074	528771264714202	528771246090341
528771249045379	528771281342945	528771262482797
528771265593800	528771297969939	528771279741464
528771281917286	528771314689544	528771295953541
528771298775807	528771331242644	528771313902027
528771315395842	528771347873585	528771331400318
528771332199716	528771364511646	528771346342050
528771348457325	528771381139413	528771362130543

